{"type": "FeatureCollection", "features": [{"type": "Feature", "geometry": {"type": "MultiPolygon", "coordinates": [[[[52.4483, 24.0976], [52.4482, 24.0973], [52.447, 24.0983], [52.4462, 24.0986], [52.4453, 24.0992], [52.4443, 24.1], [52.4435, 24.1005], [52.4426, 24.1007], [52.4419, 24.1005], [52.4405, 24.1001], [52.4398, 24.1], [52.4396, 24.1005], [52.4392, 24.1018], [52.4386, 24.1034], [52.4378, 24.104], [52.4369, 24.1041], [52.4357, 24.1044], [52.4346, 24.1048], [52.4344, 24.1053], [52.4339, 24.1062], [52.4341, 24.1072], [52.4344, 24.1083], [52.4342, 24.1093], [52.4335, 24.11], [52.4326, 24.1113], [52.4324, 24.1118], [52.4321, 24.1121], [52.4321, 24.1131], [52.4318, 24.1135], [52.4314, 24.1139], [52.4314, 24.1145], [52.4315, 24.1149], [52.4318, 24.1152], [52.4321, 24.1153], [52.4324, 24.1154], [52.4322, 24.1157], [52.4316, 24.1157], [52.4313, 24.1157], [52.4313, 24.1158], [52.4316, 24.1162], [52.4322, 24.1173], [52.4327, 24.1184], [52.4331, 24.1189], [52.4334, 24.1192], [52.4338, 24.1192], [52.4348, 24.1201], [52.4354, 24.1202], [52.436, 24.1204], [52.4363, 24.1206], [52.437, 24.1211], [52.4379, 24.122], [52.4387, 24.1225], [52.4394, 24.1225], [52.44, 24.1221], [52.4412, 24.1216], [52.4426, 24.1212], [52.4438, 24.121], [52.4457, 24.1201], [52.4462, 24.1197], [52.4469, 24.1189], [52.4474, 24.1181], [52.4476, 24.1176], [52.4476, 24.1167], [52.4474, 24.1165], [52.4472, 24.1162], [52.4472, 24.1156], [52.4472, 24.1147], [52.447, 24.1143], [52.4468, 24.114], [52.4466, 24.1135], [52.4464, 24.113], [52.446, 24.1126], [52.446, 24.112], [52.4459, 24.1109], [52.4455, 24.1105], [52.4455, 24.1095], [52.4451, 24.1093], [52.4448, 24.1091], [52.4447, 24.1086], [52.4441, 24.1083], [52.4438, 24.1079], [52.4436, 24.1072], [52.4438, 24.1067], [52.444, 24.1056], [52.444, 24.1051], [52.4442, 24.1046], [52.445, 24.1029], [52.4452, 24.1016], [52.4454, 24.1008], [52.4453, 24.1006], [52.4452, 24.1003], [52.4456, 24.0997], [52.4465, 24.0989], [52.4472, 24.0986], [52.4483, 24.0976]]], [[[53.0169, 24.1547], [53.0188, 24.1532], [53.0212, 24.1513], [53.0269, 24.1471], [53.0294, 24.144], [53.0303, 24.142], [53.0261, 24.1425], [53.0188, 24.144], [53.0154, 24.1471], [53.0093, 24.1547], [53.0084, 24.1597], [53.0103, 24.1623], [53.0127, 24.1578], [53.0169, 24.1547]]], [[[51.9869, 24.1515], [51.9865, 24.152], [51.9861, 24.1524], [51.9855, 24.1523], [51.985, 24.1518], [51.9851, 24.1512], [51.9855, 24.1507], [51.9855, 24.1504], [51.9851, 24.1502], [51.9846, 24.1504], [51.984, 24.1506], [51.9836, 24.1507], [51.9827, 24.1511], [51.9819, 24.152], [51.9812, 24.153], [51.9806, 24.1536], [51.9802, 24.1545], [51.9804, 24.1563], [51.9805, 24.1571], [51.9808, 24.1576], [51.9813, 24.1583], [51.9817, 24.1586], [51.9825, 24.1587], [51.9836, 24.1587], [51.9841, 24.1585], [51.9849, 24.1581], [51.9851, 24.1571], [51.9854, 24.1568], [51.9855, 24.1564], [51.9877, 24.1517], [51.9878, 24.1513], [51.9873, 24.1513], [51.9869, 24.1515]]], [[[52.0028, 24.1607], [52.0031, 24.1603], [52.0037, 24.1601], [52.0042, 24.1601], [52.004, 24.1598], [52.0037, 24.1596], [52.0036, 24.1591], [52.0039, 24.1588], [52.0035, 24.1587], [52.0033, 24.1588], [52.003, 24.1587], [52.0023, 24.1587], [52.0018, 24.1583], [52.0015, 24.1585], [52.0008, 24.1584], [52.0002, 24.1581], [51.9999, 24.1574], [51.9995, 24.1574], [51.9991, 24.1572], [51.9986, 24.1572], [51.9982, 24.1576], [51.9979, 24.1577], [51.9978, 24.1576], [51.9974, 24.1573], [51.9969, 24.1574], [51.9967, 24.1578], [51.9967, 24.1581], [51.9967, 24.1582], [51.9969, 24.1591], [51.997, 24.1591], [51.997, 24.1594], [51.9974, 24.1595], [51.9978, 24.1596], [51.9984, 24.1595], [51.9988, 24.1595], [51.9994, 24.1592], [52.0005, 24.1596], [52.0013, 24.1599], [52.0015, 24.1605], [52.0019, 24.1609], [52.0025, 24.161], [52.0028, 24.1607]]], [[[53.0611, 24.1606], [53.0595, 24.1601], [53.0553, 24.1602], [53.0496, 24.1595], [53.0476, 24.1595], [53.0427, 24.1575], [53.0416, 24.156], [53.0395, 24.155], [53.0378, 24.1568], [53.0333, 24.1575], [53.0311, 24.1591], [53.0333, 24.1602], [53.038, 24.16], [53.0415, 24.16], [53.0444, 24.16], [53.0515, 24.1619], [53.0598, 24.1639], [53.0627, 24.1622], [53.0611, 24.1606]]], [[[52.821, 24.171], [52.8195, 24.1723], [52.818, 24.1731], [52.8167, 24.1736], [52.8158, 24.1737], [52.8139, 24.1745], [52.8121, 24.1753], [52.8109, 24.176], [52.8103, 24.1765], [52.8111, 24.1763], [52.8116, 24.1759], [52.8122, 24.1757], [52.8126, 24.1762], [52.8135, 24.1766], [52.8138, 24.1772], [52.8134, 24.1779], [52.8131, 24.1786], [52.8126, 24.1788], [52.8119, 24.179], [52.8123, 24.1792], [52.8122, 24.1795], [52.8118, 24.1797], [52.8115, 24.1803], [52.8121, 24.1803], [52.8129, 24.18], [52.8135, 24.1798], [52.8139, 24.1797], [52.8143, 24.1796], [52.815, 24.1794], [52.8153, 24.1792], [52.8158, 24.1789], [52.8168, 24.1785], [52.8183, 24.1774], [52.819, 24.1765], [52.8189, 24.1762], [52.8184, 24.1764], [52.8181, 24.1769], [52.817, 24.1778], [52.8161, 24.1783], [52.8154, 24.1783], [52.8154, 24.1778], [52.8159, 24.1776], [52.8167, 24.1769], [52.8175, 24.1761], [52.8181, 24.1752], [52.8178, 24.1749], [52.8167, 24.176], [52.8163, 24.1761], [52.8166, 24.1754], [52.8171, 24.175], [52.8187, 24.174], [52.8201, 24.1732], [52.8211, 24.1721], [52.823, 24.1713], [52.8243, 24.1711], [52.8248, 24.1711], [52.8248, 24.1714], [52.8244, 24.1718], [52.8248, 24.1718], [52.8254, 24.1715], [52.8251, 24.171], [52.8242, 24.1701], [52.8233, 24.1694], [52.8235, 24.1689], [52.8233, 24.1688], [52.8225, 24.1698], [52.8219, 24.1706], [52.821, 24.171]]], [[[52.8942, 24.1824], [52.8958, 24.1823], [52.896, 24.1821], [52.8945, 24.182], [52.8929, 24.1819], [52.8911, 24.1811], [52.8904, 24.1803], [52.8873, 24.1788], [52.8869, 24.1788], [52.8887, 24.1797], [52.8891, 24.18], [52.8898, 24.1805], [52.8909, 24.1829], [52.8917, 24.1836], [52.8942, 24.1824]]], [[[52.9484, 24.1853], [52.9486, 24.1858], [52.949, 24.1863], [52.9489, 24.1861], [52.9488, 24.1858], [52.9487, 24.1852], [52.9484, 24.1843], [52.9482, 24.1837], [52.9482, 24.1842], [52.9481, 24.1845], [52.9481, 24.185], [52.9484, 24.1853]]], [[[51.9983, 24.183], [51.9985, 24.1826], [51.9993, 24.1819], [52.0001, 24.1818], [52.0012, 24.1822], [52.0013, 24.1825], [52.0015, 24.1833], [52.0014, 24.1839], [52.0016, 24.1842], [52.0023, 24.1841], [52.0023, 24.1831], [52.0021, 24.1826], [52.0022, 24.182], [52.0022, 24.1814], [52.0018, 24.1808], [52.0019, 24.1802], [52.0016, 24.1802], [52.001, 24.1804], [52.0006, 24.1798], [52.0005, 24.1789], [52.0, 24.179], [51.9996, 24.1784], [51.9999, 24.1777], [52.0, 24.1768], [52.0001, 24.1765], [52.0, 24.1762], [52.0002, 24.1755], [52.0005, 24.1751], [52.0004, 24.1745], [52.0004, 24.1737], [52.0004, 24.1733], [52.0009, 24.1716], [52.0012, 24.1704], [52.0012, 24.1698], [52.0007, 24.1695], [51.9998, 24.1696], [51.9992, 24.1692], [51.9992, 24.1691], [51.9988, 24.1683], [51.9988, 24.168], [52.0, 24.1665], [52.0003, 24.1664], [52.0007, 24.1664], [52.0013, 24.1666], [52.0012, 24.1669], [52.0014, 24.1674], [52.0017, 24.1677], [52.0018, 24.1683], [52.0024, 24.1684], [52.0027, 24.1679], [52.0025, 24.1674], [52.0025, 24.1669], [52.0026, 24.1665], [52.0024, 24.1656], [52.0025, 24.1651], [52.0018, 24.1653], [52.0012, 24.1648], [52.001, 24.1652], [52.0005, 24.1653], [51.9999, 24.1661], [51.999, 24.1672], [51.9983, 24.1676], [51.9965, 24.1673], [51.9961, 24.1668], [51.9956, 24.1665], [51.9949, 24.1663], [51.9946, 24.1668], [51.9944, 24.1676], [51.9941, 24.1686], [51.9938, 24.1692], [51.9934, 24.1694], [51.9931, 24.1694], [51.9928, 24.1692], [51.9927, 24.1692], [51.9924, 24.1697], [51.992, 24.17], [51.9913, 24.1705], [51.9908, 24.1707], [51.99, 24.1706], [51.9894, 24.1705], [51.9887, 24.1702], [51.9878, 24.1695], [51.9874, 24.1693], [51.987, 24.1688], [51.9869, 24.1692], [51.9868, 24.1695], [51.9866, 24.1699], [51.9869, 24.1704], [51.9869, 24.1709], [51.9867, 24.1713], [51.9865, 24.1716], [51.9863, 24.1719], [51.9864, 24.1732], [51.9871, 24.1739], [51.9876, 24.1747], [51.9879, 24.1753], [51.9878, 24.1762], [51.9877, 24.1766], [51.9885, 24.1774], [51.9884, 24.1785], [51.9887, 24.1786], [51.9885, 24.1791], [51.988, 24.1798], [51.9886, 24.18], [51.9887, 24.1807], [51.989, 24.1812], [51.9888, 24.1819], [51.9884, 24.182], [51.9884, 24.1832], [51.9896, 24.185], [51.9896, 24.1856], [51.99, 24.1877], [51.9899, 24.188], [51.99, 24.1884], [51.991, 24.1894], [51.991, 24.1913], [51.9904, 24.192], [51.9904, 24.1942], [51.9907, 24.195], [51.9909, 24.1958], [51.9912, 24.1961], [51.9912, 24.1969], [51.9918, 24.1979], [51.9927, 24.199], [51.9931, 24.2], [51.993, 24.2006], [51.9925, 24.2007], [51.9922, 24.2006], [51.9919, 24.2008], [51.9918, 24.2015], [51.992, 24.2025], [51.9941, 24.2045], [51.994, 24.2055], [51.9941, 24.2058], [51.9936, 24.2067], [51.9934, 24.2074], [51.9935, 24.2077], [51.9941, 24.2065], [51.9949, 24.2061], [51.9953, 24.2055], [51.9962, 24.2058], [51.9965, 24.2061], [51.9974, 24.2066], [51.9988, 24.2066], [51.999, 24.2061], [51.9992, 24.2056], [51.999, 24.2043], [51.9989, 24.2031], [51.9993, 24.2026], [51.9994, 24.2023], [52.0, 24.1992], [52.0004, 24.1979], [52.0007, 24.1978], [52.0007, 24.1973], [52.0004, 24.1967], [52.0003, 24.1963], [52.0005, 24.1958], [52.0007, 24.1947], [52.0008, 24.1941], [52.0006, 24.1937], [52.0004, 24.1929], [52.0002, 24.1928], [52.0, 24.1922], [52.0001, 24.1912], [51.9998, 24.1903], [51.9991, 24.1895], [51.9987, 24.1889], [51.9985, 24.1883], [51.9987, 24.1875], [51.9991, 24.1869], [51.9994, 24.1868], [51.9995, 24.185], [51.9994, 24.1843], [51.9993, 24.1838], [51.9987, 24.1838], [51.9984, 24.1837], [51.9983, 24.183]]], [[[52.9451, 24.1873], [52.9451, 24.1872], [52.9451, 24.1871], [52.9452, 24.1868], [52.9448, 24.1869], [52.9445, 24.1869], [52.944, 24.1867], [52.9434, 24.1861], [52.9432, 24.1862], [52.9432, 24.1864], [52.9436, 24.1869], [52.9436, 24.1871], [52.9435, 24.1874], [52.9434, 24.1876], [52.9432, 24.1877], [52.9431, 24.1879], [52.9432, 24.1879], [52.9434, 24.188], [52.9437, 24.1883], [52.9437, 24.189], [52.9438, 24.1897], [52.9439, 24.19], [52.9439, 24.1901], [52.9439, 24.1902], [52.9441, 24.19], [52.9443, 24.1899], [52.9444, 24.1897], [52.9444, 24.1895], [52.9445, 24.1892], [52.9446, 24.1887], [52.9447, 24.1885], [52.9451, 24.188], [52.9453, 24.1877], [52.9454, 24.1875], [52.9454, 24.1874], [52.9452, 24.1873], [52.9451, 24.1873]]], [[[52.9498, 24.1918], [52.9494, 24.1924], [52.9483, 24.1925], [52.948, 24.1923], [52.947, 24.1923], [52.9462, 24.1921], [52.9457, 24.192], [52.9457, 24.1934], [52.9449, 24.1938], [52.9449, 24.1947], [52.9446, 24.1952], [52.9445, 24.1961], [52.9445, 24.1975], [52.944, 24.1981], [52.9421, 24.1982], [52.9421, 24.1989], [52.9419, 24.1991], [52.9415, 24.1997], [52.941, 24.2006], [52.9407, 24.2015], [52.9404, 24.2026], [52.9405, 24.2026], [52.9404, 24.2029], [52.941, 24.2026], [52.9415, 24.2022], [52.9418, 24.2016], [52.9425, 24.2014], [52.9431, 24.2009], [52.9434, 24.1997], [52.9438, 24.1991], [52.9455, 24.1988], [52.9463, 24.1985], [52.9468, 24.1984], [52.9468, 24.1983], [52.9471, 24.1983], [52.9471, 24.1969], [52.9472, 24.1967], [52.9478, 24.1963], [52.9489, 24.1955], [52.9491, 24.1949], [52.9498, 24.1939], [52.9512, 24.1926], [52.9525, 24.1915], [52.9536, 24.1902], [52.9537, 24.1901], [52.9537, 24.1899], [52.9537, 24.1896], [52.9535, 24.1894], [52.9531, 24.1893], [52.9528, 24.189], [52.9525, 24.1889], [52.952, 24.1887], [52.9514, 24.1886], [52.951, 24.1886], [52.9509, 24.1887], [52.9505, 24.1893], [52.9503, 24.1906], [52.9498, 24.1918]]], [[[52.7928, 24.2023], [52.7931, 24.2018], [52.7929, 24.2017], [52.792, 24.2018], [52.7913, 24.2015], [52.7907, 24.2005], [52.7903, 24.1993], [52.7901, 24.1992], [52.7892, 24.1994], [52.7882, 24.1993], [52.7867, 24.199], [52.7859, 24.1988], [52.7846, 24.1987], [52.7834, 24.1987], [52.7827, 24.1983], [52.7822, 24.1982], [52.7816, 24.1984], [52.7814, 24.1988], [52.7822, 24.1994], [52.7828, 24.1993], [52.7837, 24.1993], [52.7845, 24.1996], [52.7861, 24.2004], [52.7872, 24.201], [52.7881, 24.2017], [52.7878, 24.2022], [52.7882, 24.2024], [52.7886, 24.2024], [52.7892, 24.2025], [52.7902, 24.2025], [52.791, 24.2029], [52.7908, 24.2033], [52.791, 24.2037], [52.7919, 24.2038], [52.7926, 24.2039], [52.7927, 24.2035], [52.7928, 24.203], [52.7928, 24.2023]]], [[[51.8653, 24.2193], [51.866, 24.2198], [51.8667, 24.2204], [51.8671, 24.2202], [51.8674, 24.2199], [51.8676, 24.2196], [51.8677, 24.2197], [51.8677, 24.2181], [51.8672, 24.2178], [51.8665, 24.217], [51.8664, 24.2163], [51.8664, 24.2155], [51.8656, 24.2148], [51.8655, 24.2141], [51.8646, 24.2128], [51.864, 24.2117], [51.8621, 24.2109], [51.8611, 24.2095], [51.8606, 24.209], [51.8604, 24.2085], [51.86, 24.2069], [51.8597, 24.2069], [51.8599, 24.2077], [51.8601, 24.2088], [51.8607, 24.2103], [51.8608, 24.2109], [51.8609, 24.211], [51.8609, 24.2112], [51.8607, 24.2121], [51.8609, 24.2128], [51.8614, 24.2135], [51.8617, 24.2139], [51.8618, 24.2145], [51.8619, 24.215], [51.8621, 24.216], [51.8618, 24.2164], [51.8618, 24.2171], [51.8617, 24.2175], [51.862, 24.2177], [51.8621, 24.218], [51.8631, 24.2183], [51.8644, 24.2187], [51.8653, 24.2193]]], [[[52.0225, 24.2372], [52.0229, 24.2346], [52.0234, 24.2345], [52.0237, 24.2344], [52.0239, 24.234], [52.0241, 24.2338], [52.0245, 24.2333], [52.0244, 24.2326], [52.0247, 24.2323], [52.0248, 24.2318], [52.0246, 24.2311], [52.0243, 24.2308], [52.0238, 24.2307], [52.0239, 24.2302], [52.0244, 24.2297], [52.0241, 24.2288], [52.0236, 24.2285], [52.0235, 24.2264], [52.0231, 24.2264], [52.023, 24.2265], [52.0226, 24.2264], [52.0224, 24.2259], [52.0217, 24.2254], [52.0215, 24.2242], [52.0199, 24.222], [52.0198, 24.2203], [52.0195, 24.2199], [52.0188, 24.2198], [52.0186, 24.2197], [52.0186, 24.2191], [52.0183, 24.2186], [52.018, 24.2182], [52.0177, 24.2181], [52.0176, 24.2182], [52.0173, 24.2182], [52.0161, 24.2177], [52.0152, 24.217], [52.015, 24.2164], [52.0143, 24.2164], [52.0142, 24.2162], [52.0137, 24.2151], [52.0129, 24.2134], [52.0122, 24.2127], [52.0118, 24.2126], [52.0118, 24.212], [52.0115, 24.2118], [52.0107, 24.2116], [52.0084, 24.21], [52.0089, 24.2092], [52.0091, 24.2087], [52.009, 24.2084], [52.0085, 24.2084], [52.0083, 24.2086], [52.008, 24.2088], [52.0074, 24.2093], [52.0072, 24.2097], [52.0068, 24.21], [52.0061, 24.2101], [52.0058, 24.2104], [52.0056, 24.2105], [52.0055, 24.2111], [52.0048, 24.2117], [52.005, 24.213], [52.0048, 24.2134], [52.0043, 24.2139], [52.0033, 24.214], [52.003, 24.2138], [52.0029, 24.2135], [52.0025, 24.2136], [52.0026, 24.2144], [52.0021, 24.2153], [52.0015, 24.2157], [52.0006, 24.2159], [52.0, 24.2155], [51.9997, 24.2156], [51.9991, 24.2157], [51.9988, 24.2155], [51.9983, 24.2156], [51.9977, 24.2163], [51.9974, 24.2164], [51.9967, 24.2159], [51.9966, 24.2161], [51.996, 24.2167], [51.996, 24.2171], [51.9983, 24.2191], [51.9986, 24.2209], [51.998, 24.2214], [51.9976, 24.2218], [51.9979, 24.2223], [51.9984, 24.2227], [51.999, 24.2233], [51.9992, 24.2239], [51.9995, 24.2245], [52.0005, 24.2254], [52.0009, 24.2261], [52.0008, 24.2273], [52.0009, 24.2283], [52.0011, 24.2295], [52.0014, 24.2302], [52.0012, 24.2342], [52.0014, 24.2349], [52.0016, 24.2351], [52.0018, 24.2359], [52.0019, 24.2364], [52.0018, 24.2371], [52.0018, 24.2374], [52.0018, 24.238], [52.0016, 24.2386], [52.0008, 24.2396], [52.001, 24.2403], [52.0007, 24.2411], [52.0007, 24.2415], [52.0007, 24.2419], [52.0013, 24.2425], [52.0015, 24.2432], [52.0016, 24.2435], [52.0017, 24.2437], [52.0015, 24.244], [52.0015, 24.2442], [52.0018, 24.2446], [52.0023, 24.2452], [52.0029, 24.2463], [52.003, 24.2467], [52.0024, 24.247], [52.0025, 24.2475], [52.0029, 24.2479], [52.0031, 24.2483], [52.0036, 24.2485], [52.0036, 24.2489], [52.0045, 24.2499], [52.0048, 24.2497], [52.005, 24.2504], [52.0055, 24.2509], [52.0064, 24.2514], [52.0069, 24.2521], [52.008, 24.2528], [52.0085, 24.2527], [52.0122, 24.2544], [52.0121, 24.2547], [52.0121, 24.2551], [52.0124, 24.2555], [52.0127, 24.256], [52.0131, 24.2562], [52.0135, 24.256], [52.0146, 24.2558], [52.0153, 24.2552], [52.0164, 24.2543], [52.0174, 24.254], [52.0183, 24.2539], [52.0195, 24.2537], [52.0198, 24.2533], [52.0207, 24.2525], [52.0212, 24.2514], [52.0213, 24.2519], [52.021, 24.2529], [52.0211, 24.2529], [52.0219, 24.2523], [52.0218, 24.2513], [52.0217, 24.2509], [52.0217, 24.2502], [52.0222, 24.2498], [52.0228, 24.2496], [52.0228, 24.2492], [52.0224, 24.2485], [52.0221, 24.2481], [52.0221, 24.2475], [52.0224, 24.2469], [52.0233, 24.2465], [52.0237, 24.2457], [52.0243, 24.2455], [52.0247, 24.2456], [52.025, 24.2457], [52.0251, 24.2453], [52.0252, 24.2447], [52.0258, 24.2445], [52.0261, 24.2444], [52.0251, 24.2442], [52.0242, 24.2443], [52.0243, 24.2429], [52.0229, 24.2424], [52.0229, 24.2413], [52.0232, 24.2402], [52.0238, 24.2393], [52.0238, 24.2383], [52.0234, 24.2381], [52.0226, 24.238], [52.0225, 24.2372]]], [[[51.5846, 24.2522], [51.5843, 24.252], [51.5841, 24.252], [51.584, 24.2519], [51.5839, 24.2519], [51.5835, 24.2516], [51.5832, 24.2515], [51.5831, 24.2515], [51.5831, 24.2514], [51.5829, 24.2514], [51.5827, 24.2513], [51.5825, 24.2513], [51.5824, 24.2512], [51.582, 24.2512], [51.5818, 24.2511], [51.5817, 24.2511], [51.5816, 24.2511], [51.5814, 24.251], [51.5813, 24.251], [51.5812, 24.251], [51.5811, 24.2509], [51.5811, 24.2508], [51.581, 24.2507], [51.5809, 24.2512], [51.5808, 24.2521], [51.5808, 24.2522], [51.5808, 24.2526], [51.5807, 24.2523], [51.5807, 24.2526], [51.5811, 24.2529], [51.5822, 24.253], [51.5842, 24.253], [51.5855, 24.2532], [51.5863, 24.2532], [51.5867, 24.2537], [51.5876, 24.2544], [51.5882, 24.2547], [51.5882, 24.2546], [51.5881, 24.2546], [51.5881, 24.2545], [51.5881, 24.2544], [51.588, 24.2544], [51.5878, 24.2543], [51.5872, 24.254], [51.5871, 24.2539], [51.587, 24.2538], [51.5869, 24.2537], [51.5868, 24.2536], [51.5867, 24.2535], [51.5866, 24.2535], [51.5866, 24.2534], [51.5865, 24.2534], [51.5865, 24.2533], [51.5865, 24.2532], [51.5864, 24.253], [51.5863, 24.253], [51.5863, 24.2529], [51.586, 24.2528], [51.5854, 24.2525], [51.5849, 24.2523], [51.5846, 24.2522]]], [[[52.603, 24.2531], [52.5982, 24.2512], [52.5939, 24.2495], [52.5926, 24.2495], [52.5887, 24.2515], [52.5882, 24.2516], [52.5879, 24.252], [52.5873, 24.2524], [52.5862, 24.2539], [52.5861, 24.2562], [52.5865, 24.258], [52.5876, 24.2604], [52.5889, 24.2603], [52.5892, 24.2601], [52.5891, 24.2591], [52.5895, 24.2585], [52.5909, 24.2585], [52.5918, 24.2584], [52.5924, 24.2586], [52.5927, 24.2591], [52.5925, 24.2597], [52.5924, 24.2604], [52.5921, 24.2606], [52.5917, 24.2604], [52.5912, 24.2603], [52.5906, 24.2604], [52.5903, 24.2609], [52.5907, 24.2609], [52.5911, 24.2608], [52.5914, 24.2611], [52.5912, 24.2613], [52.5908, 24.2616], [52.5908, 24.2623], [52.5913, 24.2627], [52.5919, 24.263], [52.5925, 24.2635], [52.592, 24.2637], [52.5915, 24.264], [52.5906, 24.2644], [52.5896, 24.2645], [52.5896, 24.2642], [52.5895, 24.264], [52.5891, 24.264], [52.5889, 24.2636], [52.5881, 24.2617], [52.5878, 24.2617], [52.5888, 24.2644], [52.5899, 24.2666], [52.5903, 24.2683], [52.5905, 24.2688], [52.591, 24.2689], [52.5912, 24.2688], [52.5922, 24.2682], [52.5959, 24.2638], [52.5977, 24.2622], [52.5988, 24.2615], [52.5988, 24.2611], [52.5987, 24.2607], [52.598, 24.2589], [52.5979, 24.2575], [52.598, 24.257], [52.5986, 24.2563], [52.5994, 24.256], [52.6006, 24.2562], [52.6011, 24.2568], [52.6015, 24.2581], [52.6016, 24.2626], [52.6029, 24.2632], [52.6037, 24.264], [52.6049, 24.2645], [52.6057, 24.2645], [52.6069, 24.2647], [52.6078, 24.2656], [52.6079, 24.2667], [52.608, 24.2667], [52.6079, 24.2656], [52.6072, 24.2649], [52.6076, 24.2612], [52.6084, 24.2582], [52.6084, 24.2569], [52.6072, 24.255], [52.6062, 24.254], [52.603, 24.2531]]], [[[51.6859, 24.2726], [51.6858, 24.2733], [51.6864, 24.2735], [51.6869, 24.2737], [51.687, 24.2745], [51.6872, 24.2748], [51.6873, 24.275], [51.6876, 24.2754], [51.6883, 24.2755], [51.6885, 24.2755], [51.6889, 24.2753], [51.6895, 24.2747], [51.6898, 24.2743], [51.6899, 24.274], [51.6902, 24.2733], [51.6901, 24.2726], [51.6901, 24.2721], [51.6899, 24.2716], [51.6897, 24.2708], [51.6896, 24.2703], [51.6891, 24.2701], [51.6886, 24.2702], [51.6879, 24.2703], [51.6872, 24.2707], [51.6866, 24.271], [51.6861, 24.2717], [51.6859, 24.2726]]], [[[53.2151, 24.2949], [53.2138, 24.2887], [53.2113, 24.2853], [53.2055, 24.2842], [53.1981, 24.2857], [53.1936, 24.2891], [53.189, 24.293], [53.1866, 24.2995], [53.1866, 24.3063], [53.1868, 24.3066], [53.1885, 24.3094], [53.1917, 24.3132], [53.1966, 24.3136], [53.2, 24.3113], [53.2036, 24.3074], [53.2036, 24.3025], [53.2081, 24.3009], [53.2119, 24.3001], [53.2162, 24.2987], [53.2151, 24.2949]]], [[[52.8748, 24.3062], [52.8752, 24.3064], [52.8754, 24.3065], [52.8756, 24.3067], [52.8759, 24.3068], [52.8765, 24.3069], [52.8772, 24.3069], [52.8775, 24.3073], [52.8779, 24.3073], [52.8785, 24.3073], [52.8787, 24.3073], [52.8794, 24.3069], [52.8799, 24.3067], [52.8798, 24.3063], [52.8796, 24.3057], [52.8797, 24.3056], [52.8795, 24.3051], [52.879, 24.3043], [52.879, 24.3041], [52.8792, 24.3036], [52.8796, 24.303], [52.8802, 24.3022], [52.8812, 24.3012], [52.882, 24.3006], [52.8828, 24.3001], [52.8835, 24.2999], [52.8841, 24.2994], [52.8839, 24.2993], [52.884, 24.2989], [52.8839, 24.2986], [52.8834, 24.2983], [52.883, 24.2979], [52.8826, 24.2972], [52.8821, 24.2961], [52.8818, 24.2952], [52.8815, 24.2952], [52.8814, 24.299], [52.8811, 24.3004], [52.881, 24.3011], [52.8797, 24.3027], [52.8791, 24.303], [52.8789, 24.3031], [52.8786, 24.3032], [52.8782, 24.303], [52.8779, 24.3027], [52.8771, 24.3026], [52.8759, 24.3028], [52.8752, 24.3031], [52.8746, 24.3034], [52.8743, 24.3041], [52.8745, 24.3051], [52.8745, 24.3052], [52.8745, 24.3055], [52.8746, 24.3059], [52.8748, 24.3062]]], [[[52.6496, 24.33], [52.6497, 24.3271], [52.6497, 24.3234], [52.6496, 24.3214], [52.6494, 24.3204], [52.6496, 24.3192], [52.6494, 24.3153], [52.6493, 24.3125], [52.6492, 24.312], [52.6485, 24.3119], [52.6485, 24.3126], [52.6488, 24.3133], [52.649, 24.3211], [52.649, 24.3277], [52.649, 24.3314], [52.6488, 24.3329], [52.6485, 24.3345], [52.648, 24.3361], [52.6468, 24.3366], [52.6465, 24.3365], [52.6467, 24.3353], [52.6467, 24.334], [52.6461, 24.3333], [52.646, 24.3326], [52.6461, 24.331], [52.6459, 24.3309], [52.6453, 24.33], [52.6454, 24.3289], [52.645, 24.3283], [52.6445, 24.3273], [52.6443, 24.3268], [52.6444, 24.3262], [52.6442, 24.3253], [52.6435, 24.3238], [52.6434, 24.3225], [52.6435, 24.3206], [52.6443, 24.3175], [52.6446, 24.3162], [52.6446, 24.3152], [52.6447, 24.3139], [52.6447, 24.3135], [52.6449, 24.3132], [52.6447, 24.3125], [52.6445, 24.312], [52.6443, 24.3115], [52.6441, 24.3107], [52.6434, 24.3094], [52.6429, 24.3082], [52.6426, 24.3072], [52.6423, 24.3057], [52.6423, 24.3042], [52.6419, 24.3033], [52.6414, 24.3026], [52.6401, 24.3017], [52.6385, 24.3009], [52.6359, 24.2994], [52.6349, 24.2988], [52.6337, 24.2966], [52.6322, 24.2948], [52.6308, 24.2931], [52.6304, 24.2935], [52.6306, 24.2944], [52.6339, 24.3013], [52.6334, 24.3014], [52.6331, 24.3006], [52.6302, 24.2943], [52.6297, 24.2936], [52.6287, 24.2934], [52.628, 24.2933], [52.6284, 24.2942], [52.6285, 24.2949], [52.6282, 24.2951], [52.6276, 24.295], [52.6276, 24.2948], [52.6275, 24.2943], [52.6272, 24.2941], [52.6267, 24.2946], [52.6263, 24.295], [52.6261, 24.2949], [52.6259, 24.2943], [52.6259, 24.2938], [52.6262, 24.2935], [52.6264, 24.2934], [52.6192, 24.2864], [52.6195, 24.2862], [52.6211, 24.2878], [52.6268, 24.2934], [52.6269, 24.2928], [52.6266, 24.292], [52.6273, 24.2914], [52.6284, 24.291], [52.6289, 24.2909], [52.6299, 24.2915], [52.6292, 24.2906], [52.6285, 24.2884], [52.6281, 24.2869], [52.6278, 24.2861], [52.6277, 24.2859], [52.6276, 24.2849], [52.6277, 24.2846], [52.6281, 24.2846], [52.6283, 24.2846], [52.6281, 24.2842], [52.6273, 24.2834], [52.6264, 24.2826], [52.6261, 24.2819], [52.6259, 24.2812], [52.6251, 24.2782], [52.6249, 24.277], [52.6243, 24.2757], [52.6233, 24.2738], [52.622, 24.2727], [52.6209, 24.2722], [52.6193, 24.2726], [52.6154, 24.2742], [52.613, 24.2762], [52.6135, 24.2761], [52.6165, 24.2747], [52.617, 24.2746], [52.6178, 24.2744], [52.6198, 24.2751], [52.6207, 24.2755], [52.621, 24.2759], [52.621, 24.2762], [52.6206, 24.2763], [52.6204, 24.2764], [52.6205, 24.2767], [52.6211, 24.2772], [52.6215, 24.2776], [52.6219, 24.278], [52.6218, 24.2784], [52.6217, 24.2786], [52.6214, 24.2787], [52.6215, 24.2796], [52.6217, 24.2798], [52.6225, 24.2802], [52.6232, 24.2811], [52.6233, 24.2821], [52.6217, 24.2835], [52.6192, 24.2834], [52.619, 24.2832], [52.6188, 24.283], [52.618, 24.283], [52.6169, 24.2823], [52.6165, 24.2822], [52.616, 24.2822], [52.6147, 24.2812], [52.6125, 24.2788], [52.6123, 24.2785], [52.6121, 24.2783], [52.6113, 24.2781], [52.6107, 24.278], [52.6092, 24.2765], [52.6086, 24.2756], [52.6084, 24.2745], [52.608, 24.2741], [52.608, 24.2736], [52.608, 24.2733], [52.6085, 24.2729], [52.6081, 24.2727], [52.6077, 24.2724], [52.6071, 24.2717], [52.6052, 24.269], [52.6047, 24.2683], [52.6055, 24.2681], [52.6083, 24.2708], [52.6086, 24.2706], [52.6056, 24.2679], [52.6064, 24.2661], [52.6062, 24.266], [52.6055, 24.2679], [52.604, 24.268], [52.6018, 24.2647], [52.602, 24.2645], [52.6018, 24.2642], [52.6014, 24.264], [52.6009, 24.2637], [52.6002, 24.2633], [52.5994, 24.2626], [52.599, 24.2622], [52.5985, 24.2624], [52.5981, 24.2629], [52.5979, 24.2631], [52.5969, 24.2647], [52.5959, 24.2669], [52.5947, 24.2689], [52.5929, 24.271], [52.592, 24.2714], [52.5921, 24.2717], [52.592, 24.2722], [52.5913, 24.2727], [52.5886, 24.2745], [52.5821, 24.28], [52.5789, 24.2832], [52.576, 24.2858], [52.5756, 24.2857], [52.5755, 24.2859], [52.5756, 24.2864], [52.5753, 24.2867], [52.5748, 24.2872], [52.5741, 24.2874], [52.5737, 24.2874], [52.5736, 24.287], [52.574, 24.2865], [52.5772, 24.2831], [52.5793, 24.2807], [52.5804, 24.2798], [52.5804, 24.2793], [52.5855, 24.2732], [52.5872, 24.2713], [52.5887, 24.2702], [52.5896, 24.2698], [52.5855, 24.262], [52.5851, 24.2612], [52.5836, 24.2609], [52.5825, 24.2614], [52.5704, 24.2766], [52.5673, 24.2804], [52.5577, 24.2923], [52.5548, 24.297], [52.553, 24.3019], [52.5522, 24.3088], [52.5533, 24.3168], [52.5583, 24.3366], [52.5591, 24.3415], [52.5598, 24.3454], [52.5612, 24.35], [52.565, 24.3548], [52.576, 24.3625], [52.579, 24.3641], [52.5843, 24.3618], [52.5847, 24.3612], [52.584, 24.3608], [52.5838, 24.3603], [52.5837, 24.36], [52.5838, 24.3597], [52.5852, 24.3601], [52.5864, 24.3601], [52.5876, 24.3599], [52.5884, 24.3597], [52.5887, 24.3592], [52.5895, 24.3589], [52.5896, 24.3585], [52.5901, 24.3581], [52.5917, 24.3582], [52.5953, 24.3592], [52.5968, 24.3602], [52.5972, 24.3608], [52.5977, 24.3615], [52.5985, 24.3611], [52.5987, 24.3618], [52.5984, 24.3624], [52.5978, 24.3622], [52.5975, 24.3627], [52.5979, 24.363], [52.598, 24.3636], [52.5984, 24.3652], [52.5985, 24.3667], [52.5967, 24.3658], [52.591, 24.3636], [52.5904, 24.3643], [52.5903, 24.3649], [52.5913, 24.365], [52.5929, 24.366], [52.5937, 24.3671], [52.5956, 24.3672], [52.5983, 24.3679], [52.5988, 24.3679], [52.5989, 24.3672], [52.5996, 24.3667], [52.6008, 24.3666], [52.6015, 24.367], [52.6018, 24.3691], [52.6017, 24.3704], [52.6091, 24.3716], [52.6125, 24.3721], [52.6193, 24.3721], [52.6219, 24.3723], [52.6223, 24.3718], [52.6232, 24.3715], [52.6236, 24.3715], [52.6268, 24.3704], [52.6298, 24.3687], [52.6312, 24.3674], [52.6327, 24.3655], [52.6335, 24.364], [52.6379, 24.3569], [52.6405, 24.3533], [52.6409, 24.3522], [52.6409, 24.3512], [52.6412, 24.3506], [52.6411, 24.3504], [52.641, 24.3502], [52.6422, 24.3484], [52.6424, 24.348], [52.6428, 24.3475], [52.643, 24.3468], [52.644, 24.3448], [52.6446, 24.3438], [52.6448, 24.3433], [52.6453, 24.3429], [52.6457, 24.3421], [52.6462, 24.3398], [52.6467, 24.3381], [52.647, 24.337], [52.6471, 24.3368], [52.648, 24.3362], [52.649, 24.3339], [52.6496, 24.3318], [52.6496, 24.33]]], [[[53.0773, 24.324], [53.0743, 24.3282], [53.0773, 24.3311], [53.077, 24.337], [53.0804, 24.339], [53.0815, 24.3396], [53.0857, 24.3412], [53.0896, 24.343], [53.0925, 24.3441], [53.0953, 24.3412], [53.0957, 24.3373], [53.0972, 24.3342], [53.0964, 24.33], [53.0961, 24.3254], [53.0968, 24.3204], [53.0981, 24.3186], [53.1015, 24.3175], [53.1025, 24.3147], [53.1025, 24.3128], [53.0991, 24.3147], [53.0964, 24.3183], [53.0942, 24.3196], [53.0904, 24.319], [53.0847, 24.3197], [53.0792, 24.3217], [53.0773, 24.324]]], [[[52.8443, 24.3605], [52.8442, 24.3605], [52.8441, 24.3602], [52.8442, 24.3602], [52.8443, 24.3601], [52.8443, 24.36], [52.8441, 24.3598], [52.8441, 24.3594], [52.844, 24.3592], [52.8439, 24.3596], [52.8437, 24.3596], [52.8434, 24.3596], [52.8431, 24.3594], [52.8428, 24.3594], [52.8426, 24.3592], [52.8424, 24.3595], [52.8427, 24.3596], [52.8433, 24.3598], [52.8437, 24.3599], [52.8438, 24.3599], [52.8439, 24.3602], [52.844, 24.3605], [52.8442, 24.3608], [52.8449, 24.362], [52.8462, 24.363], [52.8466, 24.3633], [52.8472, 24.3637], [52.8485, 24.3643], [52.8486, 24.3648], [52.8489, 24.3637], [52.8485, 24.3634], [52.8479, 24.3632], [52.8477, 24.3631], [52.8479, 24.3627], [52.848, 24.3628], [52.8484, 24.3629], [52.8484, 24.3628], [52.8483, 24.3627], [52.8483, 24.3618], [52.8483, 24.3614], [52.8484, 24.3612], [52.848, 24.3611], [52.8477, 24.3613], [52.8478, 24.3617], [52.8478, 24.3623], [52.8476, 24.3622], [52.8476, 24.3618], [52.8475, 24.3618], [52.8475, 24.3623], [52.8478, 24.3624], [52.8476, 24.3627], [52.8474, 24.3629], [52.847, 24.363], [52.8466, 24.363], [52.8461, 24.3626], [52.8455, 24.3621], [52.845, 24.3616], [52.8447, 24.3612], [52.8444, 24.3607], [52.8444, 24.3606], [52.8445, 24.3604], [52.8446, 24.3602], [52.8445, 24.3599], [52.8444, 24.3597], [52.8443, 24.3597], [52.8444, 24.36], [52.8445, 24.3602], [52.8445, 24.3603], [52.8444, 24.3605], [52.8443, 24.3605]]], [[[52.7636, 24.3636], [52.7636, 24.3631], [52.7635, 24.3625], [52.7634, 24.3622], [52.7633, 24.3617], [52.7631, 24.3611], [52.7629, 24.3608], [52.7627, 24.3607], [52.7627, 24.361], [52.7626, 24.3613], [52.7625, 24.3617], [52.7624, 24.3623], [52.7624, 24.3625], [52.7625, 24.3628], [52.7626, 24.3631], [52.7629, 24.3634], [52.7632, 24.3635], [52.7635, 24.3636], [52.7636, 24.3636]]], [[[52.8602, 24.3621], [52.8598, 24.3617], [52.8596, 24.3617], [52.8595, 24.3618], [52.8593, 24.3621], [52.8593, 24.3625], [52.8598, 24.3628], [52.8607, 24.3632], [52.8605, 24.3627], [52.8602, 24.3621]]], [[[51.5342, 24.3908], [51.5338, 24.3908], [51.5339, 24.3911], [51.5342, 24.3911], [51.5343, 24.3911], [51.5345, 24.3914], [51.5347, 24.3912], [51.535, 24.3912], [51.5351, 24.391], [51.5352, 24.3909], [51.5354, 24.3907], [51.5353, 24.3903], [51.5353, 24.39], [51.5351, 24.3899], [51.535, 24.3902], [51.5346, 24.3904], [51.5342, 24.3908]]], [[[52.7791, 24.3926], [52.7802, 24.392], [52.7804, 24.3917], [52.7804, 24.391], [52.7801, 24.3899], [52.7797, 24.3895], [52.7794, 24.3894], [52.7793, 24.3892], [52.7789, 24.3892], [52.7783, 24.3891], [52.7779, 24.389], [52.7775, 24.3887], [52.7773, 24.3886], [52.7769, 24.3884], [52.777, 24.3887], [52.7773, 24.3893], [52.7772, 24.39], [52.7767, 24.3904], [52.7758, 24.3909], [52.7752, 24.3914], [52.7755, 24.392], [52.7758, 24.3927], [52.7766, 24.3932], [52.778, 24.393], [52.7791, 24.3926]]], [[[52.7657, 24.3919], [52.7651, 24.3919], [52.765, 24.392], [52.7647, 24.392], [52.7641, 24.392], [52.7639, 24.3927], [52.7644, 24.3931], [52.7646, 24.3935], [52.7646, 24.3942], [52.7634, 24.3947], [52.7616, 24.3956], [52.7613, 24.3955], [52.7609, 24.395], [52.7614, 24.3935], [52.7615, 24.3926], [52.7628, 24.3916], [52.7644, 24.3908], [52.7651, 24.3907], [52.7655, 24.3904], [52.7656, 24.3901], [52.766, 24.3901], [52.7661, 24.3901], [52.7662, 24.39], [52.7658, 24.3896], [52.7653, 24.3896], [52.7647, 24.3897], [52.7642, 24.3901], [52.7637, 24.3905], [52.7633, 24.3908], [52.7626, 24.3911], [52.7624, 24.3912], [52.7623, 24.3912], [52.7617, 24.3915], [52.7613, 24.3917], [52.7609, 24.3938], [52.7607, 24.3944], [52.7607, 24.3949], [52.761, 24.3958], [52.761, 24.3963], [52.7617, 24.3959], [52.7642, 24.3948], [52.7661, 24.3938], [52.767, 24.3929], [52.7676, 24.3924], [52.7681, 24.3907], [52.7687, 24.3899], [52.7697, 24.3894], [52.7707, 24.3887], [52.7708, 24.3883], [52.771, 24.3882], [52.7712, 24.3876], [52.7715, 24.3871], [52.7737, 24.386], [52.7735, 24.3859], [52.7711, 24.3871], [52.771, 24.3872], [52.7684, 24.389], [52.7678, 24.3896], [52.7678, 24.3897], [52.7669, 24.3904], [52.767, 24.3903], [52.7667, 24.3902], [52.7663, 24.3908], [52.7662, 24.3909], [52.7661, 24.3912], [52.7659, 24.3917], [52.7662, 24.3918], [52.7664, 24.3917], [52.7667, 24.3916], [52.767, 24.3917], [52.7672, 24.3921], [52.7671, 24.3925], [52.7666, 24.393], [52.7661, 24.3933], [52.7652, 24.3938], [52.7654, 24.393], [52.766, 24.392], [52.7657, 24.3919]]], [[[51.4991, 24.394], [51.4991, 24.3935], [51.4988, 24.3935], [51.4985, 24.3933], [51.4982, 24.3933], [51.498, 24.3937], [51.498, 24.394], [51.4983, 24.394], [51.4986, 24.3941], [51.4986, 24.3944], [51.4991, 24.3945], [51.4992, 24.3944], [51.4991, 24.394]]], [[[51.5018, 24.3946], [51.5017, 24.3949], [51.5015, 24.3951], [51.5013, 24.3952], [51.5013, 24.3956], [51.5012, 24.3957], [51.501, 24.3959], [51.5011, 24.3968], [51.5011, 24.3973], [51.5008, 24.3975], [51.5004, 24.3978], [51.5003, 24.3977], [51.5002, 24.398], [51.5001, 24.3983], [51.5, 24.3987], [51.5003, 24.3987], [51.5005, 24.3987], [51.501, 24.3992], [51.501, 24.3995], [51.5009, 24.3997], [51.5009, 24.3999], [51.5013, 24.4002], [51.5024, 24.4003], [51.5033, 24.4005], [51.5038, 24.4006], [51.5042, 24.4006], [51.5042, 24.4003], [51.504, 24.3999], [51.5039, 24.3995], [51.5036, 24.3993], [51.5031, 24.3994], [51.5027, 24.3995], [51.5022, 24.3993], [51.5021, 24.399], [51.5021, 24.3973], [51.5027, 24.396], [51.5034, 24.3954], [51.5041, 24.395], [51.5049, 24.3946], [51.5052, 24.3944], [51.5052, 24.3941], [51.5049, 24.3938], [51.5044, 24.3935], [51.5041, 24.3931], [51.504, 24.3925], [51.5036, 24.3919], [51.5034, 24.3915], [51.5033, 24.3904], [51.5033, 24.3896], [51.5033, 24.3895], [51.503, 24.3898], [51.5028, 24.3901], [51.5028, 24.3906], [51.5028, 24.3919], [51.5027, 24.3923], [51.5026, 24.3925], [51.5025, 24.3928], [51.5021, 24.3931], [51.502, 24.3934], [51.502, 24.3937], [51.5019, 24.394], [51.5018, 24.3943], [51.5018, 24.3946]]], [[[51.7157, 24.4041], [51.7179, 24.4053], [51.7195, 24.4036], [51.7186, 24.4004], [51.7176, 24.3986], [51.7166, 24.3965], [51.7162, 24.3932], [51.715, 24.394], [51.7146, 24.3972], [51.7146, 24.402], [51.7157, 24.4041]]], [[[51.5068, 24.4022], [51.5066, 24.4021], [51.5064, 24.4019], [51.5062, 24.4017], [51.5061, 24.4015], [51.5061, 24.4016], [51.5057, 24.4016], [51.5054, 24.4014], [51.5052, 24.4014], [51.5052, 24.4016], [51.5056, 24.4018], [51.5062, 24.4022], [51.5067, 24.4028], [51.5069, 24.403], [51.5068, 24.4031], [51.5068, 24.4034], [51.507, 24.4033], [51.5071, 24.4033], [51.5072, 24.403], [51.5071, 24.4026], [51.5068, 24.4022]]], [[[51.5617, 24.4057], [51.562, 24.4058], [51.5627, 24.4061], [51.5628, 24.4059], [51.563, 24.4056], [51.5634, 24.4051], [51.5629, 24.4047], [51.5621, 24.4042], [51.5616, 24.4042], [51.5617, 24.4057]]], [[[51.5555, 24.4073], [51.5554, 24.4078], [51.5553, 24.4079], [51.5553, 24.4081], [51.5555, 24.4083], [51.5556, 24.4082], [51.5558, 24.408], [51.5559, 24.4079], [51.5559, 24.4074], [51.5558, 24.4071], [51.5556, 24.4071], [51.5555, 24.4073]]], [[[51.5572, 24.4106], [51.5573, 24.4105], [51.5573, 24.4103], [51.5572, 24.4102], [51.5571, 24.41], [51.5569, 24.4098], [51.5568, 24.41], [51.5567, 24.4102], [51.5568, 24.4104], [51.557, 24.4105], [51.5572, 24.4106]]], [[[51.5671, 24.4114], [51.5668, 24.4123], [51.5665, 24.4131], [51.5665, 24.414], [51.5666, 24.4149], [51.5665, 24.416], [51.5663, 24.4163], [51.566, 24.4166], [51.5655, 24.4168], [51.5649, 24.4172], [51.5644, 24.4176], [51.5637, 24.4177], [51.5631, 24.4176], [51.5626, 24.418], [51.5622, 24.4184], [51.5623, 24.4187], [51.5626, 24.4186], [51.5628, 24.4186], [51.5635, 24.4186], [51.5639, 24.4185], [51.5641, 24.4183], [51.5644, 24.4182], [51.5648, 24.4186], [51.5651, 24.4188], [51.5653, 24.419], [51.5657, 24.4191], [51.5659, 24.4192], [51.5662, 24.4194], [51.5666, 24.4197], [51.567, 24.4197], [51.5673, 24.4196], [51.5676, 24.4194], [51.5684, 24.4189], [51.5689, 24.4189], [51.5692, 24.4191], [51.5699, 24.4189], [51.5705, 24.4185], [51.5709, 24.4178], [51.5711, 24.4172], [51.5705, 24.4164], [51.5692, 24.416], [51.5685, 24.4157], [51.5686, 24.415], [51.5683, 24.4129], [51.5686, 24.4121], [51.5688, 24.4115], [51.569, 24.4113], [51.5688, 24.4109], [51.5685, 24.4102], [51.5682, 24.4095], [51.5678, 24.4095], [51.5675, 24.4091], [51.5673, 24.4089], [51.5672, 24.4086], [51.5673, 24.4034], [51.567, 24.403], [51.5665, 24.4029], [51.5659, 24.4027], [51.5657, 24.4022], [51.5656, 24.403], [51.5657, 24.404], [51.5657, 24.4042], [51.5658, 24.4045], [51.5666, 24.4049], [51.5664, 24.4095], [51.5665, 24.4101], [51.567, 24.4105], [51.5671, 24.4114]]], [[[51.5577, 24.4114], [51.5577, 24.4111], [51.5575, 24.4111], [51.5574, 24.4113], [51.5573, 24.4116], [51.5569, 24.4118], [51.557, 24.4119], [51.557, 24.4123], [51.5574, 24.4122], [51.5575, 24.412], [51.5577, 24.4118], [51.5577, 24.4116], [51.5577, 24.4114]]], [[[51.5554, 24.4048], [51.5555, 24.4039], [51.5572, 24.4028], [51.5589, 24.4026], [51.561, 24.4025], [51.5616, 24.4024], [51.5614, 24.4018], [51.5617, 24.4013], [51.5624, 24.4009], [51.5629, 24.4009], [51.5634, 24.401], [51.5638, 24.4009], [51.5636, 24.4004], [51.563, 24.4003], [51.5622, 24.4001], [51.562, 24.4001], [51.5617, 24.4004], [51.5612, 24.4004], [51.5605, 24.4005], [51.56, 24.4007], [51.5597, 24.401], [51.5592, 24.401], [51.5586, 24.401], [51.5583, 24.4012], [51.5574, 24.4015], [51.5567, 24.4019], [51.556, 24.4021], [51.5552, 24.4022], [51.5545, 24.4023], [51.5544, 24.4025], [51.5545, 24.4028], [51.5541, 24.4032], [51.5537, 24.4036], [51.5532, 24.404], [51.5527, 24.4043], [51.5525, 24.4048], [51.5523, 24.4048], [51.5522, 24.405], [51.5521, 24.4058], [51.5519, 24.4063], [51.5515, 24.4067], [51.5513, 24.4071], [51.5513, 24.4078], [51.5511, 24.4084], [51.5504, 24.4085], [51.5497, 24.4086], [51.5493, 24.4089], [51.5493, 24.4092], [51.5491, 24.4094], [51.5475, 24.4093], [51.5461, 24.4092], [51.5448, 24.4087], [51.5442, 24.4082], [51.5441, 24.4079], [51.5445, 24.4068], [51.5443, 24.4071], [51.5439, 24.4081], [51.5426, 24.408], [51.5404, 24.407], [51.5397, 24.4067], [51.5392, 24.4065], [51.5388, 24.4062], [51.5385, 24.4061], [51.5383, 24.4063], [51.5382, 24.4064], [51.5378, 24.4062], [51.5371, 24.4055], [51.5369, 24.405], [51.5367, 24.4045], [51.5367, 24.4038], [51.5373, 24.4038], [51.5376, 24.4037], [51.5377, 24.4033], [51.5377, 24.4029], [51.5373, 24.4027], [51.5369, 24.4021], [51.5366, 24.4019], [51.5362, 24.4016], [51.5356, 24.4015], [51.5355, 24.4013], [51.5355, 24.4018], [51.5355, 24.4022], [51.5352, 24.4023], [51.5348, 24.4026], [51.5345, 24.4026], [51.5345, 24.4029], [51.5341, 24.403], [51.5342, 24.4036], [51.5341, 24.4045], [51.5335, 24.4052], [51.5324, 24.4055], [51.5319, 24.4058], [51.5322, 24.4061], [51.5322, 24.4066], [51.5322, 24.4075], [51.5324, 24.4075], [51.5327, 24.4071], [51.5329, 24.407], [51.5336, 24.407], [51.5339, 24.4073], [51.5342, 24.4078], [51.534, 24.4085], [51.5337, 24.4087], [51.5334, 24.4092], [51.5335, 24.4099], [51.5338, 24.4095], [51.5339, 24.4093], [51.5344, 24.409], [51.5352, 24.4091], [51.5356, 24.4089], [51.5363, 24.4086], [51.5367, 24.4084], [51.5372, 24.4087], [51.5379, 24.4093], [51.5382, 24.4096], [51.5379, 24.4107], [51.5373, 24.4108], [51.5358, 24.411], [51.5346, 24.4122], [51.5343, 24.4128], [51.5351, 24.4131], [51.5355, 24.4134], [51.5356, 24.4139], [51.5359, 24.414], [51.5361, 24.4141], [51.5365, 24.4136], [51.5372, 24.4136], [51.5388, 24.4142], [51.5396, 24.4145], [51.5396, 24.4151], [51.54, 24.4151], [51.5406, 24.4153], [51.541, 24.416], [51.5408, 24.416], [51.5404, 24.4162], [51.5404, 24.4176], [51.5406, 24.4171], [51.5413, 24.417], [51.5417, 24.417], [51.5419, 24.4175], [51.5421, 24.4179], [51.5422, 24.4182], [51.5423, 24.4191], [51.5425, 24.4192], [51.5427, 24.4194], [51.543, 24.4198], [51.5433, 24.4199], [51.5437, 24.4199], [51.5442, 24.4198], [51.5444, 24.4204], [51.5444, 24.4211], [51.5446, 24.4218], [51.5456, 24.4234], [51.5458, 24.4241], [51.5461, 24.4241], [51.5469, 24.4236], [51.5478, 24.4229], [51.5482, 24.4223], [51.5485, 24.4214], [51.549, 24.4211], [51.5499, 24.4207], [51.5509, 24.4201], [51.5521, 24.4198], [51.5541, 24.4198], [51.5565, 24.4196], [51.5578, 24.4196], [51.558, 24.4191], [51.5574, 24.4191], [51.5572, 24.4185], [51.5575, 24.4181], [51.5578, 24.4177], [51.5581, 24.4173], [51.558, 24.417], [51.5573, 24.417], [51.5569, 24.4167], [51.5567, 24.4164], [51.5563, 24.4163], [51.5559, 24.4165], [51.5561, 24.4172], [51.5551, 24.418], [51.5543, 24.4181], [51.5532, 24.4174], [51.553, 24.4166], [51.5531, 24.4155], [51.5536, 24.415], [51.5537, 24.4145], [51.5534, 24.4135], [51.5526, 24.4128], [51.5524, 24.4124], [51.5523, 24.4116], [51.5523, 24.4103], [51.5526, 24.4095], [51.553, 24.4093], [51.5533, 24.4091], [51.5533, 24.4084], [51.554, 24.4075], [51.5547, 24.4069], [51.5553, 24.4069], [51.5556, 24.406], [51.5559, 24.4052], [51.5554, 24.4048]]], [[[52.6533, 24.4077], [52.6531, 24.4078], [52.6524, 24.4083], [52.6516, 24.4086], [52.6507, 24.4096], [52.6502, 24.4104], [52.65, 24.4121], [52.6493, 24.4144], [52.6485, 24.4148], [52.6466, 24.4148], [52.6453, 24.4147], [52.6453, 24.4155], [52.6454, 24.4164], [52.6462, 24.4174], [52.648, 24.4182], [52.6486, 24.4179], [52.6497, 24.4174], [52.6501, 24.417], [52.6506, 24.4168], [52.6517, 24.4165], [52.6516, 24.4161], [52.6509, 24.4157], [52.651, 24.4153], [52.6516, 24.4134], [52.6531, 24.4115], [52.6536, 24.4108], [52.6536, 24.4101], [52.6535, 24.4097], [52.6534, 24.4091], [52.6533, 24.408], [52.6533, 24.4077]]], [[[51.5715, 24.4132], [51.5717, 24.4134], [51.572, 24.4134], [51.5722, 24.4133], [51.5721, 24.413], [51.5722, 24.4128], [51.5721, 24.4126], [51.5719, 24.4126], [51.5717, 24.4127], [51.5714, 24.4128], [51.5712, 24.4127], [51.5709, 24.4126], [51.5705, 24.4126], [51.5704, 24.4129], [51.5705, 24.4132], [51.5707, 24.4133], [51.5709, 24.4132], [51.5711, 24.413], [51.5714, 24.413], [51.5715, 24.4132]]], [[[51.5443, 24.4329], [51.544, 24.4331], [51.5439, 24.4333], [51.5437, 24.4334], [51.5434, 24.4332], [51.5435, 24.4329], [51.5438, 24.4323], [51.544, 24.432], [51.5439, 24.4319], [51.5436, 24.4319], [51.5434, 24.4322], [51.5433, 24.4328], [51.5429, 24.4332], [51.5428, 24.4335], [51.5428, 24.4337], [51.5426, 24.4339], [51.5423, 24.4339], [51.542, 24.4343], [51.5418, 24.4346], [51.5412, 24.435], [51.5408, 24.4354], [51.5404, 24.4356], [51.5404, 24.4359], [51.5401, 24.436], [51.5401, 24.4363], [51.5398, 24.4367], [51.5398, 24.4371], [51.5401, 24.4374], [51.5406, 24.4377], [51.5409, 24.4375], [51.5414, 24.4371], [51.5418, 24.4369], [51.5424, 24.4369], [51.5428, 24.4373], [51.5428, 24.4376], [51.5426, 24.4378], [51.5427, 24.438], [51.5429, 24.4384], [51.5428, 24.4387], [51.5426, 24.4389], [51.5426, 24.4392], [51.5427, 24.4395], [51.5435, 24.4398], [51.5437, 24.4399], [51.5439, 24.4398], [51.5441, 24.4395], [51.5442, 24.4393], [51.5445, 24.4391], [51.5465, 24.4391], [51.547, 24.4396], [51.5472, 24.4395], [51.5476, 24.4392], [51.5479, 24.4389], [51.5481, 24.4387], [51.5484, 24.4388], [51.5488, 24.439], [51.5492, 24.4392], [51.5493, 24.4395], [51.5491, 24.4399], [51.5489, 24.4403], [51.5493, 24.44], [51.5498, 24.4392], [51.55, 24.4386], [51.55, 24.4379], [51.5499, 24.4374], [51.5499, 24.4371], [51.5499, 24.4367], [51.5497, 24.4363], [51.5496, 24.4359], [51.5496, 24.4352], [51.5494, 24.4348], [51.5492, 24.4348], [51.5493, 24.4354], [51.5493, 24.4358], [51.549, 24.4365], [51.5486, 24.4368], [51.5484, 24.437], [51.5485, 24.4372], [51.5473, 24.4371], [51.5464, 24.4366], [51.5456, 24.4359], [51.545, 24.4353], [51.5449, 24.4346], [51.5451, 24.4341], [51.5453, 24.4337], [51.5455, 24.4335], [51.5459, 24.4337], [51.5461, 24.4339], [51.5465, 24.4338], [51.5464, 24.4336], [51.546, 24.4334], [51.5458, 24.4331], [51.5452, 24.4325], [51.5449, 24.4324], [51.5446, 24.4324], [51.5443, 24.4329]]], [[[52.3399, 24.4928], [52.3394, 24.4928], [52.339, 24.4927], [52.3387, 24.4925], [52.3384, 24.4922], [52.3382, 24.4918], [52.338, 24.4918], [52.3379, 24.4923], [52.3377, 24.4926], [52.3369, 24.4926], [52.3364, 24.4923], [52.3359, 24.492], [52.3349, 24.4919], [52.3341, 24.4923], [52.334, 24.4928], [52.3324, 24.4939], [52.3315, 24.4933], [52.3305, 24.4912], [52.3295, 24.4893], [52.3292, 24.4883], [52.3296, 24.4875], [52.3312, 24.4864], [52.3327, 24.4856], [52.3327, 24.4854], [52.3322, 24.4855], [52.3315, 24.4857], [52.3304, 24.486], [52.3292, 24.4859], [52.3288, 24.4855], [52.328, 24.4848], [52.327, 24.4836], [52.326, 24.4821], [52.3252, 24.4811], [52.3241, 24.4801], [52.3229, 24.4781], [52.3226, 24.4768], [52.3227, 24.4759], [52.3227, 24.4755], [52.3224, 24.4757], [52.3219, 24.4761], [52.3211, 24.4756], [52.3206, 24.4748], [52.3207, 24.4738], [52.3207, 24.473], [52.3214, 24.4727], [52.3227, 24.472], [52.3222, 24.4712], [52.3219, 24.4713], [52.3222, 24.4718], [52.3215, 24.4722], [52.3211, 24.4725], [52.3189, 24.4737], [52.3184, 24.4738], [52.3182, 24.4735], [52.3177, 24.473], [52.3173, 24.4726], [52.3173, 24.4707], [52.3179, 24.4704], [52.319, 24.4702], [52.3192, 24.47], [52.3188, 24.4694], [52.3176, 24.4687], [52.3171, 24.4678], [52.317, 24.4661], [52.3168, 24.4656], [52.3165, 24.4625], [52.3163, 24.4608], [52.3162, 24.4595], [52.3162, 24.459], [52.316, 24.4581], [52.3161, 24.4577], [52.3161, 24.4571], [52.3159, 24.4565], [52.3158, 24.4558], [52.3162, 24.4551], [52.3161, 24.4548], [52.3158, 24.4546], [52.316, 24.4537], [52.316, 24.4531], [52.3157, 24.4527], [52.3156, 24.452], [52.3157, 24.4512], [52.3156, 24.4508], [52.3156, 24.4499], [52.3156, 24.4491], [52.3154, 24.4489], [52.3154, 24.4465], [52.3154, 24.4459], [52.3151, 24.4459], [52.3153, 24.4443], [52.3152, 24.4425], [52.3148, 24.4424], [52.3149, 24.4418], [52.3151, 24.4415], [52.3152, 24.4402], [52.3155, 24.4397], [52.3156, 24.439], [52.3152, 24.4386], [52.3149, 24.4367], [52.315, 24.4359], [52.3148, 24.4353], [52.3146, 24.4349], [52.315, 24.4338], [52.3151, 24.4317], [52.3149, 24.4316], [52.3147, 24.4298], [52.3144, 24.4297], [52.3144, 24.4287], [52.3143, 24.4282], [52.3139, 24.4279], [52.314, 24.4264], [52.3139, 24.4261], [52.3139, 24.4246], [52.3137, 24.4241], [52.3138, 24.4238], [52.3142, 24.4228], [52.314, 24.4225], [52.3138, 24.4222], [52.314, 24.421], [52.3141, 24.4206], [52.3138, 24.4201], [52.3139, 24.4195], [52.3134, 24.4189], [52.3128, 24.4188], [52.3126, 24.4186], [52.3119, 24.4186], [52.3073, 24.4185], [52.305, 24.4189], [52.3036, 24.4191], [52.3036, 24.4195], [52.3039, 24.4198], [52.3038, 24.4228], [52.3044, 24.424], [52.3059, 24.4241], [52.306, 24.4229], [52.306, 24.4226], [52.3067, 24.4225], [52.3075, 24.4225], [52.3082, 24.4229], [52.3086, 24.4235], [52.3088, 24.424], [52.3089, 24.4269], [52.3089, 24.4304], [52.3089, 24.4334], [52.3091, 24.4337], [52.3091, 24.4341], [52.3088, 24.4348], [52.3087, 24.4365], [52.3089, 24.4377], [52.309, 24.4396], [52.3094, 24.4417], [52.3097, 24.4421], [52.3101, 24.4423], [52.3098, 24.4432], [52.3092, 24.4436], [52.3094, 24.4449], [52.3094, 24.4456], [52.3088, 24.4461], [52.3094, 24.4462], [52.3096, 24.4459], [52.3103, 24.4452], [52.3109, 24.4452], [52.3117, 24.4452], [52.3125, 24.4451], [52.3131, 24.4456], [52.3134, 24.4484], [52.3109, 24.4483], [52.3106, 24.4466], [52.3101, 24.4475], [52.3099, 24.4481], [52.3103, 24.4488], [52.3106, 24.4492], [52.3108, 24.4495], [52.3109, 24.4501], [52.3108, 24.4503], [52.3108, 24.4509], [52.311, 24.4511], [52.311, 24.4518], [52.3109, 24.4525], [52.3109, 24.4536], [52.3107, 24.4536], [52.3107, 24.4542], [52.3111, 24.4549], [52.3111, 24.4558], [52.311, 24.456], [52.311, 24.4564], [52.311, 24.4568], [52.3112, 24.4572], [52.3113, 24.4575], [52.3113, 24.4581], [52.3113, 24.4586], [52.3111, 24.4595], [52.3113, 24.4599], [52.3111, 24.4613], [52.3111, 24.463], [52.3113, 24.4647], [52.3115, 24.4676], [52.3109, 24.468], [52.3109, 24.4697], [52.3104, 24.4715], [52.3092, 24.4731], [52.3065, 24.4763], [52.3052, 24.4771], [52.3068, 24.4773], [52.3084, 24.4779], [52.309, 24.4783], [52.3087, 24.479], [52.3078, 24.4797], [52.3075, 24.4795], [52.3073, 24.4794], [52.3069, 24.48], [52.305, 24.4803], [52.3031, 24.4778], [52.3018, 24.4771], [52.2994, 24.4792], [52.2986, 24.4799], [52.301, 24.482], [52.3009, 24.4823], [52.3006, 24.4831], [52.3001, 24.4832], [52.3, 24.4836], [52.2994, 24.4844], [52.2976, 24.4852], [52.2969, 24.4853], [52.2966, 24.4854], [52.296, 24.4856], [52.2947, 24.4869], [52.294, 24.4872], [52.2934, 24.4874], [52.2926, 24.4874], [52.292, 24.4876], [52.2913, 24.4877], [52.2904, 24.4882], [52.2895, 24.4883], [52.2885, 24.4895], [52.2876, 24.491], [52.2873, 24.4923], [52.2861, 24.4929], [52.2855, 24.4939], [52.2854, 24.4978], [52.2848, 24.4995], [52.2846, 24.5003], [52.285, 24.5005], [52.2849, 24.5009], [52.2846, 24.5016], [52.2841, 24.502], [52.2835, 24.5023], [52.2829, 24.5019], [52.2825, 24.5022], [52.2824, 24.5026], [52.2823, 24.5034], [52.2817, 24.5038], [52.2813, 24.5037], [52.2814, 24.5043], [52.2813, 24.5049], [52.2809, 24.5055], [52.2804, 24.5059], [52.2805, 24.5066], [52.2806, 24.5069], [52.2807, 24.5074], [52.2804, 24.5078], [52.2807, 24.5082], [52.2808, 24.5087], [52.2811, 24.5094], [52.2815, 24.5102], [52.286, 24.5169], [52.2891, 24.522], [52.2896, 24.523], [52.29, 24.5242], [52.2916, 24.5259], [52.2925, 24.5275], [52.2926, 24.5286], [52.2924, 24.5291], [52.2921, 24.5298], [52.2926, 24.5301], [52.2946, 24.5308], [52.2967, 24.5323], [52.2998, 24.5345], [52.3005, 24.535], [52.3008, 24.5359], [52.3019, 24.5367], [52.3023, 24.537], [52.3028, 24.5381], [52.3035, 24.5409], [52.3041, 24.5413], [52.3064, 24.5414], [52.3073, 24.5418], [52.3075, 24.5423], [52.3068, 24.5432], [52.3078, 24.5428], [52.3111, 24.5414], [52.3184, 24.5388], [52.3196, 24.5386], [52.3208, 24.5385], [52.3212, 24.5381], [52.3212, 24.5375], [52.3211, 24.5374], [52.321, 24.5368], [52.3214, 24.5363], [52.3215, 24.5358], [52.3223, 24.5346], [52.3237, 24.5339], [52.3247, 24.5335], [52.3268, 24.533], [52.3268, 24.5328], [52.3297, 24.5325], [52.3307, 24.5324], [52.3314, 24.5324], [52.3319, 24.5319], [52.3325, 24.5318], [52.3327, 24.5311], [52.3334, 24.5308], [52.3337, 24.5298], [52.3336, 24.5289], [52.3338, 24.5285], [52.3339, 24.5281], [52.3337, 24.528], [52.3337, 24.5273], [52.3341, 24.5271], [52.3345, 24.5268], [52.3344, 24.5265], [52.3341, 24.5263], [52.3341, 24.5259], [52.3343, 24.5257], [52.3346, 24.5252], [52.3348, 24.5249], [52.3345, 24.5246], [52.3347, 24.5243], [52.3347, 24.5237], [52.3349, 24.5234], [52.3354, 24.5227], [52.3352, 24.5219], [52.3356, 24.5217], [52.3353, 24.5208], [52.3354, 24.5204], [52.3355, 24.5202], [52.3358, 24.5199], [52.3359, 24.5194], [52.3357, 24.5191], [52.3356, 24.5188], [52.3357, 24.5182], [52.3361, 24.5178], [52.3359, 24.5175], [52.3359, 24.5168], [52.3363, 24.5165], [52.3364, 24.5161], [52.3365, 24.5156], [52.337, 24.5147], [52.3371, 24.514], [52.337, 24.5137], [52.3371, 24.5133], [52.3373, 24.5127], [52.3373, 24.5123], [52.3372, 24.5118], [52.3375, 24.5114], [52.338, 24.5109], [52.3379, 24.5105], [52.338, 24.51], [52.3381, 24.5097], [52.3385, 24.509], [52.3389, 24.5078], [52.3388, 24.5072], [52.3386, 24.5068], [52.3389, 24.506], [52.3393, 24.5052], [52.3389, 24.5048], [52.3389, 24.5044], [52.3396, 24.5039], [52.3396, 24.5035], [52.3395, 24.5031], [52.3396, 24.5025], [52.34, 24.5019], [52.3397, 24.5018], [52.3397, 24.5014], [52.34, 24.5008], [52.3403, 24.5002], [52.3403, 24.4999], [52.3401, 24.4996], [52.3405, 24.4989], [52.3406, 24.4984], [52.3406, 24.498], [52.3407, 24.4976], [52.3409, 24.4972], [52.3409, 24.4968], [52.3406, 24.4966], [52.3407, 24.4963], [52.3408, 24.4958], [52.3407, 24.4954], [52.3407, 24.495], [52.3408, 24.4948], [52.3409, 24.4943], [52.3406, 24.4941], [52.3402, 24.4939], [52.3402, 24.4935], [52.3403, 24.4928], [52.3402, 24.4927], [52.3399, 24.4928]]], [[[51.7332, 24.4808], [51.7327, 24.4816], [51.7322, 24.4815], [51.7317, 24.4818], [51.7313, 24.4819], [51.7309, 24.4819], [51.7306, 24.4824], [51.7307, 24.4835], [51.7303, 24.4839], [51.7298, 24.4844], [51.7298, 24.4848], [51.7301, 24.485], [51.7301, 24.4854], [51.7299, 24.4856], [51.7299, 24.4864], [51.73, 24.4866], [51.7297, 24.487], [51.7293, 24.4869], [51.7294, 24.4882], [51.7294, 24.4889], [51.7287, 24.4903], [51.7287, 24.4911], [51.7287, 24.492], [51.729, 24.4927], [51.7296, 24.4935], [51.7295, 24.494], [51.729, 24.4948], [51.7289, 24.4951], [51.7294, 24.4948], [51.7299, 24.4948], [51.7309, 24.4952], [51.7313, 24.4955], [51.7316, 24.4962], [51.7313, 24.4973], [51.7317, 24.4974], [51.7319, 24.4957], [51.7324, 24.4955], [51.733, 24.4954], [51.7333, 24.4951], [51.7338, 24.4942], [51.7346, 24.4938], [51.7347, 24.4939], [51.7356, 24.494], [51.7356, 24.4936], [51.736, 24.4936], [51.7365, 24.4939], [51.737, 24.4939], [51.7371, 24.4935], [51.7375, 24.4934], [51.738, 24.4937], [51.7377, 24.4931], [51.7368, 24.4931], [51.7362, 24.4927], [51.7365, 24.4923], [51.737, 24.4918], [51.7369, 24.4914], [51.7371, 24.4912], [51.7375, 24.4908], [51.7378, 24.4901], [51.7378, 24.489], [51.7375, 24.4887], [51.7372, 24.4885], [51.7369, 24.4882], [51.7367, 24.4876], [51.7365, 24.4875], [51.7361, 24.4872], [51.7359, 24.4868], [51.7357, 24.4871], [51.735, 24.487], [51.7346, 24.4866], [51.7346, 24.4862], [51.7344, 24.4846], [51.7337, 24.4847], [51.7333, 24.484], [51.7331, 24.4822], [51.7332, 24.4808]]], [[[51.7231, 24.5099], [51.723, 24.5094], [51.7231, 24.5082], [51.7241, 24.5057], [51.7247, 24.5046], [51.7246, 24.5044], [51.7241, 24.5049], [51.7236, 24.505], [51.7233, 24.5051], [51.7231, 24.5057], [51.7216, 24.5074], [51.7202, 24.5075], [51.7202, 24.5078], [51.72, 24.5081], [51.7196, 24.5084], [51.7189, 24.5084], [51.7188, 24.5087], [51.7185, 24.5092], [51.7184, 24.5093], [51.7178, 24.5095], [51.7178, 24.5097], [51.7182, 24.51], [51.7183, 24.5103], [51.7188, 24.5103], [51.7191, 24.5103], [51.7194, 24.5106], [51.7194, 24.511], [51.7193, 24.5113], [51.7195, 24.5115], [51.72, 24.5115], [51.7205, 24.5115], [51.7209, 24.5117], [51.7215, 24.5115], [51.7216, 24.5114], [51.7222, 24.5109], [51.7228, 24.5104], [51.7231, 24.5103], [51.7231, 24.5099]]], [[[51.7269, 24.517], [51.7271, 24.5168], [51.7269, 24.5165], [51.7264, 24.5165], [51.7263, 24.5161], [51.7261, 24.5159], [51.7259, 24.5156], [51.7258, 24.5152], [51.7257, 24.5151], [51.7258, 24.5144], [51.7255, 24.514], [51.7253, 24.5136], [51.7251, 24.5136], [51.7249, 24.5133], [51.7248, 24.5135], [51.7245, 24.5141], [51.7244, 24.5148], [51.7247, 24.5151], [51.7249, 24.5154], [51.7251, 24.5155], [51.7252, 24.5161], [51.7252, 24.5165], [51.7254, 24.5167], [51.7257, 24.5167], [51.7259, 24.5167], [51.7264, 24.5167], [51.7265, 24.5168], [51.7263, 24.5171], [51.7263, 24.5172], [51.7261, 24.5174], [51.7261, 24.5176], [51.7263, 24.5181], [51.7265, 24.5179], [51.7264, 24.5178], [51.7265, 24.5176], [51.7268, 24.5175], [51.727, 24.5173], [51.7269, 24.517]]], [[[51.71, 24.5794], [51.7098, 24.5796], [51.7095, 24.5803], [51.7094, 24.5809], [51.7092, 24.5808], [51.7089, 24.5809], [51.7091, 24.5814], [51.7093, 24.5815], [51.7097, 24.5813], [51.7097, 24.5817], [51.7102, 24.582], [51.7104, 24.5823], [51.7106, 24.5829], [51.7109, 24.5828], [51.7111, 24.5825], [51.711, 24.5822], [51.7111, 24.5817], [51.7114, 24.5813], [51.7118, 24.581], [51.7126, 24.5806], [51.7133, 24.5803], [51.7135, 24.5802], [51.7135, 24.5799], [51.714, 24.5795], [51.7143, 24.579], [51.714, 24.5791], [51.7135, 24.5792], [51.7138, 24.5788], [51.7143, 24.5782], [51.7143, 24.5778], [51.7145, 24.5773], [51.715, 24.5774], [51.7151, 24.5767], [51.7149, 24.5763], [51.7148, 24.576], [51.7148, 24.5752], [51.7147, 24.575], [51.7144, 24.5756], [51.7142, 24.5756], [51.7137, 24.5756], [51.7134, 24.5764], [51.7135, 24.5772], [51.7134, 24.5779], [51.7133, 24.5781], [51.7129, 24.5784], [51.7122, 24.5788], [51.7118, 24.5788], [51.7116, 24.5791], [51.7113, 24.5794], [51.7109, 24.5795], [51.7104, 24.5795], [51.71, 24.5794]]], [[[51.7229, 24.5719], [51.7228, 24.5714], [51.7221, 24.5711], [51.7216, 24.5707], [51.7216, 24.57], [51.7213, 24.5699], [51.7212, 24.5696], [51.7211, 24.5684], [51.7207, 24.5683], [51.7205, 24.5683], [51.7202, 24.5685], [51.72, 24.5682], [51.7197, 24.5683], [51.7196, 24.5687], [51.7191, 24.5689], [51.7184, 24.5689], [51.7172, 24.571], [51.7169, 24.5722], [51.7174, 24.573], [51.7179, 24.5734], [51.718, 24.5741], [51.7179, 24.5751], [51.7172, 24.576], [51.7168, 24.5772], [51.7167, 24.5779], [51.7171, 24.5777], [51.7171, 24.5774], [51.7171, 24.5771], [51.7174, 24.577], [51.7178, 24.577], [51.7178, 24.5774], [51.7181, 24.5779], [51.7187, 24.5785], [51.7196, 24.5788], [51.7202, 24.5789], [51.7205, 24.5793], [51.721, 24.5797], [51.7217, 24.5803], [51.7221, 24.5811], [51.7218, 24.5814], [51.721, 24.5821], [51.7206, 24.5823], [51.7205, 24.5828], [51.7206, 24.583], [51.7207, 24.5832], [51.7207, 24.5839], [51.7201, 24.5833], [51.7196, 24.5832], [51.7191, 24.5834], [51.7188, 24.5839], [51.719, 24.5841], [51.7194, 24.5845], [51.7193, 24.5847], [51.7189, 24.5848], [51.7189, 24.585], [51.7192, 24.5852], [51.7194, 24.5854], [51.7191, 24.5858], [51.7187, 24.5862], [51.7185, 24.5867], [51.7188, 24.5871], [51.719, 24.5868], [51.7195, 24.5865], [51.7196, 24.5858], [51.7199, 24.5853], [51.7207, 24.5853], [51.7209, 24.585], [51.7215, 24.5851], [51.7214, 24.5854], [51.7209, 24.5857], [51.7206, 24.5867], [51.7207, 24.5889], [51.7205, 24.5911], [51.7198, 24.5912], [51.7198, 24.59], [51.7199, 24.5897], [51.7197, 24.5896], [51.7197, 24.5894], [51.7197, 24.589], [51.7194, 24.589], [51.7192, 24.5889], [51.7193, 24.5886], [51.7191, 24.5881], [51.7188, 24.5881], [51.7185, 24.5884], [51.7186, 24.5887], [51.7189, 24.5889], [51.7191, 24.5892], [51.7192, 24.5897], [51.7195, 24.5909], [51.7193, 24.5912], [51.7189, 24.5914], [51.7185, 24.5915], [51.7185, 24.5919], [51.7179, 24.5922], [51.7175, 24.5919], [51.7172, 24.5914], [51.7169, 24.5909], [51.7168, 24.5903], [51.7166, 24.59], [51.7164, 24.5903], [51.7164, 24.5907], [51.7165, 24.591], [51.717, 24.5913], [51.7172, 24.5917], [51.7172, 24.5922], [51.7169, 24.5927], [51.7165, 24.5928], [51.716, 24.5928], [51.716, 24.5924], [51.7158, 24.5921], [51.7155, 24.5916], [51.7156, 24.5914], [51.7158, 24.5911], [51.7161, 24.5906], [51.716, 24.5901], [51.7155, 24.5903], [51.7151, 24.5902], [51.7154, 24.5897], [51.7155, 24.5891], [51.7156, 24.5884], [51.7158, 24.5878], [51.7157, 24.5874], [51.7158, 24.587], [51.716, 24.587], [51.7167, 24.5865], [51.7165, 24.5864], [51.7161, 24.5864], [51.7159, 24.5867], [51.7156, 24.587], [51.7149, 24.5871], [51.714, 24.5876], [51.7154, 24.5866], [51.7153, 24.5859], [51.7154, 24.5851], [51.7158, 24.5853], [51.7157, 24.5848], [51.7149, 24.5838], [51.7148, 24.5841], [51.7148, 24.5847], [51.7143, 24.585], [51.7137, 24.5851], [51.7136, 24.5856], [51.7135, 24.5854], [51.7135, 24.5849], [51.714, 24.5848], [51.714, 24.5846], [51.7138, 24.5843], [51.7135, 24.5839], [51.7134, 24.5835], [51.7132, 24.5828], [51.7128, 24.5832], [51.7121, 24.5831], [51.7124, 24.5827], [51.7125, 24.5822], [51.7122, 24.5822], [51.7121, 24.5827], [51.7117, 24.583], [51.7114, 24.5833], [51.7112, 24.5841], [51.7107, 24.585], [51.711, 24.5855], [51.7112, 24.5852], [51.7115, 24.5852], [51.7122, 24.5858], [51.7132, 24.5868], [51.7135, 24.5874], [51.7137, 24.588], [51.7147, 24.5895], [51.715, 24.59], [51.715, 24.5907], [51.715, 24.5914], [51.7151, 24.592], [51.7153, 24.5928], [51.7153, 24.5936], [51.715, 24.5938], [51.7147, 24.594], [51.7141, 24.5944], [51.7135, 24.595], [51.7135, 24.5952], [51.7135, 24.5956], [51.7144, 24.5965], [51.7162, 24.5976], [51.7173, 24.5982], [51.7191, 24.5985], [51.7212, 24.5985], [51.7218, 24.5989], [51.7222, 24.5992], [51.7223, 24.5996], [51.7225, 24.6002], [51.7229, 24.6006], [51.7233, 24.6007], [51.7237, 24.6001], [51.7244, 24.5996], [51.725, 24.5992], [51.7256, 24.599], [51.7263, 24.5986], [51.7264, 24.5983], [51.7262, 24.5979], [51.7257, 24.5978], [51.7256, 24.5973], [51.7262, 24.5959], [51.7265, 24.5956], [51.7266, 24.5947], [51.7268, 24.5942], [51.7278, 24.5936], [51.7306, 24.5921], [51.7315, 24.5917], [51.7317, 24.5914], [51.7321, 24.5908], [51.7327, 24.5901], [51.7325, 24.5892], [51.7323, 24.5882], [51.7319, 24.587], [51.7321, 24.5851], [51.7319, 24.584], [51.731, 24.5821], [51.7307, 24.5817], [51.7303, 24.581], [51.73, 24.5804], [51.7297, 24.5799], [51.7297, 24.5791], [51.7293, 24.5793], [51.7287, 24.5791], [51.7284, 24.579], [51.7281, 24.5793], [51.7275, 24.5792], [51.727, 24.5786], [51.7274, 24.5781], [51.7277, 24.5778], [51.7272, 24.5779], [51.7269, 24.5774], [51.7267, 24.5766], [51.726, 24.5759], [51.7256, 24.5755], [51.7251, 24.5746], [51.7248, 24.5744], [51.7244, 24.574], [51.7244, 24.5729], [51.7238, 24.5724], [51.7229, 24.5719]]], [[[51.8332, 24.6593], [51.8309, 24.6613], [51.8332, 24.6643], [51.8363, 24.6663], [51.8377, 24.6627], [51.8363, 24.6593], [51.8332, 24.6593]]], [[[52.5694, 24.7924], [52.5679, 24.7874], [52.5671, 24.7842], [52.5645, 24.7805], [52.5624, 24.7776], [52.5583, 24.7776], [52.5554, 24.7804], [52.5535, 24.7833], [52.553, 24.7879], [52.5505, 24.7907], [52.5475, 24.7927], [52.5471, 24.7974], [52.549, 24.8014], [52.5513, 24.804], [52.5554, 24.8031], [52.5579, 24.8017], [52.5617, 24.8011], [52.5651, 24.7996], [52.5671, 24.7977], [52.5685, 24.7958], [52.5694, 24.7924]]], [[[53.064, 24.8968], [53.0672, 24.8982], [53.0696, 24.8982], [53.0738, 24.8981], [53.0763, 24.8957], [53.0767, 24.8955], [53.0795, 24.8936], [53.0821, 24.8899], [53.0842, 24.8881], [53.0844, 24.8857], [53.0821, 24.8824], [53.0802, 24.8795], [53.08, 24.8748], [53.0808, 24.8703], [53.0825, 24.8663], [53.0827, 24.8618], [53.0817, 24.8589], [53.0802, 24.8576], [53.0787, 24.8584], [53.0783, 24.8629], [53.074, 24.8674], [53.0691, 24.8736], [53.0642, 24.877], [53.0615, 24.8815], [53.0611, 24.8874], [53.0617, 24.8928], [53.064, 24.8968]]], [[[52.8567, 24.9231], [52.8567, 24.9207], [52.857, 24.9197], [52.8569, 24.9193], [52.857, 24.9183], [52.8572, 24.9176], [52.8573, 24.9165], [52.8572, 24.9165], [52.8569, 24.9175], [52.8565, 24.9188], [52.8559, 24.9201], [52.8554, 24.9218], [52.8552, 24.9242], [52.8547, 24.9255], [52.8539, 24.9262], [52.8529, 24.9275], [52.8526, 24.928], [52.8525, 24.9279], [52.8523, 24.9283], [52.8516, 24.9295], [52.8507, 24.9314], [52.8498, 24.9331], [52.8495, 24.934], [52.8482, 24.9341], [52.8469, 24.9342], [52.8467, 24.9347], [52.8464, 24.9352], [52.8457, 24.9356], [52.845, 24.9364], [52.8442, 24.9364], [52.844, 24.9369], [52.8436, 24.9375], [52.8435, 24.9381], [52.8441, 24.9384], [52.8449, 24.9394], [52.8455, 24.9397], [52.8465, 24.9404], [52.8472, 24.9411], [52.8475, 24.9415], [52.8477, 24.9416], [52.8478, 24.9426], [52.8481, 24.944], [52.8492, 24.9448], [52.8497, 24.945], [52.8505, 24.9433], [52.8508, 24.9419], [52.8514, 24.9411], [52.852, 24.9401], [52.8524, 24.9395], [52.8522, 24.9391], [52.8518, 24.9387], [52.8519, 24.938], [52.8524, 24.9373], [52.854, 24.9357], [52.8563, 24.9335], [52.8587, 24.9313], [52.8595, 24.9297], [52.8596, 24.9278], [52.8592, 24.9275], [52.8586, 24.9272], [52.8583, 24.9267], [52.8583, 24.9262], [52.859, 24.9254], [52.8609, 24.9239], [52.8607, 24.9238], [52.8589, 24.9251], [52.858, 24.926], [52.8576, 24.9277], [52.8563, 24.9287], [52.8541, 24.9266], [52.8561, 24.9246], [52.8564, 24.9249], [52.8572, 24.925], [52.8576, 24.9245], [52.8594, 24.923], [52.8596, 24.9227], [52.8594, 24.9226], [52.859, 24.9231], [52.8582, 24.9239], [52.8576, 24.9241], [52.8571, 24.924], [52.8567, 24.9231]]], [[[52.399, 24.9595], [52.3999, 24.957], [52.3995, 24.9541], [52.3973, 24.9541], [52.3944, 24.9566], [52.3912, 24.9603], [52.3912, 24.9662], [52.3916, 24.9708], [52.3933, 24.9738], [52.3956, 24.9699], [52.3961, 24.9662], [52.3973, 24.9625], [52.3983, 24.9609], [52.399, 24.9595]]], [[[52.8812, 25.1587], [52.8812, 25.1586], [52.8812, 25.1585], [52.881, 25.1585], [52.8807, 25.1585], [52.8807, 25.1583], [52.8807, 25.1582], [52.8804, 25.1582], [52.8804, 25.1577], [52.8804, 25.1565], [52.8807, 25.1565], [52.8807, 25.156], [52.8809, 25.1559], [52.881, 25.1547], [52.881, 25.1546], [52.8807, 25.1546], [52.8807, 25.1543], [52.8804, 25.1544], [52.8804, 25.154], [52.8803, 25.154], [52.8801, 25.154], [52.8801, 25.1526], [52.8803, 25.1527], [52.8804, 25.1526], [52.8804, 25.1501], [52.8803, 25.1501], [52.8801, 25.1501], [52.8801, 25.1496], [52.8799, 25.1496], [52.8799, 25.1476], [52.8801, 25.1477], [52.8801, 25.1442], [52.8808, 25.1428], [52.8816, 25.1415], [52.8826, 25.1406], [52.8832, 25.1399], [52.8833, 25.1396], [52.8829, 25.1394], [52.8828, 25.1383], [52.8824, 25.1386], [52.8825, 25.1393], [52.8827, 25.1397], [52.8823, 25.1403], [52.8818, 25.1405], [52.8808, 25.141], [52.8807, 25.1411], [52.8807, 25.1404], [52.8809, 25.1404], [52.8809, 25.1397], [52.8813, 25.1396], [52.8813, 25.1393], [52.8807, 25.1394], [52.8807, 25.1393], [52.8803, 25.137], [52.8815, 25.1355], [52.8826, 25.1342], [52.884, 25.1322], [52.8826, 25.1302], [52.8825, 25.129], [52.8831, 25.1272], [52.8841, 25.1256], [52.8847, 25.1239], [52.884, 25.1223], [52.8847, 25.1209], [52.8848, 25.1187], [52.884, 25.117], [52.8827, 25.116], [52.8805, 25.1176], [52.8781, 25.1232], [52.8775, 25.1284], [52.8781, 25.1311], [52.8782, 25.1331], [52.8768, 25.1349], [52.8744, 25.1375], [52.8695, 25.1409], [52.8653, 25.145], [52.8663, 25.1461], [52.8701, 25.1471], [52.8701, 25.1496], [52.8699, 25.1496], [52.8699, 25.1497], [52.8699, 25.1499], [52.8696, 25.1499], [52.8693, 25.1499], [52.8693, 25.1501], [52.869, 25.1501], [52.869, 25.1504], [52.8688, 25.1504], [52.8687, 25.1507], [52.8685, 25.1507], [52.8685, 25.1514], [52.8685, 25.1518], [52.8683, 25.1518], [52.8682, 25.1518], [52.8682, 25.152], [52.8682, 25.1521], [52.868, 25.1521], [52.8676, 25.1521], [52.8676, 25.1523], [52.8676, 25.1524], [52.8674, 25.1524], [52.8674, 25.1526], [52.8671, 25.1526], [52.8671, 25.1529], [52.8668, 25.1529], [52.8668, 25.1535], [52.8671, 25.1535], [52.8671, 25.1546], [52.8668, 25.1546], [52.8668, 25.1554], [52.8671, 25.1554], [52.8671, 25.1555], [52.8671, 25.1582], [52.8668, 25.1582], [52.8668, 25.1586], [52.8632, 25.1587], [52.8628, 25.1594], [52.8621, 25.1594], [52.8622, 25.16], [52.8663, 25.1601], [52.8663, 25.1604], [52.8666, 25.1604], [52.8665, 25.1605], [52.8665, 25.1607], [52.8667, 25.1607], [52.8668, 25.1607], [52.8668, 25.1608], [52.8668, 25.161], [52.867, 25.161], [52.8671, 25.161], [52.8671, 25.1611], [52.8671, 25.1612], [52.8674, 25.1613], [52.8673, 25.1624], [52.8671, 25.1624], [52.8671, 25.1629], [52.8674, 25.1629], [52.8674, 25.1632], [52.8676, 25.1632], [52.8676, 25.1633], [52.8677, 25.1637], [52.8677, 25.1638], [52.8674, 25.1638], [52.8674, 25.1643], [52.8677, 25.1643], [52.8676, 25.1646], [52.8682, 25.1646], [52.8685, 25.1645], [52.8685, 25.1643], [52.8688, 25.1643], [52.8688, 25.164], [52.8693, 25.164], [52.8693, 25.1638], [52.8704, 25.1638], [52.8704, 25.164], [52.8712, 25.164], [52.8712, 25.1643], [52.8715, 25.1643], [52.8715, 25.1645], [52.8715, 25.1646], [52.8746, 25.1646], [52.8746, 25.1645], [52.8746, 25.1643], [52.8752, 25.1644], [52.8752, 25.1642], [52.8751, 25.164], [52.8758, 25.164], [52.8763, 25.164], [52.8763, 25.1638], [52.8765, 25.1637], [52.8765, 25.1635], [52.8773, 25.1635], [52.8785, 25.1635], [52.8785, 25.1632], [52.8788, 25.1632], [52.8788, 25.1631], [52.8788, 25.1629], [52.8798, 25.1629], [52.8799, 25.1626], [52.8804, 25.1626], [52.8804, 25.1621], [52.8799, 25.1621], [52.8799, 25.1619], [52.8799, 25.1618], [52.8796, 25.1618], [52.8796, 25.161], [52.8799, 25.161], [52.8799, 25.1609], [52.8799, 25.1607], [52.8807, 25.1607], [52.8807, 25.1604], [52.881, 25.1604], [52.881, 25.1601], [52.8813, 25.1602], [52.8812, 25.1599], [52.8815, 25.1599], [52.8815, 25.1595], [52.8815, 25.1587], [52.8812, 25.1588], [52.8812, 25.1587]]], [[[53.2594, 24.1221], [53.2592, 24.1251], [53.26, 24.1276], [53.2626, 24.1298], [53.2631, 24.1306], [53.2673, 24.1332], [53.2679, 24.1335], [53.272, 24.1355], [53.2763, 24.1366], [53.2792, 24.1371], [53.2822, 24.1344], [53.2845, 24.1306], [53.286, 24.1264], [53.2884, 24.1207], [53.2911, 24.1173], [53.2926, 24.1152], [53.2926, 24.1137], [53.2926, 24.1111], [53.2925, 24.1112], [53.2925, 24.1099], [53.2894, 24.1084], [53.2615, 24.1147], [53.2605, 24.119], [53.2594, 24.1221]]], [[[54.0194, 24.1841], [54.0168, 24.1867], [54.0172, 24.1896], [54.0211, 24.1926], [54.0242, 24.1958], [54.0287, 24.1988], [54.0315, 24.1992], [54.0357, 24.1992], [54.0395, 24.1974], [54.0429, 24.1983], [54.0446, 24.1996], [54.0414, 24.2031], [54.047, 24.2025], [54.0502, 24.2002], [54.0536, 24.1983], [54.057, 24.1973], [54.0572, 24.1972], [54.0616, 24.1977], [54.0659, 24.1988], [54.0697, 24.1991], [54.0695, 24.1944], [54.0708, 24.1895], [54.0725, 24.1848], [54.0748, 24.18], [54.0771, 24.1782], [54.0797, 24.1769], [54.0763, 24.1726], [54.0718, 24.1681], [54.0667, 24.1649], [54.0623, 24.1644], [54.0587, 24.1638], [54.055, 24.1638], [54.0521, 24.1644], [54.0521, 24.1653], [54.0542, 24.1664], [54.0565, 24.167], [54.0542, 24.1694], [54.0519, 24.1707], [54.0502, 24.1745], [54.047, 24.1769], [54.0442, 24.179], [54.0408, 24.1799], [54.037, 24.1788], [54.0363, 24.1769], [54.0336, 24.1759], [54.0272, 24.1763], [54.0234, 24.1793], [54.0204, 24.1804], [54.0194, 24.1841]]], [[[54.0781, 24.1867], [54.0771, 24.1915], [54.0749, 24.1968], [54.0715, 24.2007], [54.0688, 24.2022], [54.0645, 24.2025], [54.0626, 24.2063], [54.0609, 24.2104], [54.0664, 24.2108], [54.073, 24.2086], [54.0773, 24.2067], [54.0813, 24.2052], [54.0851, 24.2046], [54.0857, 24.2043], [54.0877, 24.2035], [54.0902, 24.2025], [54.0924, 24.2015], [54.0957, 24.199], [54.0975, 24.1985], [54.0979, 24.1963], [54.1, 24.1928], [54.1006, 24.1909], [54.0985, 24.1894], [54.0979, 24.1875], [54.0989, 24.1849], [54.0985, 24.183], [54.0928, 24.1812], [54.0877, 24.1806], [54.0841, 24.1787], [54.082, 24.1779], [54.079, 24.1802], [54.0781, 24.1867]]], [[[53.538, 24.2021], [53.5403, 24.2012], [53.5403, 24.1976], [53.542, 24.1933], [53.5439, 24.1894], [53.5443, 24.1848], [53.5401, 24.1862], [53.5356, 24.1894], [53.5329, 24.1927], [53.5325, 24.1941], [53.5318, 24.1972], [53.5322, 24.201], [53.5343, 24.2043], [53.538, 24.2021]]], [[[53.902, 24.214], [53.9052, 24.2128], [53.9107, 24.2125], [53.9152, 24.2111], [53.9199, 24.2106], [53.925, 24.2119], [53.9292, 24.2136], [53.9356, 24.2133], [53.9398, 24.2106], [53.9449, 24.2088], [53.9498, 24.2063], [53.9526, 24.204], [53.956, 24.2007], [53.9604, 24.1951], [53.9623, 24.1919], [53.9643, 24.189], [53.966, 24.186], [53.9674, 24.1849], [53.9706, 24.1837], [53.9721, 24.1818], [53.9717, 24.1789], [53.9698, 24.1741], [53.9655, 24.1721], [53.9623, 24.1683], [53.9609, 24.1646], [53.9617, 24.1601], [53.9649, 24.1557], [53.9668, 24.1521], [53.9657, 24.1488], [53.9594, 24.1436], [53.9549, 24.1403], [53.9519, 24.138], [53.9458, 24.1352], [53.9383, 24.1332], [53.9372, 24.133], [53.9318, 24.1301], [53.9304, 24.1293], [53.9286, 24.1297], [53.9263, 24.1308], [53.9258, 24.131], [53.9244, 24.1309], [53.9269, 24.1291], [53.9278, 24.1285], [53.9278, 24.1278], [53.927, 24.1266], [53.9218, 24.1245], [53.9169, 24.1223], [53.9107, 24.1203], [53.9105, 24.1209], [53.91, 24.1215], [53.91, 24.1208], [53.9092, 24.1209], [53.909, 24.1207], [53.9089, 24.1202], [53.9082, 24.1198], [53.9075, 24.1203], [53.9075, 24.1208], [53.9079, 24.1215], [53.9088, 24.122], [53.9082, 24.1255], [53.908, 24.1298], [53.9048, 24.134], [53.9005, 24.1358], [53.8974, 24.138], [53.8897, 24.1391], [53.8816, 24.1411], [53.8738, 24.1444], [53.8672, 24.147], [53.8608, 24.1496], [53.8559, 24.1507], [53.8532, 24.1518], [53.8538, 24.1543], [53.8581, 24.1558], [53.861, 24.1566], [53.8646, 24.1574], [53.8666, 24.1583], [53.8646, 24.1603], [53.8612, 24.1631], [53.8597, 24.1665], [53.8572, 24.1683], [53.8576, 24.1724], [53.8549, 24.175], [53.8527, 24.179], [53.8504, 24.1817], [53.8468, 24.1835], [53.8409, 24.1841], [53.8364, 24.1826], [53.8349, 24.1809], [53.837, 24.1772], [53.8372, 24.1749], [53.8362, 24.1732], [53.8338, 24.1708], [53.8326, 24.1679], [53.8326, 24.1642], [53.833, 24.1602], [53.834, 24.1564], [53.8332, 24.1543], [53.8313, 24.151], [53.8309, 24.1473], [53.8324, 24.1436], [53.8334, 24.14], [53.833, 24.138], [53.8283, 24.1358], [53.8217, 24.1329], [53.8128, 24.1296], [53.8011, 24.1293], [53.7933, 24.1292], [53.7852, 24.1292], [53.7837, 24.1261], [53.7829, 24.1239], [53.7814, 24.1224], [53.7778, 24.1214], [53.7731, 24.1242], [53.7695, 24.1262], [53.7669, 24.1287], [53.7591, 24.1292], [53.7542, 24.1276], [53.7489, 24.1276], [53.7448, 24.1303], [53.7414, 24.132], [53.7372, 24.1313], [53.7334, 24.1298], [53.7304, 24.1306], [53.7262, 24.1351], [53.7206, 24.1394], [53.7153, 24.1427], [53.7104, 24.1439], [53.7055, 24.1482], [53.7007, 24.1504], [53.6949, 24.1523], [53.6879, 24.1546], [53.6858, 24.1594], [53.6837, 24.1611], [53.6773, 24.1612], [53.6728, 24.1597], [53.6707, 24.1571], [53.666, 24.1536], [53.6616, 24.1529], [53.6569, 24.1536], [53.6535, 24.1523], [53.6497, 24.1504], [53.6452, 24.1484], [53.6423, 24.1478], [53.6399, 24.1493], [53.6389, 24.1526], [53.6361, 24.154], [53.6346, 24.1569], [53.6314, 24.16], [53.6287, 24.1628], [53.6255, 24.1651], [53.6231, 24.1673], [53.6246, 24.171], [53.6274, 24.1742], [53.6314, 24.1769], [53.6342, 24.1803], [53.6397, 24.1831], [53.6437, 24.1852], [53.6503, 24.1865], [53.6548, 24.1871], [53.658, 24.1886], [53.6614, 24.189], [53.666, 24.1916], [53.676, 24.1956], [53.6822, 24.2004], [53.6858, 24.203], [53.689, 24.2057], [53.6956, 24.2116], [53.6987, 24.214], [53.7002, 24.2153], [53.7011, 24.2164], [53.7024, 24.2174], [53.706, 24.2185], [53.7126, 24.2212], [53.72, 24.226], [53.731, 24.2337], [53.7321, 24.2362], [53.7317, 24.2388], [53.7329, 24.239], [53.7387, 24.2394], [53.7412, 24.2385], [53.7472, 24.2385], [53.7536, 24.2371], [53.7587, 24.2371], [53.7635, 24.2345], [53.7693, 24.2326], [53.7729, 24.2308], [53.778, 24.2309], [53.7837, 24.2349], [53.7916, 24.2404], [53.7979, 24.2449], [53.8045, 24.2492], [53.8048, 24.2493], [53.8105, 24.2511], [53.8139, 24.2509], [53.8177, 24.2509], [53.8198, 24.2501], [53.819, 24.2472], [53.8117, 24.2387], [53.8107, 24.2349], [53.8107, 24.2261], [53.8117, 24.2295], [53.812, 24.2342], [53.8137, 24.2382], [53.8162, 24.2419], [53.8207, 24.2456], [53.8234, 24.2478], [53.8251, 24.2493], [53.8264, 24.2501], [53.8289, 24.2489], [53.8304, 24.2469], [53.8317, 24.2461], [53.834, 24.2469], [53.8355, 24.2483], [53.8347, 24.2501], [53.8345, 24.2534], [53.8353, 24.2568], [53.8366, 24.2582], [53.8394, 24.2592], [53.8411, 24.2608], [53.843, 24.2623], [53.8457, 24.2644], [53.847, 24.2685], [53.8481, 24.2718], [53.85, 24.2747], [53.8549, 24.2747], [53.8595, 24.2733], [53.8644, 24.2721], [53.871, 24.2681], [53.8721, 24.2656], [53.8744, 24.2648], [53.8772, 24.2645], [53.8787, 24.263], [53.8782, 24.2608], [53.8772, 24.2596], [53.8748, 24.2593], [53.8729, 24.2608], [53.8719, 24.2634], [53.8708, 24.2648], [53.8689, 24.2653], [53.8678, 24.2641], [53.8672, 24.2623], [53.8648, 24.263], [53.8623, 24.2634], [53.8595, 24.2627], [53.8585, 24.2611], [53.857, 24.2582], [53.8564, 24.2534], [53.8572, 24.2507], [53.8595, 24.2464], [53.8617, 24.2419], [53.8689, 24.2335], [53.8706, 24.2312], [53.8729, 24.2277], [53.8748, 24.2253], [53.8812, 24.2246], [53.8869, 24.2229], [53.8914, 24.2216], [53.8948, 24.2198], [53.8978, 24.2181], [53.9005, 24.2162], [53.902, 24.214]]], [[[53.3954, 24.1981], [53.3912, 24.2003], [53.3884, 24.2029], [53.3835, 24.2057], [53.3821, 24.2127], [53.3835, 24.2178], [53.3933, 24.2217], [53.4026, 24.2236], [53.4168, 24.2229], [53.4217, 24.2201], [53.4251, 24.2148], [53.4254, 24.2094], [53.4251, 24.2031], [53.4245, 24.1989], [53.4292, 24.1964], [53.4315, 24.1955], [53.4322, 24.1944], [53.4313, 24.1934], [53.4271, 24.1948], [53.4205, 24.1959], [53.416, 24.1973], [53.4105, 24.1959], [53.4058, 24.1944], [53.4033, 24.1931], [53.3986, 24.1953], [53.3954, 24.1981]]], [[[54.0784, 24.2162], [54.0748, 24.2195], [54.0733, 24.2224], [54.0733, 24.2225], [54.0729, 24.2225], [54.0725, 24.2209], [54.0717, 24.2218], [54.0717, 24.2235], [54.0712, 24.2257], [54.0719, 24.2261], [54.0716, 24.2272], [54.072, 24.2274], [54.072, 24.2285], [54.0721, 24.2298], [54.0732, 24.2299], [54.0753, 24.229], [54.0783, 24.2294], [54.0792, 24.2287], [54.0838, 24.2285], [54.0842, 24.2283], [54.0873, 24.2279], [54.0891, 24.2283], [54.0934, 24.2295], [54.0958, 24.2306], [54.0953, 24.2292], [54.0953, 24.2278], [54.0959, 24.2266], [54.0958, 24.2258], [54.097, 24.2241], [54.099, 24.2229], [54.0992, 24.2224], [54.1006, 24.2209], [54.1022, 24.2191], [54.106, 24.217], [54.1103, 24.2157], [54.1186, 24.2125], [54.1186, 24.2117], [54.1173, 24.2114], [54.1147, 24.2109], [54.1152, 24.2088], [54.1194, 24.2088], [54.1237, 24.2047], [54.1273, 24.2015], [54.1292, 24.1989], [54.1279, 24.1964], [54.1234, 24.1933], [54.119, 24.1919], [54.1147, 24.1905], [54.1094, 24.1911], [54.1065, 24.193], [54.1065, 24.1982], [54.1018, 24.2021], [54.0971, 24.2052], [54.0924, 24.208], [54.0893, 24.21], [54.088, 24.2128], [54.0856, 24.2133], [54.0812, 24.2148], [54.0784, 24.2162]]], [[[53.3921, 24.248], [53.3948, 24.2467], [53.3955, 24.2455], [53.3995, 24.239], [53.3997, 24.2355], [53.3958, 24.2351], [53.3943, 24.2375], [53.3936, 24.2418], [53.3899, 24.2468], [53.3899, 24.2473], [53.3921, 24.248]]], [[[53.2812, 24.2915], [53.2758, 24.2888], [53.2716, 24.2854], [53.271, 24.28], [53.271, 24.2771], [53.2676, 24.274], [53.2657, 24.2706], [53.264, 24.2682], [53.2567, 24.2682], [53.2506, 24.2693], [53.2485, 24.2693], [53.2462, 24.2678], [53.2441, 24.272], [53.2429, 24.2757], [53.2411, 24.2776], [53.2362, 24.2799], [53.232, 24.2815], [53.2285, 24.282], [53.226, 24.2827], [53.2262, 24.2846], [53.228, 24.286], [53.229, 24.2874], [53.2269, 24.2892], [53.2246, 24.2906], [53.225, 24.2918], [53.2264, 24.2939], [53.2264, 24.2955], [53.2273, 24.2957], [53.2296, 24.2943], [53.23, 24.2946], [53.2334, 24.2953], [53.2366, 24.2944], [53.239, 24.2962], [53.2441, 24.2983], [53.2499, 24.3009], [53.2564, 24.3039], [53.2648, 24.3057], [53.2718, 24.3074], [53.2788, 24.309], [53.2865, 24.3106], [53.2953, 24.3132], [53.3051, 24.3157], [53.313, 24.3155], [53.3249, 24.3155], [53.3325, 24.3174], [53.3362, 24.3151], [53.3379, 24.3152], [53.3408, 24.3141], [53.3428, 24.311], [53.3445, 24.3084], [53.3466, 24.3056], [53.3485, 24.3045], [53.3493, 24.3022], [53.3459, 24.3037], [53.3445, 24.3053], [53.3421, 24.3084], [53.3394, 24.3091], [53.337, 24.3084], [53.3368, 24.3052], [53.3355, 24.3006], [53.3332, 24.2949], [53.3311, 24.2891], [53.3292, 24.2853], [53.3292, 24.2789], [53.3313, 24.2738], [53.333, 24.2693], [53.333, 24.2639], [53.333, 24.2628], [53.3329, 24.2629], [53.3328, 24.2611], [53.3286, 24.2618], [53.3249, 24.2643], [53.3195, 24.2708], [53.3174, 24.2757], [53.3144, 24.2813], [53.3107, 24.282], [53.3076, 24.2825], [53.302, 24.2831], [53.2969, 24.2854], [53.2901, 24.2878], [53.2858, 24.2912], [53.2812, 24.2915]]], [[[54.3861, 24.2639], [54.3858, 24.2645], [54.3845, 24.2669], [54.3845, 24.2684], [54.385, 24.2696], [54.3859, 24.2706], [54.3876, 24.2716], [54.4073, 24.2805], [54.4097, 24.2818], [54.4327, 24.2974], [54.4338, 24.2986], [54.4422, 24.3126], [54.4439, 24.3149], [54.4449, 24.3156], [54.4471, 24.3169], [54.4478, 24.3175], [54.4484, 24.3176], [54.449, 24.3177], [54.4499, 24.3164], [54.4513, 24.314], [54.4518, 24.3128], [54.4514, 24.3115], [54.4502, 24.3098], [54.4349, 24.2899], [54.416, 24.275], [54.4148, 24.2741], [54.412, 24.2725], [54.3909, 24.2627], [54.3893, 24.2623], [54.3881, 24.2625], [54.3871, 24.263], [54.3861, 24.2639]]], [[[53.7676, 24.2994], [53.7683, 24.3033], [53.7693, 24.3032], [53.7688, 24.302], [53.7703, 24.3004], [53.7736, 24.2965], [53.7759, 24.2973], [53.7766, 24.2963], [53.7754, 24.2949], [53.7751, 24.2946], [53.7745, 24.2949], [53.7716, 24.2954], [53.7684, 24.2956], [53.767, 24.2957], [53.7646, 24.2961], [53.7636, 24.2963], [53.7647, 24.2973], [53.7668, 24.2975], [53.7661, 24.2976], [53.7676, 24.2994]]], [[[53.8122, 24.3049], [53.812, 24.3047], [53.8115, 24.3025], [53.8078, 24.2977], [53.7875, 24.2949], [53.7833, 24.2964], [53.7835, 24.2967], [53.7821, 24.299], [53.7836, 24.2991], [53.7846, 24.2988], [53.7846, 24.2987], [53.7876, 24.2979], [53.7875, 24.3006], [53.7872, 24.3022], [53.7889, 24.3009], [53.7898, 24.3002], [53.7916, 24.2988], [53.7931, 24.3017], [53.7917, 24.3028], [53.7916, 24.3025], [53.7915, 24.3023], [53.7861, 24.308], [53.7917, 24.3137], [53.7926, 24.3137], [53.797, 24.3158], [53.8079, 24.3172], [53.8099, 24.3116], [53.8103, 24.3113], [53.8102, 24.3107], [53.8117, 24.3066], [53.812, 24.3065], [53.8121, 24.3054], [53.8122, 24.3049]]], [[[54.2715, 24.3384], [54.2729, 24.3382], [54.2734, 24.3379], [54.2741, 24.3376], [54.2747, 24.3376], [54.2753, 24.3373], [54.2765, 24.3368], [54.2772, 24.3369], [54.2784, 24.3371], [54.2791, 24.3366], [54.2792, 24.3362], [54.28, 24.3358], [54.2806, 24.3371], [54.2829, 24.3351], [54.2865, 24.3326], [54.2869, 24.3313], [54.2873, 24.3309], [54.2883, 24.3296], [54.2889, 24.3282], [54.2894, 24.3274], [54.2897, 24.3262], [54.2894, 24.3243], [54.289, 24.323], [54.2891, 24.321], [54.2892, 24.3197], [54.2895, 24.3183], [54.288, 24.319], [54.2827, 24.3226], [54.2786, 24.326], [54.2748, 24.3278], [54.2727, 24.3316], [54.2727, 24.3351], [54.2693, 24.337], [54.2688, 24.3378], [54.2705, 24.3384], [54.2715, 24.3384]]], [[[54.452, 24.3435], [54.4523, 24.3426], [54.4519, 24.3407], [54.45, 24.3348], [54.4492, 24.334], [54.448, 24.3332], [54.4473, 24.3314], [54.4472, 24.3306], [54.4464, 24.3302], [54.4447, 24.3306], [54.4387, 24.3322], [54.4381, 24.3325], [54.4376, 24.3334], [54.4373, 24.3347], [54.4371, 24.336], [54.4371, 24.3375], [54.4371, 24.3389], [54.4384, 24.3401], [54.4385, 24.3411], [54.4385, 24.3419], [54.4386, 24.3432], [54.4385, 24.3444], [54.4396, 24.3459], [54.4413, 24.3476], [54.4422, 24.349], [54.4427, 24.35], [54.444, 24.351], [54.4457, 24.3513], [54.4472, 24.3512], [54.4477, 24.3507], [54.4484, 24.3498], [54.4494, 24.3494], [54.4504, 24.3492], [54.4515, 24.3491], [54.4522, 24.3486], [54.4525, 24.3479], [54.4521, 24.3464], [54.4519, 24.345], [54.452, 24.3435]]], [[[54.2893, 24.349], [54.2889, 24.3503], [54.2901, 24.3506], [54.2911, 24.3518], [54.2924, 24.3508], [54.2948, 24.3486], [54.2952, 24.346], [54.2948, 24.3444], [54.2907, 24.3452], [54.2878, 24.3468], [54.2893, 24.349]]], [[[51.6592, 24.221], [51.6598, 24.2217], [51.6621, 24.2236], [51.6632, 24.2244], [51.6636, 24.225], [51.6639, 24.2257], [51.6641, 24.2262], [51.6644, 24.2267], [51.6646, 24.2274], [51.6648, 24.2279], [51.6648, 24.2283], [51.6646, 24.2288], [51.6643, 24.2291], [51.6647, 24.2297], [51.665, 24.2299], [51.6652, 24.2305], [51.6652, 24.2312], [51.6659, 24.2316], [51.6682, 24.2335], [51.6686, 24.234], [51.6687, 24.2346], [51.6688, 24.2354], [51.6689, 24.2356], [51.669, 24.2363], [51.6695, 24.2369], [51.6707, 24.2385], [51.6708, 24.2398], [51.6711, 24.2404], [51.6714, 24.2408], [51.6716, 24.2435], [51.6718, 24.244], [51.6721, 24.2444], [51.6722, 24.246], [51.6725, 24.2464], [51.6727, 24.247], [51.673, 24.2476], [51.6731, 24.248], [51.673, 24.2488], [51.6731, 24.2494], [51.6733, 24.2499], [51.6734, 24.2531], [51.6736, 24.2533], [51.6736, 24.2537], [51.6732, 24.2541], [51.6729, 24.2544], [51.6727, 24.2556], [51.6724, 24.2562], [51.6721, 24.2563], [51.6721, 24.2574], [51.6713, 24.2586], [51.6702, 24.26], [51.6692, 24.2606], [51.6688, 24.2607], [51.6684, 24.2611], [51.6685, 24.2616], [51.6686, 24.2618], [51.6683, 24.2626], [51.6678, 24.2637], [51.6676, 24.2642], [51.6677, 24.2656], [51.6681, 24.2661], [51.6679, 24.2683], [51.6677, 24.2689], [51.6678, 24.2693], [51.6678, 24.2703], [51.6681, 24.2711], [51.6681, 24.2727], [51.6678, 24.2728], [51.6678, 24.2731], [51.6681, 24.2735], [51.6683, 24.274], [51.6685, 24.2742], [51.6687, 24.2745], [51.6696, 24.2754], [51.6693, 24.2768], [51.6684, 24.2803], [51.6676, 24.2831], [51.6673, 24.2839], [51.6674, 24.2846], [51.6675, 24.286], [51.667, 24.2875], [51.6659, 24.2887], [51.6646, 24.2896], [51.6629, 24.2906], [51.6607, 24.2922], [51.6596, 24.2934], [51.6589, 24.2949], [51.6586, 24.296], [51.6585, 24.2972], [51.6586, 24.298], [51.659, 24.2991], [51.659, 24.3011], [51.659, 24.3023], [51.6583, 24.3036], [51.6572, 24.3049], [51.6561, 24.3061], [51.6547, 24.3067], [51.6531, 24.3072], [51.6519, 24.3072], [51.6514, 24.307], [51.6511, 24.3071], [51.6509, 24.3075], [51.6508, 24.3079], [51.6506, 24.3082], [51.6503, 24.3083], [51.6499, 24.3084], [51.6498, 24.3087], [51.6497, 24.309], [51.6501, 24.3093], [51.6504, 24.3095], [51.651, 24.3096], [51.6521, 24.309], [51.6527, 24.3087], [51.6532, 24.3089], [51.654, 24.3095], [51.6545, 24.31], [51.6547, 24.3107], [51.6544, 24.3126], [51.6541, 24.3132], [51.6536, 24.3135], [51.6533, 24.3135], [51.6533, 24.3137], [51.6535, 24.3144], [51.6537, 24.3151], [51.654, 24.3154], [51.654, 24.3161], [51.6539, 24.3168], [51.6536, 24.3171], [51.6531, 24.3171], [51.6529, 24.3176], [51.6526, 24.318], [51.6522, 24.3193], [51.652, 24.3201], [51.6518, 24.3206], [51.6515, 24.3212], [51.6519, 24.3218], [51.6522, 24.3226], [51.6529, 24.3231], [51.6533, 24.3236], [51.6536, 24.3246], [51.654, 24.3251], [51.654, 24.3258], [51.6546, 24.3262], [51.6549, 24.3262], [51.6553, 24.3261], [51.6551, 24.3258], [51.655, 24.3256], [51.6553, 24.3252], [51.6555, 24.3249], [51.6556, 24.3247], [51.6557, 24.3245], [51.6558, 24.3244], [51.656, 24.3243], [51.656, 24.3241], [51.6561, 24.3238], [51.6561, 24.3236], [51.6562, 24.3232], [51.6564, 24.3228], [51.6565, 24.3225], [51.6567, 24.3218], [51.6568, 24.3216], [51.657, 24.321], [51.6572, 24.3204], [51.6581, 24.3189], [51.6588, 24.3181], [51.6591, 24.3174], [51.6597, 24.3168], [51.6606, 24.3162], [51.6608, 24.3155], [51.6608, 24.3139], [51.6607, 24.3136], [51.6606, 24.3132], [51.6618, 24.3106], [51.6619, 24.3084], [51.6615, 24.3078], [51.6615, 24.3058], [51.6614, 24.3048], [51.6613, 24.3044], [51.6622, 24.3029], [51.6637, 24.3008], [51.6651, 24.2995], [51.6649, 24.2994], [51.6647, 24.2992], [51.6645, 24.299], [51.6645, 24.2988], [51.6646, 24.2986], [51.6659, 24.2971], [51.667, 24.2963], [51.6675, 24.2959], [51.6674, 24.2956], [51.6686, 24.2945], [51.6696, 24.2938], [51.6703, 24.2934], [51.6706, 24.2933], [51.6706, 24.2929], [51.6708, 24.2927], [51.6709, 24.2925], [51.671, 24.2923], [51.6711, 24.2921], [51.6711, 24.2906], [51.6713, 24.2905], [51.6712, 24.2902], [51.6711, 24.2902], [51.6712, 24.2899], [51.6714, 24.2893], [51.6718, 24.2884], [51.672, 24.288], [51.672, 24.2874], [51.6717, 24.2871], [51.6717, 24.2867], [51.672, 24.286], [51.6723, 24.2856], [51.6722, 24.2853], [51.6718, 24.2852], [51.671, 24.2852], [51.6705, 24.2851], [51.6702, 24.2849], [51.6701, 24.2847], [51.6697, 24.2847], [51.6693, 24.2846], [51.6689, 24.2843], [51.6685, 24.2841], [51.6682, 24.2829], [51.6682, 24.282], [51.6687, 24.2804], [51.67, 24.2763], [51.6702, 24.2762], [51.6707, 24.2766], [51.671, 24.2767], [51.6714, 24.2765], [51.6715, 24.2766], [51.672, 24.2765], [51.6723, 24.2763], [51.6726, 24.2763], [51.6727, 24.2764], [51.6731, 24.2764], [51.6736, 24.2764], [51.6739, 24.2765], [51.6741, 24.2764], [51.6743, 24.2762], [51.6748, 24.2759], [51.675, 24.2754], [51.6751, 24.2737], [51.6762, 24.2731], [51.6767, 24.2727], [51.6768, 24.2722], [51.677, 24.2722], [51.6771, 24.2718], [51.6773, 24.2718], [51.6776, 24.2709], [51.6776, 24.2705], [51.6778, 24.2703], [51.6779, 24.2698], [51.6782, 24.2696], [51.6783, 24.269], [51.6783, 24.2686], [51.6798, 24.2675], [51.68, 24.2658], [51.6803, 24.2654], [51.6801, 24.2648], [51.6799, 24.2645], [51.6798, 24.2641], [51.6805, 24.2632], [51.6809, 24.2627], [51.6813, 24.2625], [51.6814, 24.2617], [51.6816, 24.2612], [51.6817, 24.2604], [51.6816, 24.2597], [51.6824, 24.2582], [51.6833, 24.257], [51.6843, 24.2561], [51.6847, 24.2557], [51.6848, 24.2553], [51.6857, 24.2543], [51.6859, 24.2538], [51.6866, 24.2533], [51.6872, 24.2526], [51.6872, 24.2522], [51.6881, 24.2508], [51.6884, 24.2504], [51.6885, 24.2497], [51.6885, 24.2482], [51.6881, 24.248], [51.688, 24.2478], [51.6878, 24.2471], [51.6878, 24.2465], [51.6878, 24.2454], [51.6879, 24.2451], [51.6879, 24.2446], [51.6881, 24.2441], [51.6898, 24.2422], [51.6902, 24.2418], [51.6901, 24.2414], [51.6905, 24.2411], [51.6907, 24.2408], [51.6908, 24.2385], [51.6894, 24.237], [51.6893, 24.2363], [51.6893, 24.235], [51.6891, 24.2335], [51.689, 24.2334], [51.689, 24.2333], [51.6891, 24.233], [51.689, 24.2328], [51.6889, 24.2322], [51.6887, 24.2313], [51.6894, 24.2263], [51.6899, 24.2248], [51.6904, 24.2239], [51.691, 24.2229], [51.6909, 24.2224], [51.6907, 24.2218], [51.6905, 24.2214], [51.6909, 24.2199], [51.6914, 24.2192], [51.6915, 24.2183], [51.6916, 24.2175], [51.6919, 24.2174], [51.6921, 24.2161], [51.6935, 24.2148], [51.6959, 24.2136], [51.6977, 24.2127], [51.7004, 24.2118], [51.7009, 24.2117], [51.7023, 24.2116], [51.7041, 24.2113], [51.7051, 24.211], [51.7061, 24.2098], [51.7058, 24.2098], [51.7055, 24.2101], [51.7051, 24.2105], [51.7046, 24.2107], [51.7043, 24.2105], [51.7041, 24.2103], [51.7037, 24.2105], [51.7033, 24.2105], [51.7033, 24.2103], [51.7031, 24.2103], [51.7029, 24.2105], [51.7024, 24.2106], [51.7016, 24.2107], [51.7016, 24.2104], [51.7023, 24.2097], [51.7033, 24.2091], [51.704, 24.2086], [51.7045, 24.2085], [51.7051, 24.209], [51.7066, 24.2092], [51.7098, 24.2098], [51.7134, 24.2109], [51.7156, 24.2119], [51.718, 24.2137], [51.7203, 24.2162], [51.7217, 24.2187], [51.7218, 24.2192], [51.7217, 24.221], [51.7212, 24.2216], [51.7207, 24.2223], [51.7205, 24.2231], [51.7205, 24.2236], [51.721, 24.2248], [51.7209, 24.2269], [51.7203, 24.2282], [51.7195, 24.2292], [51.7184, 24.2304], [51.7178, 24.2315], [51.7176, 24.2327], [51.7176, 24.2336], [51.7173, 24.2345], [51.7168, 24.2353], [51.716, 24.2361], [51.7157, 24.237], [51.7153, 24.2397], [51.7152, 24.2422], [51.7158, 24.2431], [51.7159, 24.2437], [51.7157, 24.2473], [51.7155, 24.2483], [51.7158, 24.2491], [51.7165, 24.2499], [51.7172, 24.2505], [51.7178, 24.251], [51.7178, 24.2516], [51.7174, 24.252], [51.7169, 24.2525], [51.7168, 24.2528], [51.7173, 24.253], [51.7186, 24.2534], [51.7208, 24.2543], [51.7219, 24.2546], [51.7223, 24.2552], [51.7223, 24.256], [51.7218, 24.2568], [51.7217, 24.2571], [51.7222, 24.2573], [51.7233, 24.2577], [51.724, 24.258], [51.7243, 24.2583], [51.7243, 24.2594], [51.7243, 24.2599], [51.727, 24.2618], [51.7277, 24.2623], [51.7277, 24.2629], [51.7281, 24.2634], [51.7284, 24.2641], [51.7286, 24.2646], [51.7286, 24.2647], [51.7289, 24.2649], [51.7293, 24.2652], [51.7293, 24.2654], [51.7293, 24.2663], [51.7292, 24.2667], [51.7292, 24.267], [51.7292, 24.2675], [51.7291, 24.2676], [51.7304, 24.2687], [51.7306, 24.2689], [51.7324, 24.2704], [51.7336, 24.2717], [51.7338, 24.2719], [51.7338, 24.2727], [51.7343, 24.273], [51.7345, 24.2736], [51.7345, 24.2742], [51.7343, 24.2752], [51.7349, 24.2757], [51.7355, 24.2764], [51.7357, 24.2767], [51.7356, 24.277], [51.7357, 24.2773], [51.7359, 24.2774], [51.7361, 24.2774], [51.7362, 24.2778], [51.7366, 24.2781], [51.7372, 24.2785], [51.7382, 24.2795], [51.7389, 24.2799], [51.7392, 24.2804], [51.7396, 24.2809], [51.7401, 24.2811], [51.7404, 24.2813], [51.7409, 24.2818], [51.7416, 24.2822], [51.7419, 24.2827], [51.7431, 24.2833], [51.7444, 24.2849], [51.745, 24.2861], [51.7453, 24.2872], [51.7453, 24.2881], [51.7445, 24.2885], [51.7439, 24.2885], [51.7437, 24.2888], [51.7434, 24.2889], [51.7425, 24.2889], [51.7423, 24.2892], [51.7422, 24.2894], [51.7422, 24.2897], [51.7424, 24.2899], [51.7425, 24.2907], [51.7428, 24.2911], [51.7429, 24.2915], [51.7427, 24.2921], [51.7423, 24.2923], [51.7421, 24.2926], [51.7418, 24.2928], [51.7418, 24.2931], [51.7421, 24.2934], [51.7423, 24.2932], [51.7427, 24.2931], [51.7428, 24.2929], [51.7427, 24.2926], [51.7429, 24.2924], [51.7432, 24.292], [51.7433, 24.2915], [51.7434, 24.2912], [51.7436, 24.2909], [51.7439, 24.2907], [51.7442, 24.2907], [51.7444, 24.2908], [51.7445, 24.2914], [51.7446, 24.2912], [51.7444, 24.2906], [51.7444, 24.29], [51.7444, 24.2895], [51.7451, 24.2888], [51.7464, 24.2882], [51.7475, 24.2878], [51.7477, 24.2875], [51.7482, 24.2875], [51.749, 24.287], [51.7503, 24.2865], [51.751, 24.2864], [51.7527, 24.2859], [51.7534, 24.2857], [51.7536, 24.2853], [51.7539, 24.2847], [51.7541, 24.2843], [51.7546, 24.284], [51.7547, 24.2839], [51.7548, 24.2833], [51.756, 24.2828], [51.7591, 24.2819], [51.7613, 24.2813], [51.7629, 24.2812], [51.763, 24.2809], [51.7643, 24.2806], [51.765, 24.28], [51.766, 24.2795], [51.7666, 24.2792], [51.7667, 24.2785], [51.7668, 24.2782], [51.7669, 24.2777], [51.7674, 24.2775], [51.7677, 24.2772], [51.7678, 24.277], [51.7683, 24.2767], [51.7697, 24.2764], [51.77, 24.2763], [51.7704, 24.2762], [51.7705, 24.2758], [51.7708, 24.2754], [51.7708, 24.275], [51.7715, 24.2747], [51.7731, 24.2746], [51.7742, 24.2745], [51.7749, 24.274], [51.7755, 24.2735], [51.7756, 24.273], [51.7759, 24.2721], [51.7769, 24.2708], [51.7775, 24.2698], [51.7777, 24.2696], [51.7783, 24.2687], [51.7783, 24.2679], [51.7785, 24.2673], [51.7809, 24.2641], [51.7815, 24.2634], [51.7814, 24.2608], [51.7811, 24.2597], [51.7809, 24.2594], [51.7808, 24.2592], [51.7808, 24.2587], [51.7801, 24.2581], [51.7801, 24.2572], [51.7799, 24.2565], [51.7797, 24.2564], [51.7795, 24.2556], [51.7795, 24.2536], [51.7793, 24.2532], [51.779, 24.2532], [51.7787, 24.2531], [51.7785, 24.2529], [51.7783, 24.2527], [51.7777, 24.2527], [51.7776, 24.2523], [51.7772, 24.2517], [51.7772, 24.2514], [51.7777, 24.2511], [51.7785, 24.2509], [51.7781, 24.2509], [51.7772, 24.251], [51.7766, 24.2511], [51.7761, 24.2508], [51.7758, 24.2497], [51.7758, 24.2478], [51.7751, 24.2472], [51.7749, 24.245], [51.7747, 24.2435], [51.7747, 24.2402], [51.775, 24.2387], [51.7758, 24.2361], [51.7764, 24.2352], [51.7783, 24.2322], [51.7789, 24.2312], [51.7797, 24.2305], [51.7801, 24.2295], [51.7818, 24.227], [51.7819, 24.2264], [51.7818, 24.2261], [51.7815, 24.2259], [51.7812, 24.2258], [51.7808, 24.2257], [51.7805, 24.2256], [51.7802, 24.2254], [51.78, 24.2253], [51.7799, 24.2239], [51.7793, 24.2239], [51.7788, 24.2242], [51.7786, 24.224], [51.7784, 24.2239], [51.7781, 24.2238], [51.7778, 24.2234], [51.7775, 24.2228], [51.7775, 24.221], [51.7773, 24.2206], [51.777, 24.2203], [51.777, 24.2198], [51.7768, 24.2195], [51.7766, 24.219], [51.7765, 24.2186], [51.7765, 24.2181], [51.776, 24.2175], [51.7755, 24.2174], [51.7749, 24.217], [51.7745, 24.2165], [51.7743, 24.2162], [51.7738, 24.2162], [51.7736, 24.2158], [51.7733, 24.2153], [51.7732, 24.2145], [51.7738, 24.2095], [51.7744, 24.207], [51.7743, 24.2063], [51.7742, 24.2059], [51.774, 24.2054], [51.7738, 24.205], [51.7738, 24.2044], [51.7741, 24.2035], [51.7745, 24.2027], [51.7748, 24.2018], [51.7754, 24.199], [51.7756, 24.1987], [51.776, 24.1978], [51.7765, 24.1967], [51.7772, 24.1957], [51.7775, 24.1953], [51.7778, 24.194], [51.7777, 24.1931], [51.7772, 24.1924], [51.7769, 24.1919], [51.7768, 24.1913], [51.7767, 24.1899], [51.7749, 24.1899], [51.774, 24.1896], [51.7723, 24.1881], [51.7706, 24.1866], [51.77, 24.1857], [51.7695, 24.1846], [51.7688, 24.1837], [51.7681, 24.1829], [51.7678, 24.182], [51.7676, 24.1803], [51.7672, 24.1765], [51.7674, 24.1732], [51.7678, 24.17], [51.7683, 24.1681], [51.7689, 24.1672], [51.7689, 24.1656], [51.7675, 24.1645], [51.7673, 24.1639], [51.7673, 24.1631], [51.767, 24.1628], [51.7664, 24.162], [51.7659, 24.1616], [51.7652, 24.1612], [51.7651, 24.1607], [51.7643, 24.1598], [51.764, 24.1584], [51.7644, 24.1566], [51.7649, 24.1554], [51.7655, 24.155], [51.7657, 24.1547], [51.7653, 24.1541], [51.7652, 24.1535], [51.7652, 24.1527], [51.7659, 24.1497], [51.7669, 24.1466], [51.7677, 24.1441], [51.7678, 24.1427], [51.7678, 24.1416], [51.7682, 24.1403], [51.7684, 24.1391], [51.769, 24.1384], [51.7691, 24.1371], [51.7691, 24.1353], [51.7695, 24.1344], [51.7704, 24.1335], [51.7707, 24.1327], [51.7709, 24.1314], [51.7712, 24.1305], [51.7717, 24.1298], [51.7727, 24.1286], [51.7743, 24.1269], [51.7749, 24.1259], [51.7749, 24.1243], [51.7766, 24.1211], [51.7773, 24.1205], [51.7788, 24.1185], [51.7793, 24.1178], [51.7794, 24.1171], [51.779, 24.1166], [51.7786, 24.1164], [51.7783, 24.1162], [51.7783, 24.1155], [51.7784, 24.1135], [51.779, 24.1115], [51.7795, 24.1102], [51.7808, 24.108], [51.7811, 24.1069], [51.7816, 24.106], [51.7818, 24.1052], [51.7817, 24.1039], [51.7814, 24.1029], [51.781, 24.102], [51.7808, 24.1013], [51.7808, 24.1006], [51.7812, 24.0994], [51.7819, 24.0974], [51.7835, 24.0949], [51.784, 24.0934], [51.784, 24.0925], [51.7846, 24.0916], [51.7847, 24.0894], [51.7847, 24.0879], [51.785, 24.0868], [51.786, 24.0851], [51.7869, 24.0827], [51.7873, 24.0821], [51.7874, 24.0818], [51.7872, 24.0816], [51.7866, 24.0815], [51.7864, 24.0813], [51.7861, 24.0809], [51.786, 24.079], [51.7864, 24.0782], [51.7864, 24.0774], [51.786, 24.0767], [51.7857, 24.0765], [51.7854, 24.0763], [51.785, 24.0763], [51.7847, 24.0761], [51.7846, 24.0744], [51.7845, 24.0735], [51.785, 24.0723], [51.7858, 24.0707], [51.7861, 24.0703], [51.786, 24.0701], [51.7864, 24.0697], [51.7876, 24.0692], [51.7887, 24.0688], [51.7894, 24.0688], [51.7898, 24.0691], [51.79, 24.0699], [51.7903, 24.0704], [51.7906, 24.0702], [51.7901, 24.0694], [51.7899, 24.0689], [51.7899, 24.0686], [51.7902, 24.0683], [51.7907, 24.0681], [51.7911, 24.0677], [51.7909, 24.0675], [51.7906, 24.0679], [51.7902, 24.068], [51.7898, 24.0681], [51.7885, 24.0685], [51.7862, 24.0693], [51.7852, 24.0694], [51.7846, 24.0691], [51.7845, 24.0683], [51.7845, 24.0643], [51.7843, 24.0637], [51.7837, 24.0627], [51.7838, 24.0613], [51.7832, 24.0607], [51.7823, 24.0606], [51.7823, 24.0574], [51.782, 24.0568], [51.7817, 24.0563], [51.7812, 24.0561], [51.7806, 24.0561], [51.7807, 24.0539], [51.782, 24.0498], [51.7821, 24.049], [51.7823, 24.0468], [51.782, 24.0464], [51.782, 24.0461], [51.7823, 24.0457], [51.7823, 24.0452], [51.7822, 24.0449], [51.782, 24.0447], [51.7817, 24.0439], [51.7816, 24.0439], [51.7815, 24.0436], [51.7816, 24.043], [51.782, 24.042], [51.7825, 24.0408], [51.7825, 24.0395], [51.7838, 24.0368], [51.784, 24.0363], [51.784, 24.0359], [51.7839, 24.0354], [51.7838, 24.0349], [51.7839, 24.0344], [51.784, 24.0341], [51.7837, 24.0338], [51.7836, 24.0334], [51.7839, 24.0325], [51.7844, 24.0316], [51.7847, 24.0311], [51.7862, 24.028], [51.7866, 24.0278], [51.7885, 24.0245], [51.7889, 24.0236], [51.7897, 24.0219], [51.7901, 24.0212], [51.792, 24.0195], [51.7922, 24.0186], [51.7923, 24.0179], [51.793, 24.0171], [51.7957, 24.0142], [51.7968, 24.0132], [51.7976, 24.0126], [51.7988, 24.0117], [51.8005, 24.0101], [51.8005, 24.0097], [51.8005, 24.0094], [51.8002, 24.0088], [51.8001, 24.008], [51.8002, 24.0076], [51.8012, 24.0067], [51.8028, 24.0058], [51.804, 24.0055], [51.8053, 24.005], [51.8067, 24.0045], [51.8094, 24.0032], [51.8107, 24.0025], [51.8112, 24.0019], [51.8115, 24.0012], [51.8153, 23.9981], [51.8186, 23.9957], [51.8197, 23.9952], [51.823, 23.993], [51.8242, 23.9918], [51.8251, 23.9909], [51.8255, 23.9904], [51.8262, 23.99], [51.827, 23.9892], [51.8275, 23.989], [51.828, 23.9883], [51.8295, 23.9872], [51.832, 23.9859], [51.8342, 23.9852], [51.8377, 23.9844], [51.8421, 23.9836], [51.8455, 23.9828], [51.8509, 23.9821], [51.8563, 23.9818], [51.862, 23.9816], [51.8648, 23.9815], [51.8653, 23.9818], [51.8665, 23.9817], [51.8674, 23.9814], [51.8695, 23.9807], [51.8706, 23.9805], [51.8714, 23.9805], [51.8719, 23.9809], [51.8721, 23.9812], [51.8745, 23.9802], [51.8743, 23.9798], [51.874, 23.9794], [51.8746, 23.979], [51.8748, 23.9784], [51.8743, 23.9782], [51.874, 23.9782], [51.8743, 23.9777], [51.8744, 23.9772], [51.874, 23.977], [51.8731, 23.9777], [51.8723, 23.9781], [51.8721, 23.9782], [51.8717, 23.9781], [51.8719, 23.9779], [51.8728, 23.9774], [51.8736, 23.977], [51.8736, 23.9768], [51.8732, 23.9768], [51.8725, 23.9768], [51.872, 23.9771], [51.8719, 23.9769], [51.8723, 23.9766], [51.8727, 23.9763], [51.8724, 23.9762], [51.872, 23.9764], [51.8715, 23.9768], [51.8711, 23.977], [51.8705, 23.9769], [51.8706, 23.9764], [51.8715, 23.976], [51.8724, 23.9756], [51.8729, 23.975], [51.8726, 23.9748], [51.872, 23.9751], [51.8714, 23.9755], [51.8709, 23.9757], [51.8706, 23.9759], [51.8703, 23.9759], [51.8702, 23.9757], [51.8705, 23.9752], [51.8716, 23.9747], [51.8719, 23.9744], [51.8722, 23.974], [51.8721, 23.9738], [51.8715, 23.9741], [51.8711, 23.9743], [51.8703, 23.9749], [51.8699, 23.9751], [51.8698, 23.9749], [51.8703, 23.9744], [51.8711, 23.9739], [51.8718, 23.9737], [51.8723, 23.9734], [51.8721, 23.9728], [51.872, 23.9725], [51.8722, 23.9721], [51.8721, 23.9718], [51.8717, 23.9715], [51.8713, 23.9717], [51.871, 23.9719], [51.8709, 23.9723], [51.8709, 23.9724], [51.8711, 23.9727], [51.8708, 23.973], [51.8704, 23.9732], [51.8702, 23.9729], [51.87, 23.9726], [51.8696, 23.9728], [51.8696, 23.9731], [51.8696, 23.9734], [51.8694, 23.9735], [51.8691, 23.9732], [51.8693, 23.9728], [51.8695, 23.9726], [51.8697, 23.9724], [51.8699, 23.972], [51.8703, 23.9717], [51.8705, 23.9715], [51.8704, 23.9712], [51.8701, 23.9709], [51.8701, 23.9706], [51.8697, 23.9704], [51.8695, 23.9705], [51.8693, 23.9705], [51.8692, 23.9701], [51.8698, 23.9695], [51.87, 23.9688], [51.8705, 23.9685], [51.8712, 23.9681], [51.8717, 23.9677], [51.8721, 23.9676], [51.8724, 23.9677], [51.8727, 23.968], [51.8734, 23.9682], [51.8742, 23.968], [51.8747, 23.9675], [51.8751, 23.967], [51.8752, 23.9665], [51.8753, 23.966], [51.8754, 23.9665], [51.8753, 23.967], [51.8758, 23.9675], [51.8762, 23.9677], [51.8767, 23.9676], [51.877, 23.9669], [51.877, 23.966], [51.8769, 23.9648], [51.8765, 23.9641], [51.8764, 23.9634], [51.8763, 23.9627], [51.8772, 23.9629], [51.8784, 23.9638], [51.8791, 23.965], [51.8796, 23.9663], [51.8803, 23.9669], [51.8821, 23.9682], [51.8829, 23.9686], [51.8834, 23.9693], [51.8838, 23.9698], [51.8843, 23.9697], [51.8844, 23.9694], [51.8844, 23.969], [51.8849, 23.9688], [51.8855, 23.9688], [51.886, 23.9689], [51.8865, 23.9693], [51.8867, 23.9695], [51.8867, 23.9698], [51.8873, 23.97], [51.8879, 23.9697], [51.8878, 23.9693], [51.8876, 23.9691], [51.8875, 23.9688], [51.8881, 23.9686], [51.8887, 23.9687], [51.8914, 23.969], [51.8922, 23.9698], [51.8928, 23.9702], [51.8938, 23.9702], [51.8949, 23.9704], [51.8951, 23.9704], [51.8951, 23.9707], [51.8951, 23.9711], [51.8958, 23.971], [51.8963, 23.9709], [51.8981, 23.9712], [51.8994, 23.9713], [51.9001, 23.9715], [51.9002, 23.972], [51.901, 23.9721], [51.902, 23.972], [51.9026, 23.9722], [51.903, 23.9724], [51.9036, 23.9723], [51.9053, 23.9725], [51.9062, 23.9729], [51.9073, 23.9731], [51.909, 23.9728], [51.9111, 23.9723], [51.9123, 23.9717], [51.9127, 23.9713], [51.9122, 23.9711], [51.9116, 23.9716], [51.91, 23.9719], [51.909, 23.9723], [51.9078, 23.9724], [51.9071, 23.9723], [51.9076, 23.9719], [51.9091, 23.9716], [51.9107, 23.9713], [51.912, 23.971], [51.9128, 23.971], [51.9134, 23.9709], [51.915, 23.97], [51.9169, 23.9696], [51.9184, 23.9696], [51.9194, 23.9693], [51.9201, 23.969], [51.921, 23.969], [51.9222, 23.9685], [51.9225, 23.9679], [51.9234, 23.9653], [51.9243, 23.9641], [51.9248, 23.9635], [51.9248, 23.9605], [51.9243, 23.9592], [51.9236, 23.9586], [51.9228, 23.9577], [51.9224, 23.9565], [51.9224, 23.955], [51.9227, 23.9541], [51.9231, 23.9532], [51.9236, 23.9528], [51.924, 23.9532], [51.9244, 23.9537], [51.9245, 23.9543], [51.9246, 23.955], [51.925, 23.9551], [51.9254, 23.9547], [51.9258, 23.9538], [51.9263, 23.9533], [51.9269, 23.953], [51.9275, 23.953], [51.9281, 23.9535], [51.9286, 23.9539], [51.929, 23.954], [51.9299, 23.9536], [51.9304, 23.9533], [51.9309, 23.9523], [51.9313, 23.9519], [51.9318, 23.9516], [51.9327, 23.9522], [51.9335, 23.953], [51.9337, 23.9534], [51.9339, 23.9539], [51.9344, 23.954], [51.9357, 23.9547], [51.9367, 23.956], [51.938, 23.9563], [51.9389, 23.9565], [51.9395, 23.9569], [51.9396, 23.9576], [51.9397, 23.9581], [51.9396, 23.9594], [51.938, 23.9624], [51.9357, 23.9678], [51.9343, 23.9689], [51.932, 23.9727], [51.9296, 23.9765], [51.9287, 23.9781], [51.9284, 23.9786], [51.928, 23.9788], [51.9277, 23.9787], [51.9276, 23.9784], [51.9273, 23.9783], [51.927, 23.9786], [51.9267, 23.9794], [51.9272, 23.9839], [51.9277, 23.9844], [51.9286, 23.9859], [51.9294, 23.9871], [51.93, 23.9873], [51.9303, 23.9874], [51.9305, 23.9877], [51.9311, 23.9882], [51.9323, 23.9895], [51.9329, 23.9903], [51.9332, 23.9909], [51.9336, 23.9909], [51.9335, 23.9905], [51.9339, 23.9904], [51.9344, 23.9905], [51.935, 23.9903], [51.9355, 23.99], [51.9359, 23.9897], [51.936, 23.9898], [51.936, 23.9902], [51.9371, 23.9908], [51.9379, 23.9911], [51.9391, 23.9911], [51.9403, 23.9911], [51.9411, 23.9909], [51.9417, 23.9909], [51.9423, 23.991], [51.9427, 23.9913], [51.943, 23.9919], [51.9441, 23.9924], [51.9451, 23.992], [51.9459, 23.9916], [51.947, 23.9916], [51.9478, 23.9916], [51.9487, 23.9913], [51.9494, 23.991], [51.9503, 23.9911], [51.9516, 23.991], [51.953, 23.9908], [51.9542, 23.9907], [51.9546, 23.991], [51.9543, 23.992], [51.9541, 23.9933], [51.9543, 23.9938], [51.9546, 23.994], [51.9543, 23.995], [51.9533, 23.9952], [51.9521, 23.9951], [51.9505, 23.9949], [51.9496, 23.9944], [51.9494, 23.9941], [51.9492, 23.9947], [51.95, 23.9954], [51.9513, 23.9958], [51.9537, 23.9959], [51.9538, 23.9962], [51.9537, 23.9966], [51.9535, 23.9969], [51.9528, 23.9972], [51.9534, 23.9976], [51.9542, 23.9974], [51.955, 23.9968], [51.9556, 23.9967], [51.9556, 23.9973], [51.9554, 23.9979], [51.9548, 23.9985], [51.954, 23.9989], [51.9535, 23.9988], [51.9537, 23.9992], [51.9544, 23.9992], [51.9552, 23.9986], [51.9556, 23.9983], [51.9555, 23.9989], [51.955, 23.9993], [51.9549, 23.9995], [51.9553, 23.9999], [51.9552, 24.0006], [51.9547, 24.0011], [51.9547, 24.0015], [51.9543, 24.001], [51.9533, 24.0006], [51.9537, 24.0012], [51.9547, 24.0019], [51.9551, 24.0024], [51.9551, 24.0031], [51.9554, 24.0036], [51.9557, 24.0024], [51.9556, 24.0014], [51.956, 24.0003], [51.9563, 23.9992], [51.9567, 23.9983], [51.9567, 23.9949], [51.9578, 23.9901], [51.96, 23.9872], [51.9616, 23.9863], [51.9636, 23.9857], [51.9649, 23.9849], [51.9688, 23.9848], [51.9736, 23.9851], [51.9762, 23.9851], [51.9804, 23.9842], [51.984, 23.9829], [51.9862, 23.9816], [51.987, 23.9815], [51.9873, 23.9819], [51.9884, 23.9819], [51.9898, 23.9812], [51.991, 23.9812], [51.9923, 23.9815], [51.996, 23.9816], [52.0024, 23.9818], [52.0062, 23.9817], [52.0089, 23.9821], [52.0132, 23.9822], [52.0149, 23.9824], [52.0154, 23.9818], [52.0144, 23.9807], [52.0133, 23.9802], [52.0122, 23.9793], [52.011, 23.9791], [52.0102, 23.9787], [52.011, 23.9779], [52.014, 23.9762], [52.018, 23.9745], [52.0193, 23.9745], [52.0227, 23.9747], [52.0239, 23.9754], [52.025, 23.9759], [52.0257, 23.9769], [52.0255, 23.9776], [52.025, 23.9779], [52.0245, 23.9782], [52.0247, 23.9787], [52.0253, 23.9794], [52.0254, 23.9799], [52.025, 23.9794], [52.0245, 23.9788], [52.0243, 23.9786], [52.0242, 23.9789], [52.0246, 23.9796], [52.0251, 23.9802], [52.0252, 23.981], [52.0252, 23.9821], [52.0249, 23.9826], [52.0243, 23.9828], [52.0239, 23.9825], [52.0234, 23.9828], [52.0234, 23.9843], [52.0233, 23.9849], [52.0236, 23.9852], [52.0234, 23.9856], [52.0231, 23.9862], [52.0231, 23.9868], [52.0227, 23.9869], [52.0227, 23.9863], [52.0228, 23.9856], [52.0229, 23.9851], [52.0224, 23.9857], [52.0221, 23.9864], [52.0222, 23.987], [52.0216, 23.9878], [52.021, 23.9883], [52.0207, 23.9881], [52.0207, 23.9875], [52.0205, 23.9873], [52.0204, 23.9871], [52.0205, 23.9864], [52.02, 23.9865], [52.02, 23.9872], [52.0198, 23.9875], [52.0196, 23.9875], [52.0196, 23.9879], [52.0196, 23.9885], [52.0196, 23.989], [52.0193, 23.9891], [52.019, 23.9895], [52.0195, 23.9897], [52.0202, 23.9896], [52.0211, 23.9895], [52.0221, 23.9893], [52.0225, 23.9894], [52.0225, 23.9898], [52.0227, 23.9904], [52.0229, 23.9897], [52.0228, 23.9892], [52.0239, 23.988], [52.0252, 23.9859], [52.0283, 23.9807], [52.0288, 23.9797], [52.029, 23.979], [52.0292, 23.9784], [52.0299, 23.9774], [52.03, 23.9767], [52.0305, 23.976], [52.0305, 23.9748], [52.0351, 23.9671], [52.0381, 23.964], [52.0392, 23.9622], [52.0403, 23.9605], [52.0425, 23.957], [52.0433, 23.9569], [52.0441, 23.9566], [52.0442, 23.9562], [52.0445, 23.9562], [52.0447, 23.9565], [52.0454, 23.9565], [52.0454, 23.9562], [52.0452, 23.9558], [52.0452, 23.9555], [52.0457, 23.9556], [52.0461, 23.9554], [52.0463, 23.9548], [52.0464, 23.9543], [52.0459, 23.954], [52.0453, 23.9533], [52.0454, 23.9529], [52.0474, 23.9528], [52.0498, 23.9535], [52.0528, 23.9556], [52.0556, 23.9566], [52.0578, 23.9566], [52.0614, 23.956], [52.0614, 23.9554], [52.0611, 23.955], [52.0613, 23.9546], [52.0622, 23.9545], [52.0628, 23.9543], [52.0629, 23.9538], [52.0632, 23.9542], [52.0634, 23.9547], [52.064, 23.955], [52.0654, 23.955], [52.0661, 23.9543], [52.0663, 23.9534], [52.0667, 23.9529], [52.067, 23.9523], [52.0674, 23.9525], [52.0676, 23.953], [52.0692, 23.9519], [52.0719, 23.9509], [52.0751, 23.9502], [52.0757, 23.9497], [52.0766, 23.9498], [52.0776, 23.9495], [52.0782, 23.9489], [52.079, 23.949], [52.0795, 23.9496], [52.0805, 23.95], [52.0813, 23.9498], [52.0825, 23.9491], [52.0841, 23.9478], [52.0856, 23.9475], [52.0871, 23.9461], [52.0893, 23.9459], [52.0907, 23.9458], [52.0924, 23.9425], [52.0929, 23.9412], [52.0936, 23.9403], [52.0944, 23.9399], [52.0948, 23.9414], [52.0957, 23.9423], [52.096, 23.9407], [52.0966, 23.9403], [52.0964, 23.9423], [52.0978, 23.94], [52.0982, 23.9405], [52.0978, 23.943], [52.0973, 23.9453], [52.0973, 23.9466], [52.0965, 23.9469], [52.0965, 23.9483], [52.0969, 23.9483], [52.0973, 23.9479], [52.0977, 23.9485], [52.0979, 23.9493], [52.0984, 23.9493], [52.0988, 23.9492], [52.0985, 23.9499], [52.0981, 23.9503], [52.0983, 23.9513], [52.0977, 23.952], [52.0974, 23.9525], [52.0975, 23.9541], [52.0985, 23.9545], [52.0999, 23.955], [52.1003, 23.9555], [52.0995, 23.9552], [52.0985, 23.9549], [52.0982, 23.9552], [52.0982, 23.9557], [52.0979, 23.9559], [52.0974, 23.9558], [52.0966, 23.9553], [52.0965, 23.9553], [52.0973, 23.9561], [52.0983, 23.9566], [52.0996, 23.9566], [52.101, 23.9565], [52.1016, 23.9563], [52.1021, 23.9564], [52.1026, 23.9564], [52.1038, 23.9572], [52.1046, 23.9582], [52.1054, 23.9594], [52.1049, 23.9611], [52.1045, 23.9621], [52.1042, 23.9629], [52.1041, 23.9636], [52.1042, 23.9643], [52.1039, 23.9646], [52.1038, 23.9647], [52.1034, 23.9644], [52.103, 23.9646], [52.1029, 23.9654], [52.1029, 23.9656], [52.1022, 23.966], [52.1018, 23.966], [52.1013, 23.9657], [52.1011, 23.9656], [52.1007, 23.9655], [52.1006, 23.9663], [52.1007, 23.9667], [52.1011, 23.967], [52.1006, 23.9673], [52.1002, 23.9669], [52.0999, 23.9666], [52.0999, 23.9663], [52.0998, 23.9666], [52.0998, 23.9671], [52.1, 23.9677], [52.0999, 23.9681], [52.0994, 23.9685], [52.0988, 23.969], [52.0983, 23.9695], [52.0978, 23.9699], [52.0976, 23.9698], [52.0974, 23.9692], [52.0973, 23.9686], [52.0971, 23.9685], [52.0966, 23.9687], [52.0966, 23.9691], [52.0965, 23.9692], [52.0967, 23.9697], [52.0967, 23.9706], [52.0969, 23.9713], [52.0979, 23.9712], [52.0984, 23.9714], [52.099, 23.9713], [52.0993, 23.9705], [52.0995, 23.97], [52.1004, 23.9693], [52.1029, 23.9682], [52.1054, 23.9681], [52.1065, 23.9681], [52.1099, 23.9663], [52.1114, 23.9656], [52.1131, 23.965], [52.1138, 23.965], [52.1153, 23.9684], [52.1156, 23.9683], [52.1144, 23.9649], [52.1183, 23.9635], [52.1227, 23.962], [52.1261, 23.9615], [52.1311, 23.9612], [52.1334, 23.9611], [52.1376, 23.9599], [52.1405, 23.9594], [52.1452, 23.9591], [52.1497, 23.9593], [52.1551, 23.9603], [52.1594, 23.9615], [52.1617, 23.9617], [52.1661, 23.9613], [52.1701, 23.9609], [52.174, 23.9609], [52.1745, 23.9609], [52.182, 23.9611], [52.1821, 23.9611], [52.184, 23.9611], [52.1868, 23.9614], [52.1919, 23.9618], [52.1977, 23.9623], [52.1994, 23.9626], [52.2055, 23.9635], [52.2112, 23.9644], [52.217, 23.9663], [52.22, 23.967], [52.2217, 23.9675], [52.2215, 23.9677], [52.2216, 23.9679], [52.2225, 23.9679], [52.2248, 23.9683], [52.2306, 23.9699], [52.237, 23.9714], [52.243, 23.9729], [52.249, 23.974], [52.2544, 23.9754], [52.2569, 23.9763], [52.2577, 23.9767], [52.2588, 23.9769], [52.2595, 23.9773], [52.2601, 23.9775], [52.2607, 23.9776], [52.2616, 23.9784], [52.2617, 23.9786], [52.2616, 23.9789], [52.2615, 23.9794], [52.2626, 23.9796], [52.2639, 23.9801], [52.2662, 23.9805], [52.2675, 23.9806], [52.2728, 23.9816], [52.2741, 23.982], [52.2759, 23.9826], [52.2795, 23.9835], [52.2841, 23.985], [52.2913, 23.9879], [52.2935, 23.9888], [52.2951, 23.9897], [52.2963, 23.9905], [52.2981, 23.9909], [52.3049, 23.9932], [52.3123, 23.996], [52.3157, 23.9971], [52.3169, 23.9976], [52.3194, 23.9994], [52.322, 24.0011], [52.3243, 24.0033], [52.3264, 24.006], [52.327, 24.0066], [52.3275, 24.0073], [52.3276, 24.0081], [52.3279, 24.0084], [52.3279, 24.009], [52.3277, 24.0091], [52.3276, 24.0095], [52.3278, 24.0103], [52.3285, 24.0113], [52.3302, 24.0128], [52.3318, 24.0139], [52.3332, 24.0148], [52.3377, 24.0172], [52.3399, 24.0183], [52.3441, 24.0204], [52.3456, 24.0214], [52.346, 24.0217], [52.3474, 24.023], [52.3499, 24.025], [52.3532, 24.0272], [52.3563, 24.0295], [52.3601, 24.0313], [52.3611, 24.0318], [52.3645, 24.0333], [52.3689, 24.0358], [52.3707, 24.0364], [52.3713, 24.0368], [52.3716, 24.0371], [52.3725, 24.0374], [52.3754, 24.0386], [52.3789, 24.0406], [52.3802, 24.0412], [52.3818, 24.0417], [52.382, 24.042], [52.3839, 24.0424], [52.3866, 24.0431], [52.39, 24.0442], [52.3927, 24.0451], [52.3964, 24.046], [52.3999, 24.0461], [52.402, 24.0461], [52.4024, 24.0464], [52.4044, 24.0469], [52.407, 24.048], [52.4104, 24.0491], [52.412, 24.0496], [52.4135, 24.0501], [52.4146, 24.0504], [52.4167, 24.0514], [52.4204, 24.053], [52.422, 24.0537], [52.4249, 24.0556], [52.4268, 24.0571], [52.4286, 24.0575], [52.4328, 24.0589], [52.4342, 24.0597], [52.4358, 24.0609], [52.4366, 24.0616], [52.4369, 24.0621], [52.4373, 24.0621], [52.4379, 24.0623], [52.4399, 24.0631], [52.4431, 24.0646], [52.4448, 24.066], [52.4464, 24.0671], [52.4475, 24.0678], [52.4486, 24.0687], [52.449, 24.069], [52.4507, 24.0706], [52.4521, 24.0723], [52.4539, 24.0747], [52.4566, 24.0785], [52.4574, 24.0803], [52.4581, 24.0819], [52.4585, 24.0839], [52.4585, 24.0854], [52.4584, 24.0869], [52.4577, 24.088], [52.457, 24.0889], [52.4564, 24.0895], [52.4562, 24.0903], [52.4561, 24.0913], [52.4559, 24.0918], [52.456, 24.0921], [52.4562, 24.0922], [52.4569, 24.0916], [52.4588, 24.0912], [52.4607, 24.0911], [52.4656, 24.0913], [52.4676, 24.092], [52.4704, 24.0934], [52.4727, 24.095], [52.4734, 24.0959], [52.4737, 24.0968], [52.4741, 24.0976], [52.4755, 24.0988], [52.4776, 24.0994], [52.4805, 24.0993], [52.4811, 24.0995], [52.4823, 24.0995], [52.4855, 24.0996], [52.4887, 24.0999], [52.4906, 24.1003], [52.4953, 24.1012], [52.4981, 24.1019], [52.5019, 24.1032], [52.5045, 24.1045], [52.5088, 24.1067], [52.5127, 24.1091], [52.5136, 24.1098], [52.5148, 24.1111], [52.5186, 24.1142], [52.5198, 24.1152], [52.5214, 24.1161], [52.5238, 24.1173], [52.5284, 24.1193], [52.5295, 24.1197], [52.5345, 24.1214], [52.5364, 24.1226], [52.5385, 24.123], [52.5389, 24.1231], [52.5404, 24.1236], [52.5419, 24.1241], [52.543, 24.1245], [52.5481, 24.1257], [52.5496, 24.1264], [52.5521, 24.1282], [52.5537, 24.1294], [52.5561, 24.1298], [52.5592, 24.1304], [52.5617, 24.1313], [52.5628, 24.132], [52.5633, 24.1327], [52.5639, 24.1335], [52.5648, 24.1343], [52.5706, 24.138], [52.5717, 24.1388], [52.5722, 24.14], [52.5709, 24.1417], [52.5678, 24.1438], [52.5664, 24.1445], [52.5658, 24.1446], [52.5652, 24.144], [52.565, 24.1436], [52.565, 24.1431], [52.5655, 24.1426], [52.5657, 24.1422], [52.5654, 24.1419], [52.5652, 24.1415], [52.5655, 24.1409], [52.5654, 24.1407], [52.5648, 24.1412], [52.5644, 24.1416], [52.5639, 24.1417], [52.5634, 24.142], [52.5637, 24.142], [52.5642, 24.1419], [52.5642, 24.1422], [52.5638, 24.1424], [52.5638, 24.1429], [52.5635, 24.1433], [52.5633, 24.1435], [52.563, 24.1433], [52.5629, 24.143], [52.563, 24.1425], [52.5633, 24.1423], [52.5631, 24.1417], [52.5626, 24.1407], [52.5625, 24.1403], [52.5625, 24.1398], [52.563, 24.1397], [52.563, 24.1395], [52.5626, 24.1397], [52.5622, 24.14], [52.5621, 24.1404], [52.5623, 24.1407], [52.5625, 24.1414], [52.5625, 24.1421], [52.5625, 24.1431], [52.5621, 24.143], [52.5615, 24.1426], [52.5607, 24.1421], [52.5604, 24.1417], [52.5602, 24.1411], [52.5599, 24.1403], [52.5597, 24.1403], [52.5599, 24.1407], [52.56, 24.1413], [52.5598, 24.1413], [52.5595, 24.1413], [52.5595, 24.1416], [52.56, 24.1422], [52.5605, 24.1423], [52.5611, 24.1427], [52.5613, 24.1431], [52.5619, 24.1435], [52.562, 24.1442], [52.5627, 24.1455], [52.5639, 24.1466], [52.5648, 24.1473], [52.5654, 24.1486], [52.5616, 24.1487], [52.5613, 24.1487], [52.5615, 24.1523], [52.5615, 24.1536], [52.5615, 24.1567], [52.5621, 24.1567], [52.5622, 24.1575], [52.5623, 24.1576], [52.5623, 24.161], [52.5622, 24.161], [52.5622, 24.1651], [52.5617, 24.1652], [52.5617, 24.1667], [52.5617, 24.17], [52.5615, 24.1701], [52.5616, 24.1712], [52.5617, 24.1713], [52.5617, 24.1721], [52.5651, 24.1703], [52.5659, 24.1719], [52.5666, 24.172], [52.5662, 24.1723], [52.5658, 24.1728], [52.566, 24.1733], [52.566, 24.1736], [52.5663, 24.1737], [52.5667, 24.1736], [52.567, 24.1741], [52.5666, 24.1747], [52.5663, 24.1753], [52.5658, 24.1758], [52.5659, 24.1762], [52.5658, 24.1764], [52.5658, 24.1767], [52.5662, 24.177], [52.5661, 24.1773], [52.5659, 24.1776], [52.5658, 24.1779], [52.566, 24.1781], [52.5661, 24.1783], [52.5657, 24.179], [52.5653, 24.1791], [52.5649, 24.1787], [52.5643, 24.1766], [52.5638, 24.1746], [52.5634, 24.1738], [52.5631, 24.1738], [52.563, 24.1742], [52.5633, 24.1747], [52.5635, 24.1755], [52.5638, 24.1764], [52.5646, 24.1787], [52.5653, 24.1799], [52.5654, 24.181], [52.5654, 24.182], [52.5662, 24.1827], [52.5668, 24.1832], [52.5685, 24.1814], [52.5693, 24.1805], [52.5696, 24.1806], [52.5704, 24.1812], [52.5707, 24.1814], [52.5713, 24.1823], [52.5711, 24.1829], [52.5709, 24.1835], [52.5707, 24.184], [52.5701, 24.1844], [52.5696, 24.1844], [52.5694, 24.1847], [52.5695, 24.1856], [52.5701, 24.1852], [52.5705, 24.1846], [52.5711, 24.1847], [52.5717, 24.1853], [52.5724, 24.1856], [52.5732, 24.1856], [52.5737, 24.1853], [52.5743, 24.1853], [52.5754, 24.1862], [52.5819, 24.1909], [52.5858, 24.1936], [52.5901, 24.1956], [52.593, 24.1964], [52.593, 24.1965], [52.5931, 24.1968], [52.5931, 24.197], [52.5931, 24.1973], [52.5929, 24.1994], [52.5929, 24.1996], [52.593, 24.1996], [52.5931, 24.1993], [52.5934, 24.1973], [52.5934, 24.1971], [52.5934, 24.1969], [52.5934, 24.1967], [52.5933, 24.1964], [52.596, 24.1972], [52.6033, 24.1974], [52.6088, 24.1967], [52.6137, 24.1947], [52.616, 24.1931], [52.6161, 24.1927], [52.6171, 24.192], [52.6177, 24.1914], [52.6203, 24.1905], [52.6237, 24.1902], [52.6264, 24.1895], [52.6287, 24.1912], [52.6292, 24.1916], [52.6298, 24.1918], [52.6295, 24.1913], [52.6294, 24.1911], [52.6291, 24.191], [52.6287, 24.1906], [52.6273, 24.1895], [52.6261, 24.1881], [52.6263, 24.1874], [52.6268, 24.1865], [52.6276, 24.1857], [52.6289, 24.1849], [52.6301, 24.1841], [52.631, 24.1835], [52.6314, 24.1835], [52.633, 24.1816], [52.633, 24.1811], [52.633, 24.1805], [52.6329, 24.1802], [52.6327, 24.1803], [52.6325, 24.1804], [52.6324, 24.1802], [52.6322, 24.1799], [52.6323, 24.1798], [52.6326, 24.1799], [52.6327, 24.1796], [52.6321, 24.1782], [52.632, 24.1777], [52.6323, 24.1769], [52.633, 24.1762], [52.6336, 24.1757], [52.6338, 24.1754], [52.6341, 24.1739], [52.6342, 24.173], [52.6345, 24.1722], [52.6349, 24.1715], [52.6366, 24.1695], [52.6377, 24.1686], [52.6388, 24.1677], [52.6398, 24.1672], [52.6413, 24.1662], [52.643, 24.1657], [52.6443, 24.1651], [52.6462, 24.1644], [52.65, 24.1632], [52.6512, 24.1625], [52.6521, 24.1619], [52.6526, 24.1617], [52.6531, 24.1612], [52.6534, 24.1606], [52.6539, 24.1602], [52.655, 24.1596], [52.6571, 24.1582], [52.6584, 24.1573], [52.6602, 24.1557], [52.6608, 24.1546], [52.6623, 24.1521], [52.6637, 24.1499], [52.664, 24.1493], [52.664, 24.148], [52.6647, 24.1467], [52.6662, 24.1443], [52.6677, 24.1423], [52.668, 24.1417], [52.6691, 24.1404], [52.6694, 24.1392], [52.6696, 24.1373], [52.6693, 24.1366], [52.6693, 24.138], [52.6692, 24.1383], [52.6691, 24.1386], [52.6689, 24.1393], [52.6685, 24.1398], [52.6679, 24.14], [52.6679, 24.1396], [52.6681, 24.1389], [52.6681, 24.138], [52.668, 24.1378], [52.6677, 24.1378], [52.6679, 24.1354], [52.6684, 24.134], [52.6686, 24.1334], [52.6683, 24.1323], [52.6684, 24.1323], [52.6682, 24.1317], [52.6678, 24.1314], [52.6676, 24.1311], [52.6677, 24.1297], [52.6684, 24.129], [52.6699, 24.1284], [52.6702, 24.1284], [52.67, 24.129], [52.6701, 24.1295], [52.6714, 24.1308], [52.6719, 24.1393], [52.6757, 24.1445], [52.6756, 24.1448], [52.677, 24.1449], [52.6792, 24.1449], [52.6814, 24.1458], [52.6843, 24.1458], [52.6864, 24.1469], [52.6879, 24.1477], [52.6897, 24.1477], [52.6936, 24.1524], [52.6941, 24.1518], [52.6901, 24.1464], [52.6901, 24.1458], [52.6937, 24.1461], [52.6982, 24.146], [52.7001, 24.146], [52.7007, 24.1463], [52.7013, 24.1463], [52.7016, 24.1461], [52.702, 24.1462], [52.7024, 24.1463], [52.7033, 24.1462], [52.7034, 24.1457], [52.7038, 24.1453], [52.7045, 24.1448], [52.7057, 24.1443], [52.7069, 24.1439], [52.7082, 24.1437], [52.7089, 24.1439], [52.7099, 24.1441], [52.7108, 24.1445], [52.7116, 24.1448], [52.7119, 24.1445], [52.7121, 24.1442], [52.7125, 24.144], [52.7128, 24.144], [52.7128, 24.1443], [52.713, 24.1445], [52.7131, 24.1446], [52.7132, 24.1441], [52.7135, 24.1439], [52.7136, 24.1435], [52.7133, 24.1433], [52.7131, 24.1432], [52.7128, 24.1431], [52.7128, 24.1428], [52.7128, 24.1424], [52.7131, 24.1423], [52.718, 24.1424], [52.7185, 24.1419], [52.7195, 24.1414], [52.7203, 24.1413], [52.7208, 24.1415], [52.7212, 24.1416], [52.7215, 24.1419], [52.7215, 24.142], [52.7216, 24.1419], [52.7233, 24.1419], [52.7235, 24.1426], [52.7267, 24.1424], [52.7267, 24.1408], [52.7289, 24.1408], [52.7286, 24.1424], [52.7315, 24.1426], [52.7315, 24.143], [52.7347, 24.1428], [52.7343, 24.1474], [52.734, 24.1485], [52.7344, 24.148], [52.7333, 24.1537], [52.734, 24.1541], [52.7345, 24.1499], [52.7357, 24.1486], [52.7386, 24.147], [52.7392, 24.1468], [52.7408, 24.1458], [52.7407, 24.1455], [52.7413, 24.1453], [52.7417, 24.1452], [52.7421, 24.1448], [52.7418, 24.1445], [52.7407, 24.1441], [52.7399, 24.1434], [52.739, 24.1424], [52.7387, 24.1419], [52.7388, 24.1417], [52.7392, 24.1418], [52.74, 24.1427], [52.7407, 24.1435], [52.7416, 24.1439], [52.7428, 24.1441], [52.7435, 24.1438], [52.7434, 24.1437], [52.7426, 24.1437], [52.7414, 24.1436], [52.7407, 24.1432], [52.7392, 24.1415], [52.7394, 24.1414], [52.7413, 24.1431], [52.7422, 24.1433], [52.7435, 24.1434], [52.7464, 24.1413], [52.748, 24.1402], [52.7509, 24.1397], [52.7507, 24.1393], [52.7485, 24.1398], [52.7475, 24.1392], [52.7475, 24.1387], [52.7479, 24.1381], [52.7483, 24.1378], [52.748, 24.1375], [52.7477, 24.137], [52.7477, 24.1367], [52.7481, 24.1368], [52.7485, 24.1371], [52.7489, 24.137], [52.749, 24.1366], [52.749, 24.1365], [52.7521, 24.135], [52.7557, 24.1334], [52.7568, 24.1334], [52.7567, 24.1312], [52.757, 24.1313], [52.7572, 24.1313], [52.7572, 24.131], [52.7572, 24.1309], [52.758, 24.1305], [52.7583, 24.1301], [52.7592, 24.1299], [52.7617, 24.1299], [52.7629, 24.1283], [52.7632, 24.1282], [52.7633, 24.128], [52.7638, 24.1276], [52.7639, 24.1275], [52.7655, 24.1265], [52.7673, 24.1262], [52.7678, 24.1261], [52.7681, 24.1262], [52.7684, 24.1264], [52.769, 24.1269], [52.7691, 24.1265], [52.7689, 24.1261], [52.7691, 24.126], [52.7695, 24.1261], [52.7697, 24.1263], [52.7702, 24.1262], [52.7706, 24.1264], [52.771, 24.1265], [52.7714, 24.1266], [52.7715, 24.1268], [52.7718, 24.1268], [52.7719, 24.1272], [52.772, 24.1269], [52.7723, 24.1266], [52.7725, 24.1265], [52.7726, 24.1262], [52.7729, 24.126], [52.7735, 24.1259], [52.7757, 24.1264], [52.7791, 24.1275], [52.7802, 24.1281], [52.7829, 24.1283], [52.7833, 24.1283], [52.785, 24.1286], [52.7855, 24.1288], [52.7857, 24.1288], [52.7863, 24.1289], [52.7877, 24.1294], [52.789, 24.1295], [52.7921, 24.1304], [52.7952, 24.1311], [52.7986, 24.1318], [52.8015, 24.1325], [52.8049, 24.1339], [52.8064, 24.1343], [52.8072, 24.135], [52.8077, 24.135], [52.8083, 24.1355], [52.8087, 24.1355], [52.8092, 24.1355], [52.8151, 24.1389], [52.819, 24.1415], [52.8203, 24.142], [52.8219, 24.1422], [52.824, 24.1428], [52.8254, 24.1434], [52.8257, 24.144], [52.8263, 24.1442], [52.8274, 24.1442], [52.8279, 24.1443], [52.8287, 24.1447], [52.8294, 24.1449], [52.8306, 24.1448], [52.8307, 24.1446], [52.8299, 24.1446], [52.8298, 24.1444], [52.8305, 24.1441], [52.831, 24.144], [52.8332, 24.1442], [52.8376, 24.1454], [52.8393, 24.1456], [52.8396, 24.1459], [52.8403, 24.1462], [52.8412, 24.1462], [52.842, 24.1459], [52.8427, 24.1454], [52.843, 24.145], [52.8429, 24.1448], [52.8425, 24.1447], [52.8424, 24.1445], [52.8425, 24.1441], [52.8431, 24.1437], [52.8436, 24.1433], [52.8446, 24.1427], [52.8475, 24.1408], [52.8502, 24.1386], [52.8508, 24.1377], [52.8513, 24.1365], [52.8518, 24.1355], [52.8523, 24.1352], [52.8528, 24.1347], [52.8529, 24.134], [52.8537, 24.1331], [52.8545, 24.1324], [52.8554, 24.1319], [52.8558, 24.1315], [52.8558, 24.1306], [52.8569, 24.1303], [52.8583, 24.1305], [52.859, 24.1308], [52.8597, 24.131], [52.8594, 24.1307], [52.8594, 24.1305], [52.86, 24.1304], [52.8607, 24.1301], [52.8611, 24.13], [52.8625, 24.1303], [52.8629, 24.1307], [52.8636, 24.1311], [52.8639, 24.1313], [52.8638, 24.1309], [52.8638, 24.1305], [52.8645, 24.1304], [52.8652, 24.1305], [52.8657, 24.1307], [52.8659, 24.1312], [52.8657, 24.1315], [52.8666, 24.1312], [52.8662, 24.1309], [52.8662, 24.1304], [52.8666, 24.1305], [52.8686, 24.1306], [52.8712, 24.1306], [52.8717, 24.1312], [52.8718, 24.1314], [52.8721, 24.1316], [52.8722, 24.1311], [52.8732, 24.1308], [52.8746, 24.1308], [52.8761, 24.1311], [52.8766, 24.1317], [52.8772, 24.132], [52.8779, 24.1318], [52.8783, 24.1319], [52.8786, 24.1321], [52.8802, 24.1327], [52.8811, 24.1332], [52.8815, 24.1332], [52.8815, 24.1329], [52.8818, 24.1328], [52.8823, 24.133], [52.8835, 24.1332], [52.884, 24.1336], [52.8844, 24.1337], [52.8849, 24.1342], [52.8855, 24.1344], [52.8861, 24.1342], [52.8863, 24.1344], [52.8869, 24.1349], [52.8873, 24.1348], [52.888, 24.1347], [52.8897, 24.1355], [52.8902, 24.136], [52.8907, 24.1361], [52.8908, 24.1359], [52.892, 24.1363], [52.8981, 24.1392], [52.9002, 24.1401], [52.9012, 24.1408], [52.9016, 24.141], [52.9021, 24.141], [52.9023, 24.1418], [52.9028, 24.1413], [52.9033, 24.141], [52.9049, 24.1417], [52.9053, 24.1419], [52.9059, 24.1415], [52.9069, 24.1417], [52.9075, 24.1414], [52.9081, 24.1414], [52.9085, 24.1418], [52.9123, 24.1423], [52.9157, 24.1424], [52.918, 24.1424], [52.9186, 24.1424], [52.9183, 24.1431], [52.9179, 24.1433], [52.9175, 24.1433], [52.9173, 24.143], [52.9171, 24.1431], [52.9173, 24.1433], [52.9176, 24.1437], [52.9181, 24.1437], [52.9179, 24.1439], [52.9174, 24.144], [52.917, 24.144], [52.9167, 24.1438], [52.9163, 24.1433], [52.9159, 24.1429], [52.916, 24.1433], [52.9164, 24.1438], [52.9171, 24.1444], [52.9174, 24.1444], [52.9179, 24.1442], [52.9182, 24.144], [52.9185, 24.1437], [52.9188, 24.1429], [52.9195, 24.1412], [52.9198, 24.1404], [52.9227, 24.1372], [52.9258, 24.1342], [52.9297, 24.1321], [52.9319, 24.1319], [52.9334, 24.1321], [52.9368, 24.1318], [52.9487, 24.1348], [52.9585, 24.1389], [52.9676, 24.1447], [52.9732, 24.1479], [52.977, 24.1523], [52.9789, 24.155], [52.9832, 24.1541], [52.987, 24.1513], [52.9908, 24.1479], [52.995, 24.1456], [53.0008, 24.1442], [53.002, 24.1417], [53.0065, 24.1403], [53.0138, 24.1376], [53.0169, 24.1391], [53.0258, 24.1358], [53.0322, 24.1312], [53.0354, 24.1303], [53.0405, 24.1298], [53.043, 24.1287], [53.0463, 24.1262], [53.0474, 24.1244], [53.0461, 24.1236], [53.0457, 24.1237], [53.0429, 24.125], [53.0394, 24.128], [53.0357, 24.128], [53.0316, 24.1281], [53.0339, 24.1251], [53.0386, 24.1214], [53.0433, 24.1196], [53.0505, 24.1191], [53.0579, 24.1217], [53.0636, 24.1233], [53.0717, 24.1242], [53.0775, 24.1267], [53.084, 24.13], [53.0917, 24.1323], [53.1002, 24.1341], [53.1063, 24.1371], [53.1134, 24.1375], [53.1248, 24.1352], [53.1299, 24.1352], [53.1333, 24.1394], [53.1352, 24.1465], [53.1342, 24.1516], [53.1323, 24.155], [53.1314, 24.1588], [53.1333, 24.1626], [53.1357, 24.1659], [53.1371, 24.1688], [53.1399, 24.1716], [53.145, 24.1702], [53.1488, 24.1677], [53.1522, 24.1663], [53.1541, 24.1649], [53.1618, 24.1645], [53.1688, 24.1631], [53.1726, 24.1592], [53.1788, 24.155], [53.1854, 24.1512], [53.1915, 24.1484], [53.1973, 24.1484], [53.2015, 24.1479], [53.2028, 24.1442], [53.2058, 24.1394], [53.21, 24.1341], [53.2147, 24.1267], [53.2185, 24.1191], [53.2219, 24.1134], [53.2266, 24.1049], [53.2289, 24.101], [53.2346, 24.0977], [53.2459, 24.095], [53.2593, 24.0931], [53.2673, 24.0911], [53.2763, 24.0897], [53.2801, 24.0855], [53.2867, 24.0807], [53.2905, 24.0807], [53.2962, 24.0846], [53.3039, 24.0883], [53.309, 24.0936], [53.3113, 24.0954], [53.3158, 24.0967], [53.3162, 24.0968], [53.3198, 24.1001], [53.32, 24.1013], [53.3203, 24.1016], [53.3207, 24.1024], [53.3204, 24.1031], [53.3204, 24.1033], [53.3206, 24.1044], [53.321, 24.105], [53.3211, 24.1056], [53.3218, 24.1071], [53.3223, 24.1089], [53.3225, 24.1105], [53.3223, 24.1112], [53.3218, 24.1112], [53.3215, 24.1116], [53.3213, 24.1117], [53.3212, 24.1117], [53.32, 24.1119], [53.3187, 24.1125], [53.3175, 24.1128], [53.3158, 24.1128], [53.3132, 24.1136], [53.3107, 24.1148], [53.311, 24.1166], [53.3111, 24.1166], [53.3111, 24.1161], [53.3114, 24.1159], [53.3115, 24.1154], [53.3147, 24.1141], [53.3153, 24.1144], [53.3151, 24.1147], [53.3144, 24.1159], [53.3144, 24.1161], [53.3146, 24.1163], [53.3148, 24.1164], [53.3149, 24.1164], [53.3153, 24.1167], [53.3155, 24.1167], [53.3154, 24.1169], [53.3151, 24.1173], [53.315, 24.1175], [53.3147, 24.1177], [53.3146, 24.1178], [53.3144, 24.1178], [53.3142, 24.1178], [53.314, 24.1178], [53.3139, 24.1177], [53.3139, 24.1179], [53.3142, 24.118], [53.3146, 24.118], [53.3151, 24.1177], [53.3153, 24.1174], [53.3155, 24.1171], [53.3158, 24.1167], [53.3157, 24.1167], [53.3172, 24.1135], [53.3183, 24.1134], [53.3189, 24.1134], [53.3189, 24.1128], [53.3208, 24.1122], [53.3195, 24.114], [53.3192, 24.114], [53.3181, 24.1144], [53.3161, 24.1171], [53.317, 24.1175], [53.3171, 24.1176], [53.3174, 24.1174], [53.3178, 24.1168], [53.3179, 24.1168], [53.3186, 24.1172], [53.3187, 24.1171], [53.318, 24.1167], [53.3183, 24.1162], [53.3188, 24.1155], [53.3192, 24.1151], [53.3202, 24.1152], [53.321, 24.1146], [53.3217, 24.1139], [53.3223, 24.1134], [53.3227, 24.1136], [53.3232, 24.1137], [53.3234, 24.1129], [53.3236, 24.1129], [53.3242, 24.1123], [53.3247, 24.1119], [53.3257, 24.1116], [53.3268, 24.1111], [53.3274, 24.1106], [53.3277, 24.1098], [53.3282, 24.1092], [53.3291, 24.1086], [53.3298, 24.1079], [53.3307, 24.1078], [53.3323, 24.1077], [53.3331, 24.1072], [53.333, 24.1069], [53.3335, 24.1063], [53.334, 24.1059], [53.3342, 24.1059], [53.3357, 24.1041], [53.3366, 24.104], [53.337, 24.104], [53.3371, 24.1037], [53.3375, 24.1033], [53.3378, 24.1033], [53.338, 24.1038], [53.3381, 24.1035], [53.338, 24.1031], [53.3377, 24.1028], [53.3377, 24.1024], [53.3382, 24.1022], [53.3385, 24.1017], [53.3404, 24.101], [53.3422, 24.1008], [53.3431, 24.1003], [53.3438, 24.1], [53.3452, 24.1], [53.3469, 24.1002], [53.3474, 24.1001], [53.3484, 24.1003], [53.3495, 24.1001], [53.3514, 24.1004], [53.3537, 24.101], [53.357, 24.1022], [53.3586, 24.1027], [53.3598, 24.1033], [53.3618, 24.1042], [53.3633, 24.1054], [53.3643, 24.1062], [53.3647, 24.1067], [53.3648, 24.1078], [53.3664, 24.1088], [53.3664, 24.1096], [53.3665, 24.1098], [53.367, 24.11], [53.3672, 24.1105], [53.3676, 24.1107], [53.368, 24.1112], [53.3682, 24.1112], [53.3689, 24.1111], [53.3693, 24.111], [53.3696, 24.111], [53.3699, 24.1111], [53.3701, 24.1112], [53.3706, 24.1108], [53.3757, 24.1104], [53.3769, 24.1103], [53.3774, 24.1106], [53.3775, 24.111], [53.3787, 24.1108], [53.3787, 24.1101], [53.3808, 24.11], [53.3826, 24.1097], [53.3836, 24.1095], [53.3845, 24.1092], [53.3847, 24.1088], [53.3873, 24.1088], [53.3877, 24.1086], [53.3916, 24.1086], [53.3923, 24.1085], [53.3961, 24.1082], [53.3962, 24.1086], [53.4048, 24.1086], [53.405, 24.1086], [53.4051, 24.1103], [53.4051, 24.1132], [53.4053, 24.1134], [53.4052, 24.1137], [53.4048, 24.1139], [53.4042, 24.1138], [53.4045, 24.1141], [53.4047, 24.1144], [53.4052, 24.1147], [53.4054, 24.1144], [53.4056, 24.1136], [53.4058, 24.1095], [53.4066, 24.1095], [53.4066, 24.1103], [53.4062, 24.1103], [53.4062, 24.1121], [53.4065, 24.1124], [53.4068, 24.1125], [53.4072, 24.1122], [53.4074, 24.1119], [53.4076, 24.1088], [53.4086, 24.1088], [53.416, 24.1129], [53.4223, 24.1172], [53.4255, 24.1182], [53.426, 24.1187], [53.4313, 24.1207], [53.4324, 24.1216], [53.4372, 24.1254], [53.4429, 24.1262], [53.4448, 24.1266], [53.4442, 24.1245], [53.4438, 24.124], [53.4466, 24.1237], [53.4467, 24.126], [53.4503, 24.1246], [53.453, 24.1237], [53.455, 24.1221], [53.4605, 24.1193], [53.4639, 24.1175], [53.4629, 24.1156], [53.4642, 24.1115], [53.4679, 24.108], [53.4673, 24.1071], [53.468, 24.1046], [53.47, 24.1025], [53.4731, 24.1016], [53.4767, 24.1015], [53.4778, 24.104], [53.4813, 24.1036], [53.4781, 24.099], [53.4725, 24.0986], [53.4723, 24.0977], [53.4787, 24.0977], [53.4815, 24.1018], [53.4864, 24.1035], [53.4871, 24.1031], [53.4871, 24.1019], [53.4896, 24.1018], [53.4912, 24.102], [53.4925, 24.1035], [53.4909, 24.1048], [53.4929, 24.107], [53.4934, 24.1068], [53.4928, 24.1059], [53.4936, 24.1053], [53.4939, 24.1047], [53.494, 24.1037], [53.4924, 24.102], [53.4924, 24.1014], [53.4929, 24.0997], [53.4948, 24.1021], [53.4975, 24.103], [53.501, 24.1015], [53.505, 24.0997], [53.5096, 24.0972], [53.5106, 24.0965], [53.5111, 24.096], [53.5308, 24.0958], [53.5354, 24.0953], [53.5347, 24.0942], [53.532, 24.0944], [53.531, 24.0934], [53.5272, 24.0923], [53.5268, 24.0912], [53.5279, 24.0912], [53.53, 24.0914], [53.5308, 24.0911], [53.5323, 24.091], [53.5329, 24.0908], [53.5335, 24.0908], [53.5348, 24.0907], [53.536, 24.0901], [53.5372, 24.0893], [53.5388, 24.0882], [53.5392, 24.0865], [53.5418, 24.0833], [53.5471, 24.079], [53.5556, 24.0758], [53.5622, 24.0691], [53.5698, 24.0635], [53.5726, 24.0587], [53.5745, 24.0516], [53.5796, 24.0469], [53.5821, 24.0465], [53.5877, 24.0455], [53.5968, 24.0445], [53.6053, 24.0435], [53.6134, 24.0431], [53.6199, 24.0456], [53.6276, 24.0445], [53.6361, 24.0449], [53.6454, 24.0465], [53.6539, 24.0465], [53.665, 24.0488], [53.6762, 24.0516], [53.6844, 24.0546], [53.6854, 24.055], [53.6928, 24.0573], [53.6962, 24.0587], [53.7004, 24.0609], [53.7038, 24.0631], [53.7059, 24.0651], [53.7066, 24.0669], [53.7066, 24.067], [53.7067, 24.0671], [53.7066, 24.0672], [53.7066, 24.0673], [53.7057, 24.0686], [53.7054, 24.0686], [53.7052, 24.0688], [53.705, 24.0693], [53.7041, 24.0696], [53.7041, 24.0697], [53.7044, 24.0712], [53.704, 24.0719], [53.702, 24.0703], [53.702, 24.0704], [53.7027, 24.0711], [53.7034, 24.073], [53.7036, 24.073], [53.7038, 24.0729], [53.705, 24.0728], [53.7059, 24.0732], [53.706, 24.073], [53.7041, 24.072], [53.7046, 24.0714], [53.7048, 24.0715], [53.7058, 24.0714], [53.7061, 24.0705], [53.7058, 24.0699], [53.7057, 24.0696], [53.7058, 24.0696], [53.7058, 24.0695], [53.7062, 24.0684], [53.7068, 24.0675], [53.7074, 24.0669], [53.7079, 24.0666], [53.7084, 24.0667], [53.7087, 24.0667], [53.709, 24.0672], [53.7097, 24.0676], [53.7109, 24.0674], [53.7112, 24.067], [53.7112, 24.0662], [53.7117, 24.0657], [53.7137, 24.0647], [53.7157, 24.0639], [53.7169, 24.0627], [53.7192, 24.0608], [53.7243, 24.0586], [53.7315, 24.0569], [53.7396, 24.0559], [53.7479, 24.0552], [53.7498, 24.056], [53.7506, 24.0559], [53.7582, 24.0578], [53.7625, 24.0583], [53.7651, 24.0585], [53.7667, 24.0587], [53.7763, 24.0587], [53.7852, 24.0573], [53.7876, 24.0565], [53.7873, 24.0594], [53.7864, 24.0643], [53.7861, 24.0662], [53.7866, 24.067], [53.7883, 24.0671], [53.7919, 24.0659], [53.7939, 24.0652], [53.7981, 24.0634], [53.7982, 24.0631], [53.8021, 24.0614], [53.8024, 24.0612], [53.8199, 24.0642], [53.8214, 24.0649], [53.8236, 24.0659], [53.8257, 24.0662], [53.8244, 24.0675], [53.824, 24.0678], [53.8239, 24.0682], [53.8243, 24.0681], [53.8263, 24.0664], [53.8282, 24.0635], [53.8299, 24.0609], [53.83, 24.0607], [53.832, 24.0625], [53.8349, 24.0592], [53.8421, 24.0609], [53.9038, 24.0695], [53.9056, 24.0697], [53.9126, 24.0707], [53.9153, 24.0719], [53.9155, 24.0739], [53.9157, 24.074], [53.9156, 24.0748], [53.9093, 24.1173], [53.9106, 24.1177], [53.9134, 24.0996], [53.9136, 24.0983], [53.9718, 24.1097], [53.9718, 24.1099], [53.9875, 24.1161], [53.9989, 24.1199], [54.0124, 24.1247], [54.0238, 24.1291], [54.0221, 24.1322], [54.022, 24.1324], [54.0221, 24.1324], [54.023, 24.1322], [54.0234, 24.1334], [54.0206, 24.1372], [54.0164, 24.144], [54.0217, 24.1387], [54.0244, 24.137], [54.0276, 24.1356], [54.0295, 24.1335], [54.0299, 24.1326], [54.0311, 24.1331], [54.0313, 24.1332], [54.0314, 24.133], [54.0322, 24.1313], [54.0343, 24.1299], [54.0382, 24.1286], [54.0389, 24.1291], [54.0413, 24.1282], [54.0427, 24.1273], [54.0461, 24.1292], [54.0478, 24.1301], [54.0495, 24.1307], [54.0512, 24.1334], [54.0514, 24.1353], [54.0482, 24.1381], [54.0442, 24.1421], [54.0408, 24.1457], [54.0394, 24.1494], [54.0375, 24.1499], [54.0335, 24.1535], [54.0293, 24.1561], [54.0261, 24.1591], [54.029, 24.1595], [54.036, 24.1591], [54.0411, 24.158], [54.044, 24.1572], [54.0503, 24.1553], [54.0514, 24.1543], [54.0554, 24.1526], [54.0575, 24.1509], [54.059, 24.1492], [54.06, 24.1476], [54.0619, 24.1455], [54.063, 24.1436], [54.0659, 24.1413], [54.0665, 24.1417], [54.0676, 24.1438], [54.0678, 24.1463], [54.0697, 24.149], [54.0712, 24.1484], [54.0724, 24.1476], [54.0737, 24.1476], [54.0737, 24.1488], [54.0737, 24.1495], [54.0737, 24.1509], [54.0754, 24.1533], [54.0777, 24.1539], [54.0792, 24.1537], [54.0817, 24.1514], [54.083, 24.1492], [54.0842, 24.1472], [54.0849, 24.1472], [54.0866, 24.1472], [54.0887, 24.1471], [54.0904, 24.1488], [54.0935, 24.1511], [54.0952, 24.1491], [54.0976, 24.1473], [54.1034, 24.1482], [54.11, 24.1515], [54.1185, 24.1553], [54.1253, 24.1577], [54.1299, 24.1606], [54.1323, 24.1643], [54.1327, 24.1687], [54.1338, 24.1733], [54.1369, 24.1756], [54.1442, 24.1756], [54.1499, 24.1772], [54.1527, 24.1818], [54.1569, 24.1837], [54.1612, 24.1832], [54.1677, 24.1862], [54.172, 24.1894], [54.1773, 24.1899], [54.1811, 24.1931], [54.185, 24.1965], [54.1854, 24.1998], [54.1843, 24.2021], [54.1773, 24.2007], [54.1726, 24.2021], [54.1665, 24.2069], [54.1616, 24.2126], [54.1569, 24.2177], [54.1512, 24.2221], [54.148, 24.2249], [54.1418, 24.2249], [54.139, 24.2254], [54.139, 24.2245], [54.1388, 24.2225], [54.1386, 24.2216], [54.1385, 24.2209], [54.1416, 24.2209], [54.1482, 24.2202], [54.1516, 24.2154], [54.1514, 24.2147], [54.1516, 24.2122], [54.152, 24.2096], [54.1495, 24.2113], [54.1461, 24.211], [54.1469, 24.2077], [54.1429, 24.208], [54.1391, 24.2102], [54.1361, 24.2129], [54.1327, 24.2158], [54.1299, 24.2176], [54.1306, 24.2199], [54.1357, 24.2209], [54.1377, 24.2209], [54.1383, 24.2232], [54.1382, 24.2249], [54.1382, 24.2256], [54.1369, 24.2258], [54.1342, 24.2306], [54.1284, 24.2315], [54.1204, 24.2306], [54.1162, 24.2333], [54.1162, 24.2318], [54.1149, 24.2312], [54.1123, 24.2309], [54.1112, 24.23], [54.1088, 24.2332], [54.1072, 24.235], [54.1044, 24.2365], [54.103, 24.2369], [54.1021, 24.2356], [54.1017, 24.2362], [54.1009, 24.2374], [54.1002, 24.2376], [54.0999, 24.2379], [54.0978, 24.2405], [54.0972, 24.2429], [54.0985, 24.2446], [54.1012, 24.2435], [54.1031, 24.241], [54.1061, 24.2381], [54.1095, 24.2365], [54.1125, 24.2357], [54.1151, 24.2342], [54.1106, 24.24], [54.1068, 24.2442], [54.1038, 24.2467], [54.1018, 24.2499], [54.1036, 24.2525], [54.1058, 24.2546], [54.1091, 24.2534], [54.1091, 24.2524], [54.1107, 24.2517], [54.1118, 24.2475], [54.1143, 24.2456], [54.1167, 24.2458], [54.119, 24.2449], [54.1228, 24.2428], [54.1235, 24.2424], [54.1261, 24.2411], [54.1286, 24.2401], [54.126, 24.2421], [54.1231, 24.2447], [54.1223, 24.2458], [54.118, 24.2481], [54.1162, 24.2499], [54.1183, 24.2524], [54.1214, 24.2524], [54.1246, 24.2495], [54.1276, 24.2467], [54.1314, 24.2467], [54.135, 24.2438], [54.1376, 24.2414], [54.1395, 24.241], [54.1412, 24.2405], [54.1442, 24.2373], [54.1465, 24.2344], [54.154, 24.2391], [54.1512, 24.2414], [54.1461, 24.2467], [54.1395, 24.2534], [54.1333, 24.2548], [54.1246, 24.2585], [54.1185, 24.2603], [54.1119, 24.2619], [54.1087, 24.2665], [54.1057, 24.2713], [54.1015, 24.2737], [54.0983, 24.2769], [54.1011, 24.2799], [54.1, 24.2812], [54.0972, 24.2822], [54.0945, 24.2879], [54.089, 24.2917], [54.0895, 24.2944], [54.0887, 24.2951], [54.0885, 24.2956], [54.0945, 24.2948], [54.1046, 24.3008], [54.1149, 24.3092], [54.1318, 24.3216], [54.1311, 24.3225], [54.1319, 24.3229], [54.1323, 24.3232], [54.1332, 24.3222], [54.135, 24.3233], [54.1398, 24.3255], [54.1446, 24.3278], [54.1475, 24.3287], [54.1495, 24.3285], [54.1499, 24.3282], [54.148, 24.3215], [54.1484, 24.313], [54.1503, 24.3063], [54.1542, 24.3031], [54.158, 24.2997], [54.1598, 24.2983], [54.1612, 24.2976], [54.1649, 24.2949], [54.1649, 24.2939], [54.1669, 24.2896], [54.1695, 24.2862], [54.1728, 24.2834], [54.1777, 24.2807], [54.1797, 24.2748], [54.182, 24.2734], [54.1839, 24.2721], [54.1857, 24.2712], [54.1864, 24.2697], [54.1876, 24.2682], [54.1888, 24.2675], [54.1902, 24.2676], [54.1919, 24.2684], [54.1935, 24.2695], [54.1951, 24.2697], [54.1966, 24.2696], [54.1976, 24.2693], [54.1992, 24.2683], [54.2006, 24.2669], [54.2067, 24.2622], [54.2078, 24.2602], [54.2097, 24.2585], [54.2123, 24.257], [54.2145, 24.2561], [54.2147, 24.2559], [54.2147, 24.2562], [54.2138, 24.2603], [54.2153, 24.2636], [54.2177, 24.2635], [54.2209, 24.2607], [54.2238, 24.2555], [54.2272, 24.253], [54.2333, 24.2506], [54.2358, 24.249], [54.2433, 24.2506], [54.2455, 24.2509], [54.2341, 24.2604], [54.2327, 24.2602], [54.2236, 24.2603], [54.2177, 24.2658], [54.2145, 24.2695], [54.2113, 24.272], [54.2081, 24.2754], [54.2062, 24.2775], [54.203, 24.2826], [54.2005, 24.2884], [54.1977, 24.2935], [54.1939, 24.2981], [54.1896, 24.3015], [54.1845, 24.3031], [54.1805, 24.3031], [54.175, 24.302], [54.1716, 24.3056], [54.1675, 24.309], [54.1648, 24.3107], [54.1637, 24.3155], [54.1646, 24.321], [54.168, 24.3269], [54.1718, 24.3314], [54.1773, 24.335], [54.182, 24.3368], [54.1881, 24.3376], [54.1945, 24.3395], [54.2011, 24.344], [54.2061, 24.3476], [54.2104, 24.3515], [54.2149, 24.3546], [54.2174, 24.3557], [54.2192, 24.3528], [54.2217, 24.3512], [54.2247, 24.3483], [54.2279, 24.3466], [54.2317, 24.3461], [54.2353, 24.344], [54.2383, 24.3416], [54.2398, 24.3389], [54.2423, 24.3351], [54.244, 24.3322], [54.244, 24.3288], [54.248, 24.3251], [54.2525, 24.3215], [54.257, 24.3184], [54.2595, 24.3159], [54.2627, 24.3156], [54.2648, 24.3138], [54.2652, 24.3108], [54.2674, 24.3079], [54.2703, 24.3059], [54.2718, 24.3042], [54.2729, 24.3008], [54.2754, 24.2978], [54.279, 24.293], [54.2805, 24.2898], [54.2848, 24.2868], [54.2884, 24.2847], [54.2918, 24.2809], [54.2929, 24.2768], [54.2948, 24.2732], [54.2952, 24.2698], [54.2941, 24.2676], [54.2888, 24.2679], [54.2818, 24.2684], [54.2735, 24.2709], [54.2661, 24.2743], [54.2595, 24.278], [54.2567, 24.2799], [54.2525, 24.2805], [54.2487, 24.2847], [54.2446, 24.2842], [54.2415, 24.2856], [54.2374, 24.2857], [54.2349, 24.2831], [54.2347, 24.2806], [54.2361, 24.2768], [54.2364, 24.2729], [54.2338, 24.2706], [54.2327, 24.2676], [54.2347, 24.2651], [54.2359, 24.2625], [54.237, 24.2609], [54.2349, 24.2606], [54.2466, 24.2512], [54.2494, 24.2494], [54.2535, 24.2491], [54.258, 24.2474], [54.2603, 24.2483], [54.2666, 24.2483], [54.2699, 24.2478], [54.2715, 24.2443], [54.2701, 24.2406], [54.2706, 24.241], [54.273, 24.2415], [54.2753, 24.2423], [54.2774, 24.2435], [54.2808, 24.2445], [54.291, 24.2445], [54.2921, 24.2452], [54.2922, 24.2457], [54.2937, 24.2461], [54.2961, 24.2452], [54.297, 24.2449], [54.2981, 24.2436], [54.2996, 24.2422], [54.301, 24.2415], [54.3027, 24.2413], [54.3056, 24.2423], [54.3091, 24.2438], [54.3154, 24.2464], [54.3178, 24.2471], [54.3187, 24.2482], [54.3201, 24.2499], [54.3227, 24.253], [54.3238, 24.2544], [54.3245, 24.2561], [54.3246, 24.2585], [54.3243, 24.259], [54.3234, 24.2589], [54.3214, 24.258], [54.3202, 24.2571], [54.3183, 24.2554], [54.3166, 24.2532], [54.3162, 24.252], [54.3155, 24.2524], [54.3164, 24.2552], [54.3175, 24.2564], [54.3198, 24.2605], [54.3202, 24.2614], [54.3225, 24.2654], [54.3245, 24.267], [54.3256, 24.2673], [54.3265, 24.2673], [54.3278, 24.2671], [54.3295, 24.2669], [54.3327, 24.2669], [54.3344, 24.2665], [54.3362, 24.2656], [54.3383, 24.2642], [54.3407, 24.2618], [54.343, 24.2596], [54.3446, 24.2564], [54.3459, 24.2554], [54.3488, 24.254], [54.3521, 24.2526], [54.3591, 24.2518], [54.3597, 24.2527], [54.3594, 24.2534], [54.3588, 24.2541], [54.3577, 24.2564], [54.3573, 24.2576], [54.3573, 24.2587], [54.3575, 24.2599], [54.3587, 24.261], [54.3603, 24.2618], [54.362, 24.2617], [54.3672, 24.2608], [54.3683, 24.2604], [54.3701, 24.2594], [54.3708, 24.2584], [54.3708, 24.2575], [54.371, 24.2563], [54.3718, 24.2553], [54.3722, 24.2538], [54.3734, 24.2522], [54.3754, 24.251], [54.3768, 24.2506], [54.3779, 24.2505], [54.379, 24.2507], [54.38, 24.2512], [54.3816, 24.2523], [54.384, 24.2538], [54.3846, 24.2551], [54.3842, 24.2571], [54.416, 24.2721], [54.4373, 24.2893], [54.4466, 24.3018], [54.4477, 24.3027], [54.4485, 24.3032], [54.4577, 24.3034], [54.4648, 24.3036], [54.4643, 24.313], [54.4724, 24.3131], [54.4726, 24.3118], [54.4692, 24.3117], [54.4694, 24.3088], [54.4731, 24.309], [54.473, 24.3111], [54.4734, 24.3111], [54.4734, 24.309], [54.4775, 24.3089], [54.4776, 24.3038], [54.4878, 24.304], [54.4875, 24.3124], [54.488, 24.313], [54.4888, 24.3136], [54.4895, 24.3138], [54.5071, 24.3145], [54.5182, 24.3148], [54.5184, 24.3124], [54.525, 24.3124], [54.5254, 24.3125], [54.5255, 24.313], [54.5253, 24.3164], [54.5175, 24.3161], [54.5123, 24.3159], [54.5071, 24.3157], [54.4938, 24.3153], [54.4938, 24.3162], [54.4884, 24.3161], [54.4885, 24.315], [54.4831, 24.3148], [54.4696, 24.3142], [54.4696, 24.315], [54.4648, 24.3149], [54.4647, 24.314], [54.4581, 24.3139], [54.458, 24.3139], [54.4569, 24.3141], [54.454, 24.3154], [54.4533, 24.3161], [54.4526, 24.3167], [54.4515, 24.318], [54.4507, 24.3196], [54.4504, 24.3207], [54.4503, 24.3221], [54.4504, 24.3238], [54.4506, 24.325], [54.4511, 24.3259], [54.4518, 24.326], [54.4523, 24.3263], [54.4545, 24.3335], [54.4545, 24.3337], [54.4545, 24.3343], [54.455, 24.3343], [54.4555, 24.3342], [54.4567, 24.3334], [54.4575, 24.3326], [54.4579, 24.3323], [54.4585, 24.3318], [54.4591, 24.3314], [54.4599, 24.3313], [54.4601, 24.3313], [54.4607, 24.3315], [54.4608, 24.332], [54.461, 24.3331], [54.4609, 24.3333], [54.4606, 24.3334], [54.4603, 24.3333], [54.4598, 24.3335], [54.4595, 24.3342], [54.4591, 24.3349], [54.4585, 24.3356], [54.4581, 24.336], [54.4577, 24.3366], [54.4576, 24.3374], [54.4574, 24.3383], [54.4575, 24.3389], [54.4574, 24.3393], [54.4571, 24.3397], [54.4573, 24.3407], [54.4573, 24.3415], [54.457, 24.3422], [54.4568, 24.3432], [54.4569, 24.3447], [54.4579, 24.348], [54.4605, 24.3576], [54.4625, 24.3644], [54.4632, 24.3645], [54.4649, 24.3646], [54.4668, 24.3646], [54.4669, 24.3655], [54.4668, 24.368], [54.4662, 24.3753], [54.466, 24.3788], [54.4661, 24.3801], [54.4666, 24.3816], [54.4679, 24.3827], [54.4688, 24.3832], [54.4715, 24.3835], [54.4718, 24.3831], [54.4768, 24.3833], [54.4773, 24.3835], [54.4777, 24.3835], [54.4777, 24.3823], [54.4784, 24.3823], [54.4784, 24.383], [54.4787, 24.3833], [54.4796, 24.3833], [54.4797, 24.3824], [54.4826, 24.3823], [54.4826, 24.3826], [54.4826, 24.3828], [54.4822, 24.3828], [54.4822, 24.3833], [54.4827, 24.3836], [54.4839, 24.3837], [54.486, 24.3837], [54.4872, 24.3838], [54.4882, 24.3841], [54.4892, 24.3834], [54.4895, 24.3828], [54.4942, 24.3829], [54.4944, 24.3841], [54.5013, 24.3844], [54.5013, 24.3833], [54.5061, 24.3834], [54.5062, 24.3844], [54.5108, 24.3844], [54.5108, 24.3847], [54.5122, 24.3847], [54.5122, 24.3837], [54.5174, 24.3839], [54.5174, 24.3849], [54.5217, 24.3852], [54.5217, 24.3858], [54.5216, 24.3864], [54.5174, 24.3865], [54.5173, 24.3878], [54.517, 24.3881], [54.5168, 24.3917], [54.5145, 24.3923], [54.5035, 24.3919], [54.5034, 24.3904], [54.4998, 24.3903], [54.4991, 24.3874], [54.5045, 24.3875], [54.5046, 24.3853], [54.4928, 24.3853], [54.493, 24.3874], [54.4986, 24.3875], [54.4991, 24.3892], [54.4965, 24.3895], [54.4947, 24.3897], [54.4942, 24.3895], [54.4936, 24.3896], [54.4928, 24.3896], [54.4923, 24.3898], [54.4916, 24.3898], [54.4906, 24.3898], [54.4895, 24.39], [54.4894, 24.3908], [54.4892, 24.3912], [54.4893, 24.3915], [54.4893, 24.3919], [54.4901, 24.3921], [54.4899, 24.3924], [54.4887, 24.3926], [54.4876, 24.3929], [54.4864, 24.3934], [54.4843, 24.3936], [54.4821, 24.3937], [54.4806, 24.3941], [54.4797, 24.3947], [54.479, 24.3955], [54.4789, 24.3957], [54.4791, 24.3959], [54.481, 24.3973], [54.4842, 24.3996], [54.4877, 24.4031], [54.4902, 24.4064], [54.4902, 24.4096], [54.4894, 24.4143], [54.4877, 24.4176], [54.4863, 24.4238], [54.4878, 24.4237], [54.4886, 24.4243], [54.4896, 24.4249], [54.4904, 24.4252], [54.4913, 24.4253], [54.4927, 24.4254], [54.4944, 24.4252], [54.4952, 24.4253], [54.4962, 24.425], [54.4974, 24.425], [54.5025, 24.425], [54.5038, 24.425], [54.5046, 24.4249], [54.5064, 24.4249], [54.5088, 24.4247], [54.5135, 24.4243], [54.5143, 24.4243], [54.5168, 24.4242], [54.5209, 24.424], [54.5213, 24.424], [54.5218, 24.4241], [54.5226, 24.4246], [54.5235, 24.4252], [54.5249, 24.4257], [54.5257, 24.4259], [54.5266, 24.4261], [54.528, 24.4266], [54.5296, 24.4271], [54.5303, 24.4273], [54.5308, 24.4273], [54.5308, 24.4274], [54.5308, 24.4275], [54.5306, 24.4276], [54.5304, 24.4277], [54.5303, 24.4279], [54.5305, 24.4283], [54.5308, 24.4284], [54.5313, 24.4284], [54.5315, 24.4282], [54.5316, 24.4278], [54.5316, 24.4275], [54.5316, 24.4273], [54.532, 24.4272], [54.5326, 24.4272], [54.5332, 24.4274], [54.5338, 24.4278], [54.5338, 24.4282], [54.5337, 24.4284], [54.5335, 24.4284], [54.5332, 24.4286], [54.5332, 24.4288], [54.5332, 24.4292], [54.5339, 24.4296], [54.5399, 24.4313], [54.5406, 24.4313], [54.5411, 24.4312], [54.5412, 24.4309], [54.5412, 24.4306], [54.5415, 24.4304], [54.5421, 24.4304], [54.5427, 24.4305], [54.5429, 24.4306], [54.5429, 24.4309], [54.5428, 24.4311], [54.543, 24.4314], [54.5433, 24.4316], [54.5437, 24.4316], [54.5439, 24.4313], [54.5443, 24.4311], [54.5448, 24.4313], [54.5459, 24.4316], [54.5473, 24.432], [54.5491, 24.4325], [54.5513, 24.4331], [54.5513, 24.4333], [54.5511, 24.4335], [54.5509, 24.4338], [54.5509, 24.4341], [54.5513, 24.4344], [54.5516, 24.4344], [54.5519, 24.4342], [54.5519, 24.4338], [54.5517, 24.4335], [54.5522, 24.4334], [54.5528, 24.4334], [54.5534, 24.4338], [54.5546, 24.4341], [54.5565, 24.4346], [54.5574, 24.4348], [54.5581, 24.4349], [54.5592, 24.4352], [54.5597, 24.4354], [54.5601, 24.4357], [54.5604, 24.4356], [54.5611, 24.4358], [54.5619, 24.436], [54.5624, 24.4363], [54.5624, 24.4364], [54.5629, 24.4366], [54.5632, 24.4365], [54.5634, 24.4365], [54.5638, 24.4366], [54.5644, 24.4367], [54.565, 24.4369], [54.5653, 24.4371], [54.5658, 24.4373], [54.566, 24.4373], [54.5665, 24.4373], [54.5671, 24.4373], [54.5672, 24.4374], [54.5673, 24.4377], [54.5676, 24.4381], [54.5676, 24.4382], [54.5675, 24.4385], [54.5673, 24.4388], [54.5671, 24.4389], [54.5671, 24.439], [54.5674, 24.4391], [54.5679, 24.439], [54.5684, 24.4387], [54.5687, 24.4386], [54.569, 24.4385], [54.5691, 24.4387], [54.5697, 24.4389], [54.57, 24.4389], [54.5704, 24.4389], [54.5706, 24.4391], [54.5707, 24.4394], [54.5705, 24.4396], [54.5705, 24.4397], [54.5708, 24.4399], [54.571, 24.4399], [54.5713, 24.4398], [54.5718, 24.4399], [54.5722, 24.44], [54.5728, 24.44], [54.5732, 24.4401], [54.5735, 24.4403], [54.5735, 24.4405], [54.5739, 24.4406], [54.5743, 24.4402], [54.5745, 24.4402], [54.575, 24.4401], [54.5754, 24.4399], [54.5758, 24.4399], [54.576, 24.4399], [54.5765, 24.4401], [54.5767, 24.4404], [54.5771, 24.4404], [54.5777, 24.4406], [54.578, 24.4407], [54.5786, 24.4408], [54.579, 24.4409], [54.5794, 24.4411], [54.5799, 24.4411], [54.5805, 24.4412], [54.5816, 24.4416], [54.5816, 24.4417], [54.5822, 24.442], [54.5826, 24.442], [54.5831, 24.442], [54.584, 24.4422], [54.5849, 24.4424], [54.5851, 24.4427], [54.5855, 24.4429], [54.5859, 24.4429], [54.5865, 24.443], [54.5874, 24.4431], [54.5879, 24.4434], [54.5882, 24.4436], [54.5888, 24.4436], [54.5902, 24.4439], [54.5906, 24.4442], [54.5908, 24.4443], [54.5911, 24.4445], [54.5922, 24.4445], [54.5933, 24.4448], [54.5947, 24.4453], [54.5958, 24.4456], [54.5969, 24.446], [54.599, 24.4466], [54.6, 24.4468], [54.6013, 24.4472], [54.6021, 24.4476], [54.6025, 24.4477], [54.6028, 24.4477], [54.6037, 24.4479], [54.6049, 24.4483], [54.6054, 24.4485], [54.6063, 24.4486], [54.6075, 24.4489], [54.6081, 24.4492], [54.6081, 24.4495], [54.608, 24.45], [54.6079, 24.4502], [54.608, 24.4503], [54.6083, 24.4503], [54.6085, 24.4495], [54.6085, 24.4489], [54.609, 24.449], [54.6094, 24.4492], [54.6097, 24.4492], [54.6101, 24.4494], [54.6101, 24.4495], [54.61, 24.4496], [54.6099, 24.4497], [54.6099, 24.45], [54.6102, 24.4502], [54.6104, 24.4503], [54.6103, 24.4506], [54.6104, 24.4509], [54.6108, 24.4509], [54.6109, 24.4512], [54.6105, 24.4514], [54.61, 24.4514], [54.6103, 24.4518], [54.6108, 24.4518], [54.6111, 24.452], [54.6112, 24.4522], [54.6113, 24.4527], [54.6116, 24.4531], [54.6117, 24.4536], [54.6118, 24.4538], [54.6123, 24.4539], [54.6127, 24.4543], [54.6127, 24.4558], [54.6105, 24.4725], [54.6104, 24.4739], [54.6103, 24.4749], [54.6105, 24.4755], [54.6111, 24.476], [54.612, 24.4765], [54.6241, 24.4812], [54.6257, 24.4818], [54.6281, 24.4827], [54.6306, 24.4837], [54.6322, 24.4848], [54.6335, 24.486], [54.6343, 24.4871], [54.6346, 24.4874], [54.6346, 24.4875], [54.6347, 24.4877], [54.6352, 24.4893], [54.6352, 24.4911], [54.635, 24.4938], [54.6345, 24.4967], [54.6346, 24.4977], [54.6361, 24.4977], [54.6361, 24.5002], [54.6339, 24.5011], [54.6332, 24.507], [54.6328, 24.5082], [54.6327, 24.5084], [54.6322, 24.5095], [54.6319, 24.5097], [54.6325, 24.5099], [54.634, 24.5101], [54.6322, 24.5128], [54.6305, 24.5119], [54.6312, 24.5111], [54.6315, 24.5108], [54.6315, 24.5104], [54.6314, 24.5103], [54.6312, 24.5105], [54.6308, 24.5111], [54.6301, 24.5117], [54.6289, 24.5126], [54.6274, 24.5132], [54.6252, 24.5137], [54.6084, 24.5164], [54.606, 24.5171], [54.6049, 24.518], [54.6042, 24.5192], [54.604, 24.5201], [54.604, 24.5206], [54.6041, 24.5211], [54.6042, 24.5212], [54.6046, 24.5211], [54.6049, 24.521], [54.605, 24.5209], [54.6053, 24.5209], [54.6053, 24.5212], [54.6048, 24.5215], [54.6048, 24.5218], [54.6045, 24.5223], [54.6042, 24.5222], [54.6037, 24.5226], [54.6031, 24.5254], [54.603, 24.5263], [54.6035, 24.5268], [54.6043, 24.5272], [54.6058, 24.5261], [54.6057, 24.5255], [54.6053, 24.5248], [54.6062, 24.5241], [54.6064, 24.5243], [54.6062, 24.5246], [54.6058, 24.5251], [54.606, 24.5255], [54.6064, 24.5255], [54.6066, 24.526], [54.6047, 24.5278], [54.6051, 24.5282], [54.6053, 24.5287], [54.6053, 24.5291], [54.6058, 24.5295], [54.605, 24.5301], [54.6047, 24.53], [54.6041, 24.5294], [54.6037, 24.5291], [54.6032, 24.5291], [54.6027, 24.5295], [54.6024, 24.5308], [54.6007, 24.5429], [54.6008, 24.5438], [54.6016, 24.5442], [54.6034, 24.5442], [54.6058, 24.5444], [54.6087, 24.5445], [54.6116, 24.5452], [54.6142, 24.5457], [54.6203, 24.5422], [54.6195, 24.5413], [54.6256, 24.5371], [54.6261, 24.5368], [54.6263, 24.5369], [54.6268, 24.5377], [54.6284, 24.5366], [54.6287, 24.5364], [54.6289, 24.5364], [54.6291, 24.5367], [54.6291, 24.537], [54.6288, 24.5374], [54.6272, 24.5387], [54.6247, 24.5405], [54.6214, 24.5427], [54.6159, 24.5459], [54.6154, 24.5461], [54.6155, 24.5463], [54.6317, 24.5544], [54.6327, 24.5551], [54.6334, 24.556], [54.6338, 24.5572], [54.6363, 24.5634], [54.6456, 24.5861], [54.6458, 24.5894], [54.6462, 24.5941], [54.6466, 24.5942], [54.6465, 24.5987], [54.6459, 24.5998], [54.6363, 24.6135], [54.6361, 24.6142], [54.636, 24.6149], [54.6372, 24.6232], [54.6375, 24.6237], [54.6486, 24.6333], [54.6531, 24.6371], [54.6537, 24.6378], [54.6543, 24.6388], [54.6552, 24.6396], [54.6555, 24.6401], [54.6556, 24.6406], [54.6557, 24.6412], [54.6566, 24.6416], [54.665, 24.6529], [54.6728, 24.654], [54.6737, 24.6542], [54.6811, 24.6574], [54.6843, 24.6619], [54.6848, 24.6627], [54.6849, 24.6632], [54.6847, 24.6638], [54.6832, 24.6679], [54.6825, 24.6683], [54.6665, 24.674], [54.6625, 24.6755], [54.6612, 24.6757], [54.6604, 24.6761], [54.6599, 24.6768], [54.6593, 24.6782], [54.6588, 24.6804], [54.6588, 24.6813], [54.6593, 24.682], [54.6624, 24.6841], [54.6647, 24.6854], [54.6652, 24.6861], [54.6655, 24.6869], [54.6655, 24.6875], [54.6653, 24.6881], [54.665, 24.6891], [54.6647, 24.6901], [54.6644, 24.6911], [54.6641, 24.692], [54.6638, 24.6923], [54.6632, 24.6926], [54.6626, 24.6927], [54.6617, 24.6927], [54.6611, 24.6928], [54.6604, 24.6934], [54.6599, 24.6939], [54.6593, 24.6942], [54.6592, 24.6942], [54.6584, 24.6942], [54.6566, 24.6942], [54.6557, 24.6942], [54.6554, 24.6942], [54.6549, 24.6944], [54.6547, 24.6948], [54.6546, 24.6954], [54.6546, 24.7007], [54.659, 24.7007], [54.6589, 24.7019], [54.6595, 24.7019], [54.6594, 24.7046], [54.6527, 24.7045], [54.6528, 24.6999], [54.652, 24.6999], [54.652, 24.7005], [54.6525, 24.7005], [54.6524, 24.7048], [54.6521, 24.705], [54.6521, 24.7052], [54.6524, 24.7052], [54.6527, 24.7051], [54.6579, 24.7051], [54.6578, 24.7063], [54.6615, 24.7064], [54.6628, 24.7052], [54.6628, 24.7029], [54.6657, 24.7029], [54.6651, 24.7144], [54.6626, 24.7144], [54.6626, 24.7084], [54.6615, 24.7075], [54.6553, 24.7075], [54.6537, 24.709], [54.6531, 24.7096], [54.6523, 24.7106], [54.6515, 24.7116], [54.6506, 24.7125], [54.6504, 24.7135], [54.65, 24.7141], [54.6497, 24.7146], [54.6494, 24.715], [54.6489, 24.7157], [54.6488, 24.7163], [54.6488, 24.7169], [54.6485, 24.7172], [54.6482, 24.7175], [54.6478, 24.7175], [54.6477, 24.7173], [54.6474, 24.717], [54.6472, 24.7174], [54.647, 24.7178], [54.6465, 24.7185], [54.6462, 24.7187], [54.646, 24.7185], [54.6465, 24.718], [54.6469, 24.7175], [54.6472, 24.7169], [54.6472, 24.7167], [54.6469, 24.7167], [54.6465, 24.717], [54.6461, 24.7177], [54.6454, 24.7181], [54.6444, 24.7188], [54.6429, 24.7193], [54.6412, 24.7198], [54.6405, 24.7199], [54.6402, 24.7202], [54.6401, 24.7209], [54.6393, 24.7221], [54.6389, 24.7228], [54.6382, 24.7231], [54.6376, 24.7232], [54.6371, 24.7227], [54.6358, 24.7205], [54.6359, 24.7201], [54.6361, 24.7198], [54.6364, 24.7193], [54.6362, 24.7192], [54.6359, 24.7193], [54.6354, 24.7207], [54.6358, 24.7212], [54.6367, 24.7223], [54.637, 24.723], [54.6371, 24.7236], [54.6367, 24.7238], [54.6366, 24.7239], [54.6364, 24.7243], [54.6358, 24.7252], [54.6353, 24.7258], [54.6349, 24.726], [54.6343, 24.7265], [54.6343, 24.7269], [54.6343, 24.7272], [54.6344, 24.7276], [54.6351, 24.7274], [54.6352, 24.7278], [54.635, 24.728], [54.6351, 24.7284], [54.6358, 24.7282], [54.6361, 24.728], [54.6422, 24.7325], [54.6424, 24.7331], [54.6422, 24.7336], [54.6421, 24.7339], [54.6416, 24.7343], [54.6413, 24.7347], [54.6408, 24.7349], [54.6404, 24.7355], [54.6407, 24.7359], [54.6415, 24.7361], [54.6424, 24.7358], [54.6432, 24.7356], [54.6438, 24.7351], [54.6444, 24.7347], [54.6449, 24.7342], [54.6453, 24.7341], [54.6455, 24.7342], [54.6456, 24.7345], [54.6454, 24.735], [54.6447, 24.7354], [54.6445, 24.7359], [54.6444, 24.7364], [54.6439, 24.7365], [54.6436, 24.7364], [54.6431, 24.7365], [54.643, 24.7368], [54.6427, 24.7374], [54.6422, 24.7379], [54.6419, 24.7379], [54.6415, 24.7377], [54.6408, 24.7372], [54.6402, 24.7372], [54.6397, 24.7375], [54.6393, 24.7375], [54.6386, 24.7376], [54.6379, 24.738], [54.6373, 24.7386], [54.6376, 24.7389], [54.638, 24.7389], [54.6384, 24.7386], [54.6385, 24.7382], [54.6389, 24.7379], [54.6397, 24.7377], [54.6405, 24.7378], [54.6409, 24.7379], [54.6417, 24.7386], [54.642, 24.7388], [54.6427, 24.739], [54.6421, 24.7394], [54.6423, 24.74], [54.6423, 24.7405], [54.6423, 24.7411], [54.6427, 24.7416], [54.6432, 24.7421], [54.6437, 24.7424], [54.6447, 24.7428], [54.6455, 24.743], [54.6466, 24.7435], [54.6475, 24.7438], [54.6489, 24.7445], [54.6512, 24.7454], [54.654, 24.7468], [54.6567, 24.748], [54.6575, 24.7486], [54.661, 24.7515], [54.6628, 24.7528], [54.6638, 24.7538], [54.6638, 24.7541], [54.6637, 24.7544], [54.664, 24.7549], [54.6646, 24.7551], [54.6648, 24.755], [54.6652, 24.7549], [54.6657, 24.7553], [54.666, 24.7555], [54.6663, 24.7558], [54.6663, 24.756], [54.6658, 24.7563], [54.6651, 24.7564], [54.6648, 24.7565], [54.665, 24.7567], [54.6751, 24.7536], [54.6766, 24.7532], [54.6771, 24.7532], [54.6801, 24.7562], [54.6802, 24.7565], [54.6802, 24.7569], [54.6799, 24.7568], [54.6796, 24.7567], [54.6792, 24.7563], [54.679, 24.7563], [54.6791, 24.7566], [54.6797, 24.7571], [54.6797, 24.7575], [54.6794, 24.7574], [54.6789, 24.7568], [54.6788, 24.7565], [54.6787, 24.7557], [54.6776, 24.7546], [54.6772, 24.7543], [54.6769, 24.7543], [54.6763, 24.7546], [54.676, 24.7547], [54.6763, 24.7551], [54.6766, 24.756], [54.6772, 24.7565], [54.6792, 24.7587], [54.6789, 24.759], [54.6785, 24.7586], [54.6768, 24.7569], [54.6762, 24.7561], [54.6759, 24.7552], [54.6756, 24.7548], [54.6753, 24.7548], [54.669, 24.7568], [54.6661, 24.7578], [54.6661, 24.758], [54.669, 24.7571], [54.6734, 24.7616], [54.6756, 24.7642], [54.6764, 24.7654], [54.6771, 24.7666], [54.6776, 24.7679], [54.6778, 24.7684], [54.6777, 24.7688], [54.678, 24.7689], [54.6805, 24.7667], [54.6817, 24.7678], [54.6817, 24.7683], [54.6813, 24.769], [54.6804, 24.7697], [54.6798, 24.7702], [54.6795, 24.7704], [54.6799, 24.7706], [54.6808, 24.7708], [54.6817, 24.7712], [54.6829, 24.7719], [54.6849, 24.7734], [54.687, 24.7754], [54.6889, 24.7774], [54.69, 24.7788], [54.6916, 24.7811], [54.6941, 24.785], [54.6944, 24.7855], [54.6936, 24.7861], [54.6756, 24.7891], [54.6757, 24.79], [54.6665, 24.7914], [54.6664, 24.7906], [54.6474, 24.7929], [54.6371, 24.8051], [54.6597, 24.8222], [54.6636, 24.8177], [54.6458, 24.8043], [54.655, 24.7938], [54.6667, 24.792], [54.6758, 24.7905], [54.6762, 24.7905], [54.6865, 24.7889], [54.687, 24.7919], [54.6886, 24.7912], [54.69, 24.7902], [54.6974, 24.7901], [54.6976, 24.7904], [54.6977, 24.7913], [54.6974, 24.7917], [54.6971, 24.7915], [54.6968, 24.7915], [54.6968, 24.792], [54.6971, 24.7922], [54.6973, 24.7922], [54.6977, 24.792], [54.698, 24.792], [54.6984, 24.7921], [54.699, 24.793], [54.7006, 24.7957], [54.7007, 24.7959], [54.7005, 24.7965], [54.7008, 24.7965], [54.701, 24.7965], [54.7014, 24.797], [54.702, 24.7976], [54.7026, 24.7988], [54.7034, 24.8004], [54.7051, 24.8041], [54.7053, 24.8048], [54.7062, 24.806], [54.7067, 24.8076], [54.7071, 24.8093], [54.7075, 24.8119], [54.7078, 24.8133], [54.708, 24.8142], [54.7082, 24.8144], [54.7085, 24.8145], [54.7089, 24.8145], [54.7093, 24.814], [54.7098, 24.814], [54.7104, 24.8141], [54.7114, 24.8143], [54.7126, 24.8146], [54.7134, 24.8147], [54.7137, 24.8146], [54.7141, 24.8143], [54.7143, 24.8139], [54.7148, 24.8135], [54.7153, 24.8133], [54.7156, 24.8131], [54.7163, 24.8127], [54.7166, 24.8123], [54.7171, 24.8116], [54.7174, 24.8108], [54.7174, 24.8104], [54.7177, 24.8101], [54.7187, 24.8092], [54.7213, 24.8073], [54.7218, 24.807], [54.722, 24.8067], [54.7223, 24.8064], [54.7228, 24.8063], [54.7234, 24.8061], [54.7244, 24.8058], [54.725, 24.8055], [54.7259, 24.8052], [54.7272, 24.8046], [54.7285, 24.8041], [54.729, 24.8041], [54.7298, 24.804], [54.7301, 24.8039], [54.7306, 24.8036], [54.7308, 24.8035], [54.7307, 24.803], [54.7304, 24.8026], [54.7305, 24.8021], [54.7308, 24.802], [54.7315, 24.8016], [54.7321, 24.8014], [54.7323, 24.8014], [54.7324, 24.8016], [54.7323, 24.8017], [54.7321, 24.8019], [54.7317, 24.8022], [54.7315, 24.8025], [54.7319, 24.8027], [54.7328, 24.8026], [54.7336, 24.8023], [54.7359, 24.8009], [54.7364, 24.801], [54.7371, 24.801], [54.738, 24.8011], [54.7389, 24.8011], [54.7393, 24.8011], [54.7397, 24.8014], [54.7402, 24.802], [54.7411, 24.8023], [54.7421, 24.8023], [54.743, 24.8022], [54.744, 24.8019], [54.7466, 24.8014], [54.747, 24.8013], [54.7478, 24.8011], [54.7484, 24.8006], [54.7491, 24.7997], [54.7496, 24.7987], [54.7498, 24.7975], [54.7493, 24.796], [54.7491, 24.795], [54.7491, 24.7928], [54.7491, 24.7919], [54.7492, 24.7913], [54.7495, 24.7903], [54.7496, 24.7897], [54.7502, 24.7891], [54.7509, 24.7886], [54.7517, 24.7879], [54.7521, 24.7873], [54.7525, 24.7867], [54.753, 24.7863], [54.7538, 24.7859], [54.7542, 24.7858], [54.7547, 24.7857], [54.7554, 24.7854], [54.756, 24.7851], [54.7562, 24.7847], [54.7563, 24.7841], [54.756, 24.7835], [54.7551, 24.7823], [54.7546, 24.7819], [54.7538, 24.781], [54.7535, 24.7802], [54.7536, 24.7799], [54.7539, 24.7795], [54.7544, 24.7795], [54.7551, 24.7799], [54.7559, 24.7801], [54.7566, 24.7801], [54.7569, 24.7797], [54.7574, 24.7792], [54.7576, 24.7785], [54.7575, 24.7777], [54.7574, 24.7773], [54.7578, 24.7774], [54.758, 24.7781], [54.7581, 24.7787], [54.758, 24.7794], [54.7578, 24.78], [54.7575, 24.7805], [54.7568, 24.7811], [54.7571, 24.7814], [54.7576, 24.7819], [54.7578, 24.7823], [54.7578, 24.7827], [54.7585, 24.7832], [54.759, 24.7828], [54.7594, 24.7824], [54.7595, 24.7817], [54.7598, 24.7813], [54.7599, 24.7817], [54.7599, 24.7821], [54.7598, 24.7829], [54.7596, 24.7835], [54.7592, 24.7839], [54.7589, 24.7845], [54.7592, 24.7848], [54.7596, 24.7848], [54.7603, 24.7847], [54.7611, 24.7846], [54.7613, 24.7847], [54.761, 24.7851], [54.7602, 24.7851], [54.7593, 24.7853], [54.7588, 24.7854], [54.7582, 24.7864], [54.7572, 24.7872], [54.7562, 24.7881], [54.7551, 24.7888], [54.7542, 24.7892], [54.7533, 24.7893], [54.7528, 24.7894], [54.7519, 24.7898], [54.7511, 24.7903], [54.7504, 24.7911], [54.7503, 24.7916], [54.7504, 24.792], [54.7506, 24.7923], [54.7509, 24.7928], [54.7511, 24.7952], [54.7513, 24.7958], [54.7515, 24.7969], [54.7515, 24.7975], [54.7514, 24.7984], [54.751, 24.7995], [54.7505, 24.8], [54.7508, 24.8004], [54.7514, 24.8009], [54.7526, 24.8014], [54.7536, 24.8018], [54.7543, 24.8019], [54.7557, 24.8018], [54.7575, 24.8014], [54.7593, 24.8011], [54.7605, 24.8007], [54.7612, 24.8006], [54.7619, 24.8002], [54.7625, 24.7998], [54.7631, 24.7995], [54.7637, 24.7994], [54.7642, 24.7995], [54.7647, 24.7996], [54.7654, 24.8], [54.7665, 24.8006], [54.7679, 24.8013], [54.7694, 24.8027], [54.7708, 24.804], [54.7712, 24.8044], [54.7713, 24.8051], [54.7716, 24.806], [54.7718, 24.8069], [54.7718, 24.8081], [54.7718, 24.8093], [54.7718, 24.8102], [54.772, 24.8108], [54.772, 24.811], [54.7718, 24.8114], [54.7713, 24.8115], [54.7707, 24.8119], [54.7704, 24.8122], [54.7699, 24.8126], [54.7696, 24.8129], [54.7692, 24.8132], [54.7687, 24.8136], [54.7685, 24.8142], [54.768, 24.8156], [54.7668, 24.8187], [54.7663, 24.8203], [54.7654, 24.8228], [54.7649, 24.8244], [54.7648, 24.8256], [54.7647, 24.8268], [54.7646, 24.8276], [54.7646, 24.8282], [54.7643, 24.8289], [54.7642, 24.8295], [54.7643, 24.8309], [54.7644, 24.832], [54.7645, 24.8335], [54.7644, 24.8368], [54.7644, 24.8374], [54.7642, 24.8378], [54.764, 24.8383], [54.7636, 24.8387], [54.7632, 24.8389], [54.7625, 24.8391], [54.7622, 24.8391], [54.7619, 24.8393], [54.7619, 24.8395], [54.762, 24.8399], [54.762, 24.8401], [54.7624, 24.8405], [54.7628, 24.841], [54.7629, 24.8417], [54.7629, 24.8419], [54.7629, 24.8424], [54.7628, 24.8427], [54.7628, 24.8432], [54.7629, 24.8435], [54.7631, 24.8437], [54.7633, 24.8441], [54.7635, 24.8443], [54.7638, 24.8448], [54.764, 24.8452], [54.7644, 24.8458], [54.7647, 24.8464], [54.765, 24.8469], [54.7651, 24.8473], [54.765, 24.849], [54.7648, 24.8543], [54.7649, 24.8545], [54.7651, 24.8545], [54.7652, 24.8543], [54.7654, 24.8539], [54.7655, 24.8536], [54.7656, 24.8531], [54.7659, 24.8526], [54.7663, 24.8522], [54.7665, 24.8517], [54.7665, 24.8515], [54.7663, 24.8512], [54.7662, 24.8507], [54.7662, 24.85], [54.7667, 24.8496], [54.7669, 24.8492], [54.7668, 24.8486], [54.7667, 24.8482], [54.7669, 24.8477], [54.7671, 24.8471], [54.7674, 24.8467], [54.768, 24.8458], [54.7689, 24.8452], [54.7697, 24.8448], [54.7705, 24.8446], [54.7718, 24.8445], [54.7731, 24.8445], [54.7742, 24.8446], [54.7752, 24.8446], [54.7766, 24.8448], [54.778, 24.8452], [54.7784, 24.8455], [54.7786, 24.8457], [54.7786, 24.8459], [54.7784, 24.8463], [54.7781, 24.8468], [54.7781, 24.8472], [54.7782, 24.8474], [54.7796, 24.8484], [54.78, 24.8487], [54.7802, 24.8488], [54.7805, 24.8488], [54.7805, 24.8486], [54.7803, 24.8485], [54.78, 24.8484], [54.7796, 24.848], [54.7785, 24.8472], [54.7784, 24.8469], [54.7786, 24.8466], [54.7788, 24.8461], [54.779, 24.8458], [54.7797, 24.8459], [54.7806, 24.846], [54.7815, 24.8462], [54.7832, 24.847], [54.7834, 24.8472], [54.7835, 24.8475], [54.7833, 24.8476], [54.7831, 24.8479], [54.783, 24.8483], [54.7829, 24.8485], [54.7827, 24.8486], [54.7818, 24.8487], [54.7814, 24.8485], [54.7812, 24.8484], [54.781, 24.8484], [54.781, 24.8486], [54.7812, 24.8488], [54.7818, 24.8488], [54.7827, 24.8489], [54.7832, 24.8489], [54.7834, 24.8491], [54.7835, 24.8492], [54.7835, 24.8496], [54.7835, 24.8498], [54.7833, 24.8499], [54.7831, 24.8501], [54.7833, 24.8503], [54.7839, 24.8506], [54.7843, 24.8507], [54.7845, 24.8506], [54.7843, 24.8504], [54.784, 24.8503], [54.7836, 24.85], [54.7838, 24.8499], [54.7838, 24.8495], [54.7838, 24.8492], [54.7836, 24.8489], [54.7833, 24.8488], [54.7832, 24.8486], [54.7832, 24.8484], [54.7834, 24.848], [54.7836, 24.8477], [54.7837, 24.8475], [54.7839, 24.8475], [54.7843, 24.8477], [54.7849, 24.8481], [54.785, 24.8483], [54.7853, 24.8486], [54.7857, 24.8487], [54.786, 24.8489], [54.7861, 24.8491], [54.786, 24.8493], [54.7858, 24.8494], [54.7857, 24.8497], [54.7858, 24.85], [54.7859, 24.8499], [54.786, 24.8496], [54.7864, 24.8492], [54.7868, 24.8492], [54.7872, 24.8494], [54.7875, 24.8497], [54.7878, 24.85], [54.7878, 24.8502], [54.7877, 24.8504], [54.7874, 24.8508], [54.7872, 24.8511], [54.7871, 24.8515], [54.7872, 24.8517], [54.7878, 24.852], [54.7879, 24.8522], [54.7879, 24.8524], [54.7881, 24.8524], [54.7882, 24.8523], [54.7881, 24.852], [54.7878, 24.8517], [54.7876, 24.8516], [54.7874, 24.8513], [54.7874, 24.8512], [54.7877, 24.8509], [54.7879, 24.8509], [54.7881, 24.8509], [54.7881, 24.8507], [54.7879, 24.8505], [54.7881, 24.8505], [54.7884, 24.8505], [54.7887, 24.8504], [54.789, 24.8506], [54.789, 24.8508], [54.7888, 24.851], [54.7888, 24.8512], [54.7888, 24.8514], [54.7892, 24.8513], [54.7892, 24.8512], [54.7895, 24.8508], [54.7899, 24.8506], [54.7901, 24.8506], [54.7903, 24.8506], [54.7907, 24.8509], [54.7908, 24.851], [54.7911, 24.8513], [54.7912, 24.8514], [54.7911, 24.8516], [54.791, 24.8519], [54.7907, 24.8523], [54.7906, 24.8527], [54.7906, 24.8529], [54.7904, 24.853], [54.79, 24.8528], [54.7894, 24.8526], [54.7888, 24.8524], [54.7886, 24.8524], [54.7886, 24.8525], [54.7888, 24.8527], [54.7903, 24.8532], [54.7909, 24.8532], [54.7909, 24.853], [54.791, 24.8525], [54.7912, 24.8522], [54.7915, 24.8518], [54.7918, 24.8517], [54.792, 24.8517], [54.7923, 24.8515], [54.7928, 24.8516], [54.7936, 24.852], [54.7948, 24.8527], [54.7956, 24.8535], [54.7955, 24.8537], [54.7951, 24.8538], [54.7951, 24.8542], [54.7952, 24.8543], [54.7939, 24.8567], [54.7939, 24.857], [54.7941, 24.8571], [54.7949, 24.8555], [54.7952, 24.8554], [54.7955, 24.8554], [54.7963, 24.8556], [54.7966, 24.8556], [54.797, 24.8555], [54.7971, 24.8552], [54.7974, 24.8549], [54.7977, 24.8546], [54.7985, 24.8545], [54.7999, 24.855], [54.8008, 24.8551], [54.8024, 24.8552], [54.8027, 24.8552], [54.8028, 24.8555], [54.8032, 24.8555], [54.8032, 24.8552], [54.8033, 24.855], [54.8036, 24.8549], [54.8039, 24.8549], [54.8042, 24.855], [54.8046, 24.8553], [54.8051, 24.8554], [54.8057, 24.8555], [54.8056, 24.8592], [54.8054, 24.8594], [54.8054, 24.8595], [54.8055, 24.8597], [54.8057, 24.8597], [54.8057, 24.8612], [54.8059, 24.8613], [54.8062, 24.8615], [54.8068, 24.8619], [54.8072, 24.862], [54.8073, 24.8622], [54.8074, 24.8625], [54.8072, 24.8631], [54.807, 24.8638], [54.8068, 24.8645], [54.807, 24.8646], [54.8073, 24.8642], [54.8074, 24.8634], [54.8076, 24.8628], [54.8078, 24.8621], [54.8076, 24.8619], [54.8063, 24.8612], [54.806, 24.8608], [54.806, 24.8598], [54.806, 24.8597], [54.8063, 24.8595], [54.8063, 24.8593], [54.806, 24.8592], [54.806, 24.8581], [54.8061, 24.8578], [54.8066, 24.8577], [54.807, 24.8574], [54.8098, 24.8575], [54.8099, 24.8576], [54.81, 24.8578], [54.8102, 24.8581], [54.8107, 24.8582], [54.811, 24.8582], [54.8112, 24.8584], [54.8113, 24.8585], [54.8114, 24.8588], [54.8113, 24.8592], [54.8115, 24.8595], [54.8118, 24.8598], [54.8121, 24.8598], [54.8122, 24.8597], [54.8121, 24.8595], [54.8117, 24.8593], [54.8116, 24.8591], [54.8116, 24.8586], [54.8116, 24.8584], [54.8115, 24.8582], [54.8112, 24.858], [54.8111, 24.8579], [54.8112, 24.8578], [54.8114, 24.8577], [54.8112, 24.8574], [54.8111, 24.8573], [54.8114, 24.8571], [54.8117, 24.857], [54.8119, 24.8571], [54.8123, 24.8573], [54.813, 24.8578], [54.8132, 24.8581], [54.8134, 24.8582], [54.8133, 24.8583], [54.8131, 24.8582], [54.8128, 24.8581], [54.8125, 24.8581], [54.8123, 24.8581], [54.8123, 24.8583], [54.8127, 24.8586], [54.8132, 24.8591], [54.8136, 24.8595], [54.8138, 24.86], [54.8143, 24.8603], [54.8145, 24.8607], [54.8147, 24.8609], [54.8151, 24.8611], [54.8158, 24.8613], [54.8166, 24.8617], [54.8178, 24.8622], [54.8189, 24.8627], [54.8194, 24.8631], [54.8194, 24.8634], [54.8191, 24.8636], [54.819, 24.8639], [54.8192, 24.864], [54.8196, 24.8641], [54.8203, 24.8645], [54.8205, 24.8646], [54.8205, 24.8649], [54.8208, 24.8651], [54.8215, 24.8652], [54.8221, 24.8653], [54.8224, 24.8654], [54.8232, 24.8654], [54.8239, 24.8658], [54.8247, 24.8664], [54.8254, 24.8672], [54.8255, 24.8676], [54.8255, 24.868], [54.8252, 24.8683], [54.825, 24.8685], [54.8244, 24.8683], [54.8235, 24.8694], [54.825, 24.8704], [54.8245, 24.8713], [54.8239, 24.8708], [54.8236, 24.8708], [54.8235, 24.871], [54.825, 24.8721], [54.8252, 24.8724], [54.8256, 24.8726], [54.8258, 24.8725], [54.8257, 24.8722], [54.8248, 24.8714], [54.8263, 24.8695], [54.8264, 24.8693], [54.8262, 24.8691], [54.8256, 24.8688], [54.8255, 24.8687], [54.8257, 24.8684], [54.8259, 24.8683], [54.8263, 24.8683], [54.8267, 24.8684], [54.8271, 24.8687], [54.8276, 24.869], [54.8278, 24.8693], [54.8281, 24.8697], [54.8288, 24.8704], [54.8295, 24.8711], [54.8299, 24.8715], [54.8304, 24.8723], [54.8307, 24.8731], [54.8315, 24.874], [54.8322, 24.8746], [54.8336, 24.8758], [54.8349, 24.8769], [54.8361, 24.8779], [54.8371, 24.8788], [54.8396, 24.881], [54.8409, 24.8823], [54.8417, 24.8833], [54.8424, 24.8843], [54.8428, 24.8851], [54.8429, 24.8858], [54.8428, 24.8867], [54.8427, 24.8875], [54.8424, 24.8881], [54.8417, 24.8886], [54.8413, 24.8889], [54.841, 24.8887], [54.8406, 24.8885], [54.8405, 24.8888], [54.8406, 24.8891], [54.8409, 24.8895], [54.8419, 24.8903], [54.8425, 24.8907], [54.8432, 24.8906], [54.8434, 24.8904], [54.8438, 24.8902], [54.8439, 24.8898], [54.8436, 24.8894], [54.8436, 24.8892], [54.8442, 24.8887], [54.8451, 24.8879], [54.8459, 24.8871], [54.8467, 24.8865], [54.8474, 24.8859], [54.8481, 24.8855], [54.8487, 24.8851], [54.849, 24.8849], [54.8493, 24.8846], [54.8497, 24.8843], [54.8502, 24.8841], [54.8505, 24.8839], [54.8514, 24.883], [54.8517, 24.8825], [54.8527, 24.8816], [54.853, 24.8813], [54.8531, 24.8809], [54.8541, 24.8802], [54.8545, 24.8798], [54.8549, 24.8793], [54.8556, 24.8787], [54.8591, 24.8752], [54.8665, 24.8679], [54.8669, 24.8676], [54.8765, 24.8653], [54.8856, 24.8631], [54.8882, 24.8624], [54.89, 24.862], [54.8915, 24.8612], [54.8926, 24.8601], [54.8932, 24.8591], [54.8934, 24.8581], [54.8936, 24.8567], [54.8934, 24.8554], [54.8929, 24.8539], [54.8895, 24.849], [54.8881, 24.8469], [54.8889, 24.8464], [54.8943, 24.8541], [54.8946, 24.8544], [54.8949, 24.8544], [54.896, 24.8544], [54.8968, 24.8545], [54.8973, 24.8546], [54.8978, 24.855], [54.8982, 24.8553], [54.8984, 24.8558], [54.8986, 24.8563], [54.8986, 24.857], [54.8985, 24.8573], [54.8975, 24.8573], [54.8975, 24.8559], [54.8973, 24.8556], [54.8968, 24.8553], [54.8963, 24.8552], [54.8956, 24.8552], [54.8951, 24.8555], [54.8948, 24.8558], [54.8946, 24.8562], [54.8946, 24.8569], [54.8948, 24.8572], [54.8949, 24.8575], [54.8949, 24.8578], [54.8946, 24.8579], [54.8944, 24.8581], [54.8944, 24.8584], [54.8943, 24.8594], [54.8947, 24.8598], [54.8951, 24.8601], [54.8956, 24.8602], [54.8961, 24.8602], [54.8966, 24.86], [54.897, 24.8597], [54.8973, 24.8592], [54.8974, 24.8585], [54.8983, 24.8585], [54.8983, 24.8594], [54.8978, 24.8602], [54.8971, 24.8607], [54.8966, 24.861], [54.8958, 24.861], [54.8955, 24.8608], [54.8949, 24.8607], [54.8942, 24.8608], [54.8938, 24.861], [54.8933, 24.8615], [54.89, 24.8641], [54.8894, 24.8646], [54.889, 24.8648], [54.8886, 24.8648], [54.8881, 24.8648], [54.8852, 24.8642], [54.8842, 24.8644], [54.8809, 24.8652], [54.8679, 24.8683], [54.8673, 24.8685], [54.867, 24.8688], [54.8666, 24.8691], [54.8643, 24.8715], [54.8624, 24.8734], [54.8586, 24.8773], [54.8547, 24.8813], [54.8545, 24.8815], [54.8542, 24.8816], [54.8541, 24.882], [54.854, 24.8823], [54.8536, 24.8825], [54.8533, 24.8826], [54.8528, 24.883], [54.8521, 24.884], [54.8518, 24.8845], [54.8519, 24.8848], [54.852, 24.8853], [54.8521, 24.8857], [54.8522, 24.8863], [54.8524, 24.8867], [54.8524, 24.887], [54.8523, 24.8871], [54.852, 24.8874], [54.8518, 24.8878], [54.8518, 24.8883], [54.8513, 24.8889], [54.8513, 24.8891], [54.8517, 24.8893], [54.8519, 24.8896], [54.8521, 24.8899], [54.8523, 24.8902], [54.8524, 24.89], [54.8524, 24.8895], [54.8518, 24.8889], [54.8519, 24.8887], [54.8524, 24.8887], [54.8532, 24.8887], [54.8537, 24.8888], [54.8541, 24.889], [54.8545, 24.8894], [54.8552, 24.8899], [54.8562, 24.891], [54.8564, 24.8916], [54.8565, 24.8922], [54.8563, 24.8925], [54.8558, 24.8927], [54.8555, 24.8927], [54.8552, 24.893], [54.855, 24.8933], [54.8522, 24.8952], [54.8544, 24.8978], [54.8549, 24.8974], [54.8529, 24.8953], [54.8548, 24.8938], [54.8551, 24.8937], [54.8557, 24.8936], [54.8562, 24.8936], [54.857, 24.8936], [54.858, 24.8935], [54.8585, 24.8937], [54.8588, 24.894], [54.8591, 24.8944], [54.8593, 24.8948], [54.8593, 24.895], [54.8593, 24.8952], [54.8592, 24.8956], [54.8592, 24.8958], [54.8592, 24.8962], [54.8576, 24.8999], [54.8564, 24.8998], [54.8563, 24.9], [54.8578, 24.9003], [54.8596, 24.8962], [54.8596, 24.8957], [54.8598, 24.8955], [54.8603, 24.8955], [54.8605, 24.8956], [54.8606, 24.8958], [54.8606, 24.8961], [54.8608, 24.8963], [54.8612, 24.8964], [54.8617, 24.8967], [54.8634, 24.8975], [54.8643, 24.898], [54.8655, 24.8983], [54.8682, 24.899], [54.8686, 24.8992], [54.8686, 24.8994], [54.8686, 24.8997], [54.8688, 24.9], [54.8699, 24.9012], [54.8706, 24.9016], [54.8711, 24.9017], [54.8712, 24.9016], [54.8711, 24.9014], [54.8708, 24.9014], [54.8705, 24.9013], [54.8702, 24.9011], [54.869, 24.8996], [54.8689, 24.8992], [54.869, 24.8985], [54.8689, 24.8982], [54.8685, 24.8981], [54.8678, 24.8979], [54.8671, 24.8978], [54.8667, 24.8976], [54.8666, 24.8974], [54.8669, 24.8969], [54.8675, 24.8967], [54.8685, 24.8968], [54.8688, 24.8968], [54.8693, 24.897], [54.8699, 24.897], [54.8707, 24.8971], [54.8714, 24.8973], [54.8717, 24.8974], [54.8719, 24.8978], [54.8719, 24.8981], [54.8719, 24.8986], [54.8713, 24.9], [54.8712, 24.9002], [54.8709, 24.9005], [54.8713, 24.9007], [54.8715, 24.9004], [54.872, 24.9003], [54.8723, 24.9005], [54.8732, 24.9007], [54.8775, 24.9034], [54.8786, 24.9042], [54.8787, 24.9045], [54.8788, 24.9047], [54.8788, 24.905], [54.8789, 24.9053], [54.879, 24.9055], [54.8789, 24.9057], [54.8787, 24.906], [54.8788, 24.9061], [54.8791, 24.9059], [54.8794, 24.9056], [54.8796, 24.9051], [54.8798, 24.9049], [54.88, 24.9049], [54.8802, 24.9049], [54.8808, 24.9051], [54.8813, 24.9054], [54.8817, 24.9057], [54.8825, 24.9064], [54.8828, 24.9066], [54.8832, 24.9068], [54.8834, 24.9069], [54.8839, 24.9073], [54.8842, 24.9073], [54.8844, 24.9079], [54.885, 24.908], [54.8854, 24.9086], [54.8857, 24.9089], [54.8856, 24.9092], [54.8859, 24.9094], [54.886, 24.9092], [54.8863, 24.9092], [54.8875, 24.91], [54.8887, 24.9111], [54.8892, 24.9113], [54.8904, 24.9109], [54.8913, 24.9115], [54.8921, 24.9114], [54.8937, 24.9111], [54.895, 24.9104], [54.8965, 24.911], [54.896, 24.9112], [54.8963, 24.9113], [54.8966, 24.9114], [54.8968, 24.9113], [54.8968, 24.9111], [54.8969, 24.9111], [54.897, 24.9109], [54.8975, 24.9109], [54.8982, 24.911], [54.8993, 24.9116], [54.9011, 24.9126], [54.9029, 24.9137], [54.9043, 24.9149], [54.9057, 24.9162], [54.907, 24.9177], [54.908, 24.9189], [54.9084, 24.9193], [54.9091, 24.9201], [54.91, 24.9209], [54.9103, 24.9211], [54.9136, 24.9255], [54.9154, 24.9286], [54.9186, 24.9298], [54.9211, 24.9308], [54.9212, 24.931], [54.9196, 24.9334], [54.9108, 24.9405], [54.9064, 24.9366], [54.9025, 24.9356], [54.8985, 24.9371], [54.8938, 24.9424], [54.8913, 24.9468], [54.8911, 24.9497], [54.8933, 24.9518], [54.8964, 24.954], [54.9021, 24.9564], [54.9067, 24.9566], [54.9065, 24.9563], [54.9022, 24.956], [54.8966, 24.9535], [54.8932, 24.9508], [54.8948, 24.9504], [54.8956, 24.9495], [54.8956, 24.9472], [54.8977, 24.9461], [54.8991, 24.945], [54.9027, 24.9431], [54.9046, 24.9439], [54.9045, 24.9449], [54.9023, 24.9467], [54.8999, 24.9467], [54.8996, 24.9483], [54.8993, 24.9498], [54.9001, 24.9511], [54.8999, 24.9525], [54.8993, 24.9537], [54.9014, 24.9541], [54.9047, 24.9546], [54.9062, 24.9541], [54.9071, 24.953], [54.9095, 24.9511], [54.9119, 24.9498], [54.9157, 24.9495], [54.9141, 24.9459], [54.9116, 24.9416], [54.9219, 24.9335], [54.9247, 24.9339], [54.9292, 24.9365], [54.933, 24.939], [54.9369, 24.9412], [54.9384, 24.9426], [54.9422, 24.9458], [54.9469, 24.9501], [54.9501, 24.9533], [54.9515, 24.9549], [54.953, 24.9565], [54.9544, 24.9576], [54.9556, 24.9583], [54.9564, 24.9589], [54.9571, 24.9595], [54.9581, 24.9604], [54.9598, 24.9621], [54.961, 24.9633], [54.9622, 24.9645], [54.9628, 24.965], [54.9632, 24.9649], [54.9632, 24.9647], [54.9637, 24.9647], [54.9641, 24.9648], [54.9647, 24.9651], [54.9653, 24.9655], [54.9657, 24.9658], [54.966, 24.9656], [54.9665, 24.9655], [54.9669, 24.9655], [54.9675, 24.9654], [54.9675, 24.9651], [54.9679, 24.9651], [54.969, 24.9651], [54.97, 24.9653], [54.9707, 24.9655], [54.9717, 24.9655], [54.9725, 24.9656], [54.9736, 24.9658], [54.9749, 24.9662], [54.9773, 24.9671], [54.9786, 24.9676], [54.9792, 24.9677], [54.9799, 24.9677], [54.9806, 24.9681], [54.9815, 24.9686], [54.9826, 24.9694], [54.9841, 24.9698], [54.9854, 24.9703], [54.9884, 24.9723], [54.9887, 24.9725], [54.9878, 24.9741], [54.9869, 24.9754], [54.986, 24.9761], [54.9851, 24.9769], [54.984, 24.9772], [54.9821, 24.9773], [54.9791, 24.9774], [54.9761, 24.9779], [54.972, 24.9787], [54.9715, 24.9789], [54.9691, 24.9797], [54.9657, 24.9814], [54.9624, 24.9835], [54.9597, 24.9858], [54.9572, 24.9886], [54.956, 24.9902], [54.9559, 24.9903], [54.9569, 24.9909], [54.956, 24.9928], [54.9547, 24.9922], [54.9545, 24.9926], [54.9534, 24.9954], [54.9527, 24.9983], [54.9524, 25.0016], [54.9525, 25.0047], [54.9529, 25.0073], [54.9535, 25.0098], [54.9543, 25.0124], [54.9552, 25.0145], [54.9567, 25.0169], [54.9577, 25.0188], [54.961, 25.0228], [54.9613, 25.023], [54.963, 25.0245], [54.9632, 25.0256], [54.9642, 25.0275], [54.9644, 25.0279], [54.9652, 25.0294], [54.9664, 25.031], [54.9682, 25.0327], [54.9703, 25.0342], [54.9726, 25.0351], [54.9753, 25.0361], [54.977, 25.0365], [54.9804, 25.0366], [54.9835, 25.0362], [54.985, 25.0357], [54.9866, 25.0358], [54.9869, 25.0358], [54.9863, 25.0333], [54.9861, 25.0327], [54.986, 25.0328], [54.9861, 25.0333], [54.9857, 25.0332], [54.9856, 25.0333], [54.9854, 25.0333], [54.9851, 25.0333], [54.9849, 25.0332], [54.9845, 25.033], [54.9843, 25.0328], [54.9842, 25.0327], [54.9839, 25.0325], [54.9837, 25.0324], [54.9835, 25.0323], [54.9833, 25.0323], [54.9832, 25.0323], [54.9831, 25.0322], [54.9828, 25.0322], [54.9825, 25.032], [54.9823, 25.0321], [54.9814, 25.0313], [54.9807, 25.0299], [54.98, 25.0299], [54.9791, 25.0298], [54.9769, 25.0294], [54.976, 25.0291], [54.9759, 25.029], [54.9758, 25.029], [54.9755, 25.0288], [54.9748, 25.0284], [54.9747, 25.0284], [54.9741, 25.028], [54.9725, 25.027], [54.9715, 25.0261], [54.9712, 25.0258], [54.9711, 25.0257], [54.9706, 25.0252], [54.9695, 25.0251], [54.9692, 25.0249], [54.9678, 25.0248], [54.9675, 25.0248], [54.9665, 25.0244], [54.9652, 25.0234], [54.9639, 25.0222], [54.9629, 25.0212], [54.9624, 25.021], [54.962, 25.0203], [54.9627, 25.0192], [54.961, 25.0165], [54.9583, 25.0117], [54.9567, 25.0067], [54.9562, 25.0028], [54.9562, 24.9995], [54.9568, 24.9967], [54.9585, 24.994], [54.9572, 24.9936], [54.9573, 24.9935], [54.9587, 24.9916], [54.9596, 24.9917], [54.9613, 24.9894], [54.9633, 24.9874], [54.9653, 24.9859], [54.9682, 24.9841], [54.9706, 24.983], [54.974, 24.9818], [54.9742, 24.9817], [54.9766, 24.9812], [54.9793, 24.9809], [54.9823, 24.9806], [54.9822, 24.9789], [54.983, 24.9788], [54.9842, 24.9779], [54.9853, 24.9777], [54.9867, 24.9773], [54.9874, 24.978], [54.9895, 24.9763], [54.9919, 24.9736], [54.9926, 24.9741], [54.9937, 24.9744], [54.994, 24.9746], [54.9953, 24.9749], [54.9956, 24.975], [54.9963, 24.975], [54.9973, 24.9754], [54.9987, 24.976], [54.9994, 24.9764], [55.0, 24.9766], [55.0009, 24.9773], [55.0014, 24.9776], [55.0018, 24.9779], [55.0023, 24.9785], [55.0025, 24.9793], [55.0019, 24.9804], [55.0014, 24.9807], [55.0004, 24.9817], [54.9998, 24.9825], [54.9994, 24.9825], [54.9977, 24.9848], [54.9963, 24.9868], [54.9947, 24.9903], [54.9908, 24.9973], [54.9901, 24.999], [54.9901, 24.9995], [54.9904, 24.9997], [54.9911, 25.0001], [54.9905, 25.001], [54.9902, 25.001], [54.9901, 25.001], [54.99, 25.001], [54.989, 25.0005], [54.9875, 24.9982], [54.9864, 24.996], [54.986, 24.9943], [54.9859, 24.993], [54.9859, 24.9922], [54.9859, 24.9919], [54.9858, 24.9918], [54.9857, 24.9914], [54.986, 24.9882], [54.9863, 24.987], [54.9856, 24.9863], [54.9848, 24.9867], [54.9844, 24.988], [54.9842, 24.99], [54.9841, 24.9917], [54.984, 24.9917], [54.984, 24.9926], [54.9843, 24.9934], [54.9847, 24.9949], [54.9855, 24.9969], [54.9865, 24.999], [54.9874, 25.0005], [54.9884, 25.0017], [54.9879, 25.0021], [54.9879, 25.0022], [54.9851, 24.9996], [54.9831, 24.9968], [54.9817, 24.9941], [54.9814, 24.9927], [54.9812, 24.9924], [54.9809, 24.9905], [54.9804, 24.9877], [54.9797, 24.987], [54.9787, 24.9876], [54.9789, 24.99], [54.9796, 24.9925], [54.9794, 24.9928], [54.9798, 24.994], [54.9803, 24.9942], [54.9811, 24.9963], [54.983, 24.9992], [54.9848, 25.0013], [54.9866, 25.0029], [54.987, 25.0031], [54.9867, 25.004], [54.9827, 25.0019], [54.9797, 24.9989], [54.9774, 24.9955], [54.9764, 24.9935], [54.9754, 24.9904], [54.9749, 24.9891], [54.9737, 24.989], [54.9734, 24.9904], [54.974, 24.9923], [54.9749, 24.9944], [54.9748, 24.9949], [54.9759, 24.996], [54.9778, 24.9991], [54.9814, 25.0026], [54.9853, 25.005], [54.9858, 25.0052], [54.9856, 25.006], [54.9843, 25.0057], [54.9813, 25.0046], [54.9789, 25.0032], [54.9759, 25.0007], [54.9736, 24.9982], [54.9735, 24.9968], [54.9729, 24.9963], [54.9727, 24.9964], [54.9715, 24.9938], [54.9711, 24.9923], [54.97, 24.9916], [54.9695, 24.9924], [54.9698, 24.9941], [54.9705, 24.9958], [54.9713, 24.9972], [54.9712, 24.9973], [54.9715, 24.9979], [54.9755, 25.0021], [54.9803, 25.0054], [54.9831, 25.0066], [54.9847, 25.0071], [54.9848, 25.0071], [54.9847, 25.0078], [54.9818, 25.0074], [54.979, 25.0068], [54.9756, 25.0057], [54.9713, 25.0031], [54.9711, 25.0024], [54.9703, 25.002], [54.968, 24.9998], [54.9667, 24.998], [54.9658, 24.9975], [54.9653, 24.9982], [54.9654, 24.9989], [54.9663, 25.0002], [54.9677, 25.0019], [54.9694, 25.0033], [54.9698, 25.0038], [54.9709, 25.0043], [54.974, 25.0062], [54.9768, 25.0075], [54.979, 25.0081], [54.9814, 25.0088], [54.9831, 25.009], [54.9835, 25.009], [54.9836, 25.0098], [54.9781, 25.0099], [54.9741, 25.009], [54.9715, 25.0082], [54.9697, 25.007], [54.9679, 25.0059], [54.9664, 25.0046], [54.9648, 25.0034], [54.9639, 25.0042], [54.9645, 25.0051], [54.9658, 25.0063], [54.9677, 25.0079], [54.97, 25.0088], [54.97, 25.0089], [54.9704, 25.009], [54.9757, 25.0107], [54.9788, 25.0112], [54.9819, 25.0111], [54.9821, 25.0123], [54.9816, 25.0125], [54.9794, 25.013], [54.9765, 25.0133], [54.9738, 25.0131], [54.9737, 25.0132], [54.973, 25.0132], [54.9716, 25.0129], [54.9692, 25.0123], [54.9681, 25.0119], [54.9672, 25.0113], [54.9664, 25.0114], [54.9659, 25.0118], [54.9659, 25.0124], [54.9662, 25.0129], [54.9679, 25.0136], [54.9705, 25.0143], [54.9739, 25.0147], [54.974, 25.0147], [54.9757, 25.0147], [54.9788, 25.0145], [54.981, 25.014], [54.9814, 25.0148], [54.9806, 25.0153], [54.9769, 25.0165], [54.9768, 25.0166], [54.9744, 25.0169], [54.9716, 25.0169], [54.9703, 25.0167], [54.9697, 25.0172], [54.9696, 25.0179], [54.9701, 25.0181], [54.9722, 25.0186], [54.975, 25.0184], [54.9777, 25.0178], [54.9799, 25.0176], [54.9803, 25.0178], [54.9804, 25.0179], [54.9802, 25.0185], [54.9805, 25.0195], [54.9815, 25.0191], [54.9817, 25.0188], [54.9826, 25.0186], [54.9828, 25.019], [54.9831, 25.0199], [54.9832, 25.0201], [54.9835, 25.0206], [54.9839, 25.0209], [54.984, 25.0209], [54.9841, 25.021], [54.9846, 25.0214], [54.9854, 25.0216], [54.9854, 25.0208], [54.9845, 25.019], [54.9845, 25.0188], [54.984, 25.0165], [54.9842, 25.016], [54.9844, 25.0162], [54.9846, 25.0165], [54.9851, 25.0162], [54.9858, 25.018], [54.987, 25.0194], [54.9883, 25.0218], [54.9906, 25.0241], [54.9932, 25.0261], [54.9951, 25.027], [54.9958, 25.0262], [54.9957, 25.0258], [54.9932, 25.0243], [54.9911, 25.0224], [54.9896, 25.0209], [54.9874, 25.0181], [54.9867, 25.0166], [54.9862, 25.0153], [54.9861, 25.0145], [54.9866, 25.0142], [54.99, 25.0175], [54.9921, 25.0193], [54.9937, 25.0204], [54.9951, 25.0212], [55.0005, 25.0236], [55.0014, 25.0237], [55.0025, 25.024], [55.0031, 25.024], [55.0036, 25.0239], [55.0039, 25.0233], [55.0039, 25.0229], [55.0037, 25.0227], [55.0037, 25.0224], [55.0, 25.0218], [54.997, 25.0206], [54.9956, 25.0199], [54.9951, 25.0195], [54.9932, 25.0182], [54.9892, 25.0143], [54.9885, 25.0137], [54.9876, 25.0122], [54.9875, 25.0121], [54.9875, 25.012], [54.9877, 25.0119], [54.9884, 25.0114], [54.9901, 25.0133], [54.9973, 25.0177], [54.9987, 25.0182], [55.0007, 25.019], [55.0031, 25.0196], [55.0059, 25.0198], [55.0076, 25.0199], [55.0084, 25.0196], [55.0086, 25.0195], [55.0087, 25.0194], [55.0089, 25.0192], [55.0088, 25.0188], [55.0082, 25.0183], [55.0081, 25.0183], [55.0054, 25.0182], [55.0015, 25.0177], [55.0014, 25.0175], [55.0008, 25.0175], [54.9988, 25.017], [54.9967, 25.0161], [54.9951, 25.0153], [54.9937, 25.0144], [54.9927, 25.0137], [54.9912, 25.0123], [54.9911, 25.0122], [54.9905, 25.0119], [54.9897, 25.011], [54.9889, 25.0101], [54.9891, 25.0099], [54.9927, 25.0114], [54.9951, 25.0125], [54.9965, 25.0132], [54.9988, 25.0138], [55.0017, 25.0143], [55.0043, 25.0144], [55.0048, 25.0143], [55.0056, 25.0143], [55.0077, 25.0141], [55.0104, 25.0135], [55.0118, 25.0128], [55.011, 25.0115], [55.0098, 25.0121], [55.0054, 25.0131], [55.0046, 25.013], [55.002, 25.013], [54.9991, 25.0126], [54.9972, 25.012], [54.9954, 25.0113], [54.9919, 25.0098], [54.9918, 25.0096], [54.9903, 25.0083], [54.9905, 25.0079], [54.9972, 25.0097], [55.0005, 25.0102], [55.0028, 25.0102], [55.0054, 25.01], [55.0062, 25.0099], [55.0091, 25.0097], [55.0121, 25.0084], [55.0124, 25.0078], [55.0113, 25.0072], [55.0112, 25.0072], [55.0109, 25.0074], [55.0074, 25.0084], [55.0043, 25.0088], [55.0006, 25.0089], [54.9981, 25.0086], [54.9954, 25.008], [54.9913, 25.007], [54.9915, 25.0059], [54.9947, 25.0063], [55.0015, 25.0063], [55.0035, 25.0059], [55.0053, 25.0054], [55.0055, 25.0052], [55.0075, 25.0049], [55.0098, 25.0039], [55.0106, 25.003], [55.0099, 25.002], [55.0072, 25.0032], [55.005, 25.0042], [55.0015, 25.0049], [54.9979, 25.0051], [54.9947, 25.0049], [54.9925, 25.0048], [54.9924, 25.0035], [54.9973, 25.0033], [54.9985, 25.0032], [55.0003, 25.0028], [55.0027, 25.0019], [55.003, 25.0017], [55.0043, 25.0011], [55.0083, 24.998], [55.0075, 24.9974], [55.0058, 24.9981], [55.0016, 25.0011], [55.0009, 25.0014], [54.9999, 25.0019], [54.9981, 25.0022], [54.9929, 25.0024], [54.9927, 25.0024], [54.9921, 25.0024], [54.9923, 25.0021], [54.9916, 25.0017], [54.9927, 25.0006], [54.9932, 25.0009], [54.9943, 25.0008], [54.9951, 25.0], [55.0003, 24.9912], [55.0048, 24.9844], [55.0049, 24.9835], [55.0049, 24.9825], [55.0047, 24.9817], [55.0039, 24.9812], [55.0046, 24.9803], [55.0052, 24.9797], [55.0059, 24.9794], [55.006, 24.9795], [55.0064, 24.9796], [55.0146, 24.984], [55.0141, 24.9853], [55.0129, 24.9851], [55.0123, 24.987], [55.0122, 24.9906], [55.0128, 24.9929], [55.0141, 24.9927], [55.0146, 24.994], [55.0161, 24.9962], [55.0163, 24.9963], [55.0155, 24.9968], [55.0143, 24.9974], [55.0143, 24.9976], [55.0146, 24.9976], [55.0148, 24.9975], [55.0151, 24.9973], [55.016, 24.9982], [55.016, 24.9984], [55.0178, 25.0015], [55.0191, 25.0058], [55.0196, 25.0082], [55.0198, 25.0104], [55.0195, 25.0143], [55.0191, 25.017], [55.0181, 25.02], [55.0175, 25.0205], [55.0174, 25.0206], [55.0184, 25.0211], [55.0182, 25.0213], [55.0177, 25.0221], [55.0171, 25.023], [55.0159, 25.0224], [55.0157, 25.0226], [55.0125, 25.0263], [55.0092, 25.0288], [55.006, 25.0304], [54.9997, 25.0323], [54.9983, 25.0324], [54.9971, 25.0327], [54.9954, 25.0328], [54.9932, 25.0329], [54.9911, 25.0329], [54.9902, 25.0327], [54.9897, 25.0328], [54.9892, 25.0325], [54.9891, 25.032], [54.9889, 25.0319], [54.9889, 25.033], [54.9893, 25.036], [54.9894, 25.0363], [54.9896, 25.0363], [54.9963, 25.0362], [54.9999, 25.0357], [55.0026, 25.0353], [55.0072, 25.0337], [55.0118, 25.0313], [55.0147, 25.0293], [55.0192, 25.0248], [55.0193, 25.0243], [55.0191, 25.0242], [55.0183, 25.0237], [55.0184, 25.0234], [55.0188, 25.0226], [55.019, 25.0222], [55.0196, 25.0217], [55.0204, 25.0222], [55.0205, 25.022], [55.0222, 25.019], [55.0228, 25.0168], [55.0234, 25.0138], [55.0235, 25.0107], [55.0234, 25.0078], [55.0221, 25.0022], [55.0201, 24.9976], [55.0187, 24.9956], [55.0177, 24.9954], [55.0172, 24.9958], [55.0158, 24.9934], [55.0153, 24.9921], [55.0149, 24.99], [55.0149, 24.988], [55.0154, 24.9863], [55.0159, 24.9852], [55.0162, 24.9851], [55.0163, 24.9851], [55.017, 24.9856], [55.0179, 24.9862], [55.0187, 24.9867], [55.0198, 24.9875], [55.0199, 24.9876], [55.0201, 24.9877], [55.0214, 24.9887], [55.0223, 24.9892], [55.0231, 24.99], [55.024, 24.9907], [55.0248, 24.9912], [55.0253, 24.9915], [55.0255, 24.9918], [55.0256, 24.992], [55.0257, 24.9921], [55.0259, 24.9921], [55.0259, 24.9919], [55.0258, 24.9916], [55.0257, 24.9913], [55.0255, 24.991], [55.0252, 24.9908], [55.0247, 24.9906], [55.0243, 24.9905], [55.0239, 24.9903], [55.0236, 24.9899], [55.0236, 24.9898], [55.0235, 24.9895], [55.0236, 24.9888], [55.0238, 24.9885], [55.0243, 24.9884], [55.0245, 24.9883], [55.0246, 24.9882], [55.0247, 24.988], [55.0247, 24.9876], [55.0251, 24.9874], [55.0256, 24.9874], [55.0258, 24.9875], [55.0258, 24.988], [55.0257, 24.9887], [55.0257, 24.989], [55.0256, 24.9894], [55.0255, 24.9897], [55.0254, 24.9901], [55.0256, 24.9903], [55.0257, 24.9901], [55.0259, 24.9899], [55.0264, 24.9899], [55.0268, 24.9899], [55.0274, 24.99], [55.028, 24.9904], [55.0286, 24.9906], [55.0288, 24.9907], [55.0294, 24.9911], [55.03, 24.9918], [55.0304, 24.9922], [55.0304, 24.9924], [55.0303, 24.9928], [55.0301, 24.9941], [55.0302, 24.9948], [55.0305, 24.9956], [55.0308, 24.9961], [55.0316, 24.997], [55.0318, 24.9973], [55.0321, 24.9971], [55.0319, 24.9968], [55.0314, 24.9964], [55.031, 24.9959], [55.0308, 24.9955], [55.0305, 24.9947], [55.0304, 24.9939], [55.0307, 24.9929], [55.0309, 24.9926], [55.0311, 24.9926], [55.0314, 24.9927], [55.0314, 24.9932], [55.0316, 24.9932], [55.0317, 24.9929], [55.0318, 24.9926], [55.0323, 24.9926], [55.0329, 24.9925], [55.0339, 24.9927], [55.0347, 24.9928], [55.0348, 24.9929], [55.0352, 24.9931], [55.0355, 24.9931], [55.0357, 24.9931], [55.0359, 24.9931], [55.0359, 24.9935], [55.0358, 24.9941], [55.0357, 24.9948], [55.0355, 24.9952], [55.0351, 24.9955], [55.0345, 24.9959], [55.0338, 24.9959], [55.0331, 24.9958], [55.0327, 24.9957], [55.0325, 24.9957], [55.0323, 24.9958], [55.0325, 24.996], [55.0331, 24.9961], [55.0339, 24.9962], [55.0344, 24.9961], [55.0349, 24.9961], [55.0356, 24.9957], [55.0362, 24.9951], [55.0367, 24.9933], [55.0369, 24.993], [55.0372, 24.993], [55.0376, 24.993], [55.0386, 24.9932], [55.0392, 24.9934], [55.04, 24.9937], [55.0406, 24.9939], [55.041, 24.9943], [55.0417, 24.9948], [55.0425, 24.9953], [55.0438, 24.9964], [55.045, 24.9973], [55.0368, 25.0173], [55.0384, 25.0207], [55.0387, 25.0206], [55.0371, 25.017], [55.0431, 25.0029], [55.0466, 25.0015], [55.0506, 24.9921], [55.0507, 24.9913], [55.0505, 24.9906], [55.0546, 24.9811], [55.049, 24.976], [55.0517, 24.9734], [55.0529, 24.9744], [55.0553, 24.972], [55.0817, 24.995], [55.0789, 24.9977], [55.0641, 24.9847], [55.0625, 24.9834], [55.0607, 24.9818], [55.0592, 24.9856], [55.058, 24.9881], [55.0577, 24.989], [55.0598, 24.9914], [55.0757, 25.0048], [55.0716, 25.0085], [55.0579, 24.9966], [55.0578, 24.9961], [55.0568, 24.9954], [55.0561, 24.995], [55.0553, 24.9949], [55.0546, 24.9949], [55.0541, 24.9953], [55.0534, 24.9959], [55.0529, 24.9965], [55.0526, 24.9972], [55.052, 24.9989], [55.051, 25.0014], [55.0505, 25.0025], [55.0505, 25.003], [55.0521, 25.0056], [55.0521, 25.0059], [55.052, 25.0064], [55.0519, 25.0068], [55.0514, 25.0068], [55.0514, 25.0063], [55.0512, 25.0064], [55.051, 25.0066], [55.0508, 25.0071], [55.0507, 25.0076], [55.0504, 25.008], [55.0507, 25.008], [55.0509, 25.0079], [55.0513, 25.0081], [55.0509, 25.0093], [55.0508, 25.0094], [55.0502, 25.0094], [55.0499, 25.0096], [55.0496, 25.0101], [55.0497, 25.0105], [55.0502, 25.0107], [55.0497, 25.0121], [55.0492, 25.0121], [55.0488, 25.0129], [55.0489, 25.0133], [55.0491, 25.0135], [55.0486, 25.0148], [55.0484, 25.0148], [55.048, 25.0149], [55.0477, 25.0154], [55.0476, 25.0157], [55.0478, 25.016], [55.048, 25.0162], [55.0461, 25.0202], [55.0432, 25.0199], [55.0431, 25.0201], [55.0459, 25.0207], [55.0453, 25.0225], [55.0728, 25.027], [55.0713, 25.0294], [55.0706, 25.0307], [55.0699, 25.0315], [55.0696, 25.0329], [55.0685, 25.0365], [55.0668, 25.0407], [55.0663, 25.0422], [55.0646, 25.0419], [55.064, 25.0425], [55.0634, 25.0423], [55.0623, 25.0413], [55.0623, 25.0374], [55.0606, 25.0371], [55.0611, 25.034], [55.0599, 25.0333], [55.0583, 25.0325], [55.058, 25.0319], [55.0413, 25.0292], [55.0398, 25.0329], [55.0383, 25.0344], [55.037, 25.0356], [55.0373, 25.0362], [55.0389, 25.0376], [55.0377, 25.0361], [55.0391, 25.035], [55.0428, 25.0356], [55.0436, 25.0373], [55.0438, 25.039], [55.0452, 25.0404], [55.0471, 25.04], [55.0481, 25.0403], [55.0501, 25.0414], [55.0509, 25.0402], [55.0521, 25.0404], [55.0534, 25.0414], [55.054, 25.0425], [55.0555, 25.0435], [55.0559, 25.0447], [55.0554, 25.0459], [55.0563, 25.046], [55.0572, 25.0465], [55.0583, 25.0455], [55.0586, 25.0461], [55.0602, 25.0419], [55.0667, 25.0441], [55.0709, 25.0319], [55.0707, 25.0317], [55.0719, 25.0295], [55.0721, 25.0295], [55.0728, 25.0282], [55.0731, 25.0282], [55.0739, 25.0265], [55.0743, 25.0253], [55.0742, 25.0241], [55.0757, 25.024], [55.0775, 25.0244], [55.0788, 25.0257], [55.0789, 25.0258], [55.0808, 25.0276], [55.0822, 25.0288], [55.0826, 25.0294], [55.0828, 25.03], [55.0828, 25.0303], [55.0823, 25.0307], [55.0815, 25.0313], [55.081, 25.0318], [55.0808, 25.0322], [55.0811, 25.0326], [55.0814, 25.0327], [55.0819, 25.0326], [55.0825, 25.0323], [55.0825, 25.0321], [55.0824, 25.032], [55.082, 25.0324], [55.0816, 25.0325], [55.0813, 25.0325], [55.081, 25.0322], [55.0812, 25.0318], [55.0817, 25.0314], [55.0824, 25.031], [55.0833, 25.0307], [55.084, 25.0306], [55.0845, 25.0307], [55.085, 25.031], [55.0852, 25.0318], [55.0856, 25.0326], [55.0859, 25.0331], [55.0864, 25.0332], [55.087, 25.0333], [55.0875, 25.0335], [55.0891, 25.035], [55.0911, 25.037], [55.0937, 25.04], [55.0951, 25.0417], [55.0964, 25.0431], [55.0976, 25.0442], [55.0979, 25.0444], [55.0985, 25.0448], [55.0989, 25.0452], [55.0991, 25.0456], [55.103, 25.0502], [55.1033, 25.0513], [55.1029, 25.0517], [55.1026, 25.0521], [55.1022, 25.0524], [55.102, 25.0527], [55.102, 25.0528], [55.1021, 25.0528], [55.1022, 25.0527], [55.1023, 25.0526], [55.1024, 25.0525], [55.1028, 25.0522], [55.1031, 25.0519], [55.1035, 25.0516], [55.1041, 25.0513], [55.1043, 25.0513], [55.1044, 25.0512], [55.1044, 25.0511], [55.1045, 25.051], [55.1044, 25.0509], [55.1043, 25.0508], [55.1046, 25.0506], [55.1048, 25.0507], [55.1048, 25.0508], [55.1049, 25.051], [55.1049, 25.0511], [55.1049, 25.0512], [55.105, 25.0514], [55.1051, 25.0514], [55.1059, 25.0519], [55.106, 25.0519], [55.1079, 25.0539], [55.108, 25.0539], [55.1081, 25.054], [55.1082, 25.054], [55.1083, 25.0539], [55.1084, 25.0538], [55.1085, 25.0536], [55.1085, 25.0535], [55.1086, 25.0534], [55.1092, 25.054], [55.1086, 25.0541], [55.1084, 25.0542], [55.1083, 25.0543], [55.1081, 25.0543], [55.1079, 25.0542], [55.1078, 25.0541], [55.1077, 25.0541], [55.1059, 25.0522], [55.1058, 25.0521], [55.1053, 25.0518], [55.1052, 25.0518], [55.1051, 25.0518], [55.105, 25.0518], [55.1049, 25.052], [55.1044, 25.0526], [55.1039, 25.0531], [55.1036, 25.0533], [55.1031, 25.0536], [55.103, 25.0536], [55.103, 25.0537], [55.103, 25.0538], [55.1031, 25.0538], [55.1032, 25.0538], [55.1038, 25.0535], [55.1041, 25.0532], [55.1046, 25.0528], [55.105, 25.0524], [55.1067, 25.0536], [55.1088, 25.0557], [55.109, 25.0557], [55.1093, 25.0556], [55.1095, 25.0555], [55.1096, 25.0557], [55.1095, 25.0558], [55.1095, 25.0559], [55.1092, 25.0561], [55.1092, 25.0562], [55.1093, 25.0562], [55.1099, 25.0559], [55.11, 25.0561], [55.1099, 25.0562], [55.1097, 25.0566], [55.1101, 25.0569], [55.1207, 25.0686], [55.121, 25.0688], [55.1211, 25.069], [55.1209, 25.0692], [55.1212, 25.0694], [55.1214, 25.0694], [55.1215, 25.0692], [55.1215, 25.069], [55.1217, 25.069], [55.122, 25.0693], [55.1227, 25.0699], [55.1233, 25.0706], [55.1237, 25.0711], [55.124, 25.0716], [55.1241, 25.072], [55.124, 25.0721], [55.1239, 25.0725], [55.1238, 25.0728], [55.1238, 25.0729], [55.1237, 25.073], [55.1235, 25.073], [55.1231, 25.0729], [55.123, 25.0729], [55.1229, 25.0729], [55.1229, 25.073], [55.1228, 25.0731], [55.1229, 25.0732], [55.123, 25.0732], [55.1231, 25.0732], [55.1232, 25.0732], [55.1238, 25.0732], [55.1239, 25.0738], [55.1241, 25.0743], [55.1241, 25.0748], [55.1242, 25.075], [55.1244, 25.0751], [55.1257, 25.0753], [55.1258, 25.0754], [55.1259, 25.0753], [55.1258, 25.0751], [55.1257, 25.0749], [55.1256, 25.0743], [55.1255, 25.0741], [55.1254, 25.0737], [55.1253, 25.0734], [55.1253, 25.0732], [55.1255, 25.0731], [55.1257, 25.0734], [55.1259, 25.0736], [55.1259, 25.0737], [55.1259, 25.0738], [55.1258, 25.0739], [55.1257, 25.0741], [55.1257, 25.0743], [55.1259, 25.0745], [55.1261, 25.0744], [55.1262, 25.0743], [55.1264, 25.0742], [55.1267, 25.0743], [55.1271, 25.0744], [55.1275, 25.0746], [55.128, 25.0749], [55.1286, 25.0756], [55.1292, 25.0765], [55.13, 25.0774], [55.1312, 25.0787], [55.1328, 25.0803], [55.1336, 25.0813], [55.1344, 25.0822], [55.1348, 25.0828], [55.1354, 25.0836], [55.1361, 25.0847], [55.1367, 25.086], [55.1372, 25.0875], [55.1373, 25.0882], [55.1366, 25.0892], [55.1365, 25.0892], [55.1363, 25.0891], [55.1361, 25.0889], [55.1357, 25.0887], [55.1354, 25.0887], [55.1351, 25.0887], [55.1347, 25.0888], [55.1344, 25.0889], [55.1342, 25.0891], [55.1339, 25.0893], [55.1336, 25.0895], [55.1336, 25.0896], [55.1338, 25.0897], [55.1339, 25.0898], [55.1339, 25.09], [55.1338, 25.0902], [55.1337, 25.0907], [55.1338, 25.0911], [55.134, 25.0914], [55.1342, 25.0915], [55.1341, 25.0916], [55.134, 25.0917], [55.1339, 25.0919], [55.1345, 25.0921], [55.1352, 25.0923], [55.1357, 25.0922], [55.1361, 25.0921], [55.1365, 25.092], [55.1371, 25.0918], [55.1374, 25.0916], [55.1378, 25.0916], [55.1382, 25.0917], [55.1389, 25.092], [55.1394, 25.0922], [55.1396, 25.0923], [55.1397, 25.0922], [55.1407, 25.0918], [55.1419, 25.093], [55.1423, 25.0943], [55.1424, 25.0944], [55.1425, 25.0944], [55.1426, 25.0941], [55.1447, 25.0924], [55.145, 25.0925], [55.1455, 25.0928], [55.146, 25.0931], [55.1464, 25.0934], [55.1467, 25.0937], [55.1478, 25.095], [55.1482, 25.0956], [55.1516, 25.0992], [55.1519, 25.0999], [55.1524, 25.101], [55.1525, 25.1014], [55.1525, 25.1015], [55.1524, 25.1021], [55.1521, 25.1024], [55.152, 25.1024], [55.1521, 25.1026], [55.151, 25.103], [55.1505, 25.1028], [55.1502, 25.1027], [55.15, 25.1027], [55.1493, 25.1025], [55.1488, 25.1026], [55.1477, 25.1031], [55.1468, 25.1037], [55.1397, 25.1093], [55.1394, 25.1093], [55.139, 25.1094], [55.1389, 25.1094], [55.1387, 25.1094], [55.1385, 25.1093], [55.1384, 25.1091], [55.1384, 25.1089], [55.1382, 25.1087], [55.138, 25.1087], [55.1377, 25.1087], [55.1376, 25.1088], [55.1375, 25.1089], [55.1374, 25.1091], [55.1374, 25.1092], [55.1371, 25.1093], [55.1369, 25.1094], [55.1364, 25.1095], [55.1361, 25.1096], [55.1356, 25.1096], [55.1354, 25.1095], [55.1351, 25.1095], [55.1349, 25.1095], [55.1347, 25.1096], [55.1346, 25.1098], [55.1345, 25.1099], [55.1344, 25.11], [55.1344, 25.1102], [55.1345, 25.1104], [55.1348, 25.1106], [55.1351, 25.1109], [55.1354, 25.1111], [55.1357, 25.1114], [55.1358, 25.1116], [55.1359, 25.1118], [55.1358, 25.1121], [55.1355, 25.1125], [55.1352, 25.113], [55.135, 25.1134], [55.1349, 25.1138], [55.1349, 25.114], [55.135, 25.1145], [55.1352, 25.1147], [55.1352, 25.1151], [55.1351, 25.1151], [55.135, 25.1152], [55.1349, 25.1153], [55.1348, 25.1154], [55.1347, 25.1156], [55.1348, 25.1157], [55.1347, 25.1159], [55.1344, 25.116], [55.1344, 25.1158], [55.134, 25.1149], [55.1339, 25.1145], [55.1337, 25.114], [55.1336, 25.113], [55.1334, 25.1111], [55.1334, 25.1097], [55.1335, 25.1088], [55.1339, 25.107], [55.1343, 25.106], [55.1344, 25.1057], [55.1343, 25.1054], [55.134, 25.1052], [55.1337, 25.1051], [55.1334, 25.1051], [55.133, 25.1058], [55.1327, 25.1072], [55.1324, 25.1089], [55.1323, 25.1111], [55.1324, 25.1131], [55.1328, 25.1148], [55.1334, 25.1164], [55.1333, 25.1166], [55.1331, 25.1166], [55.1323, 25.1152], [55.1315, 25.1132], [55.1307, 25.1108], [55.1302, 25.1078], [55.1302, 25.1062], [55.1303, 25.1045], [55.13, 25.1041], [55.1296, 25.1041], [55.1292, 25.1044], [55.1292, 25.1062], [55.1292, 25.1081], [55.1297, 25.1111], [55.1305, 25.1138], [55.1314, 25.1158], [55.132, 25.1167], [55.1324, 25.1176], [55.1323, 25.1178], [55.132, 25.1178], [55.1306, 25.1163], [55.1296, 25.115], [55.1294, 25.1149], [55.1285, 25.1134], [55.1275, 25.1116], [55.1272, 25.1109], [55.1269, 25.11], [55.1263, 25.1086], [55.1259, 25.1059], [55.1258, 25.1042], [55.1255, 25.1038], [55.1251, 25.1037], [55.1248, 25.1038], [55.1247, 25.1043], [55.1249, 25.1064], [55.1254, 25.1088], [55.1259, 25.1105], [55.1263, 25.1113], [55.1267, 25.1122], [55.1283, 25.1151], [55.1298, 25.117], [55.1313, 25.1184], [55.1312, 25.1187], [55.1309, 25.1187], [55.1298, 25.118], [55.1273, 25.1161], [55.1258, 25.1145], [55.1245, 25.1128], [55.1233, 25.1109], [55.1226, 25.1093], [55.122, 25.1077], [55.1217, 25.1065], [55.1217, 25.1057], [55.1216, 25.1052], [55.1214, 25.1049], [55.1209, 25.1047], [55.1207, 25.1048], [55.1205, 25.1052], [55.1205, 25.1054], [55.1205, 25.1063], [55.1208, 25.1071], [55.1216, 25.1096], [55.1224, 25.1115], [55.1236, 25.1134], [55.1258, 25.1159], [55.127, 25.1171], [55.129, 25.1187], [55.1299, 25.1192], [55.13, 25.1193], [55.13, 25.1195], [55.1297, 25.1196], [55.1286, 25.1191], [55.1264, 25.1181], [55.1247, 25.1171], [55.1223, 25.1151], [55.1206, 25.1136], [55.119, 25.1115], [55.1178, 25.1091], [55.1175, 25.1087], [55.1171, 25.1085], [55.1167, 25.1086], [55.1163, 25.1089], [55.1162, 25.1093], [55.1164, 25.1097], [55.1167, 25.1104], [55.1181, 25.1121], [55.119, 25.1134], [55.1199, 25.1143], [55.1209, 25.1154], [55.1221, 25.1165], [55.1244, 25.1181], [55.1262, 25.1191], [55.1278, 25.12], [55.1287, 25.1203], [55.1287, 25.1205], [55.1285, 25.1206], [55.1284, 25.1207], [55.1259, 25.1201], [55.1246, 25.1196], [55.123, 25.119], [55.1203, 25.1176], [55.1192, 25.1169], [55.1186, 25.1164], [55.1166, 25.1145], [55.1162, 25.1143], [55.1158, 25.1143], [55.1156, 25.1144], [55.1154, 25.1146], [55.1154, 25.1148], [55.1155, 25.1151], [55.1157, 25.1155], [55.1173, 25.1168], [55.1177, 25.1171], [55.1197, 25.1184], [55.1222, 25.1199], [55.1267, 25.1214], [55.127, 25.1214], [55.1271, 25.1216], [55.1269, 25.1218], [55.1267, 25.1219], [55.1246, 25.1219], [55.1236, 25.1217], [55.1216, 25.1214], [55.1208, 25.1212], [55.1194, 25.1208], [55.1179, 25.1203], [55.1175, 25.1202], [55.1171, 25.1203], [55.1169, 25.1203], [55.1168, 25.1206], [55.117, 25.121], [55.1175, 25.1212], [55.1191, 25.1219], [55.1207, 25.1224], [55.1216, 25.1225], [55.1221, 25.1225], [55.1226, 25.1226], [55.1232, 25.1227], [55.1236, 25.1227], [55.1244, 25.1228], [55.1248, 25.1228], [55.1252, 25.1227], [55.1253, 25.1228], [55.1251, 25.123], [55.1251, 25.1232], [55.1247, 25.1233], [55.1246, 25.1232], [55.1243, 25.1233], [55.1239, 25.1234], [55.1235, 25.1235], [55.123, 25.1236], [55.1225, 25.1236], [55.122, 25.1237], [55.1215, 25.1237], [55.1212, 25.1236], [55.1207, 25.1236], [55.1204, 25.1236], [55.12, 25.1235], [55.1197, 25.1235], [55.1194, 25.1235], [55.1191, 25.1236], [55.1189, 25.1236], [55.1187, 25.1238], [55.1186, 25.1239], [55.1186, 25.1241], [55.1186, 25.1243], [55.1186, 25.1245], [55.1188, 25.1246], [55.119, 25.1247], [55.1194, 25.1248], [55.1196, 25.1248], [55.1199, 25.1248], [55.1203, 25.1248], [55.1206, 25.1249], [55.1208, 25.1251], [55.1211, 25.1251], [55.1213, 25.1253], [55.1214, 25.1255], [55.1214, 25.1257], [55.1213, 25.1258], [55.1212, 25.1261], [55.121, 25.1263], [55.1208, 25.1265], [55.1208, 25.1267], [55.1208, 25.127], [55.1208, 25.1272], [55.1209, 25.1274], [55.1211, 25.1275], [55.1215, 25.1275], [55.1217, 25.1274], [55.1219, 25.1275], [55.1223, 25.1274], [55.1224, 25.1273], [55.1226, 25.1272], [55.1229, 25.1272], [55.1232, 25.1273], [55.1234, 25.1275], [55.1235, 25.1278], [55.1235, 25.1282], [55.1235, 25.1288], [55.1233, 25.1291], [55.1234, 25.1294], [55.1234, 25.1296], [55.1235, 25.1298], [55.1237, 25.13], [55.1239, 25.13], [55.1242, 25.13], [55.1244, 25.1299], [55.1245, 25.1298], [55.1246, 25.1297], [55.1246, 25.1296], [55.1247, 25.1292], [55.1248, 25.1288], [55.1249, 25.1285], [55.1249, 25.128], [55.1249, 25.1278], [55.125, 25.1275], [55.1251, 25.1272], [55.1253, 25.1267], [55.1255, 25.126], [55.1257, 25.1253], [55.126, 25.1248], [55.1263, 25.1244], [55.1264, 25.1244], [55.1267, 25.1243], [55.1266, 25.1247], [55.1266, 25.1255], [55.1265, 25.1268], [55.1264, 25.1286], [55.1269, 25.1311], [55.1269, 25.1318], [55.1271, 25.1324], [55.1276, 25.1325], [55.128, 25.1324], [55.1281, 25.1322], [55.1281, 25.1319], [55.1279, 25.1305], [55.1276, 25.1279], [55.1276, 25.1257], [55.128, 25.1235], [55.1281, 25.1232], [55.1283, 25.1231], [55.1286, 25.123], [55.1289, 25.1252], [55.1293, 25.1269], [55.1297, 25.1284], [55.1301, 25.1295], [55.1306, 25.1306], [55.1316, 25.1325], [55.1322, 25.1335], [55.1327, 25.1342], [55.133, 25.1346], [55.1334, 25.1348], [55.1339, 25.1349], [55.1342, 25.1347], [55.1343, 25.1344], [55.1344, 25.1342], [55.1344, 25.1339], [55.1342, 25.1337], [55.1339, 25.1335], [55.1337, 25.1331], [55.1335, 25.1328], [55.1332, 25.1323], [55.1327, 25.1316], [55.1323, 25.131], [55.1316, 25.1299], [55.1306, 25.1278], [55.1301, 25.1262], [55.1298, 25.1247], [55.1297, 25.1219], [55.1301, 25.1216], [55.1306, 25.1234], [55.1313, 25.1252], [55.1324, 25.1276], [55.1332, 25.1288], [55.1341, 25.13], [55.1349, 25.1307], [55.1356, 25.1315], [55.1368, 25.1326], [55.1385, 25.1341], [55.139, 25.1345], [55.139, 25.1347], [55.1391, 25.1349], [55.1395, 25.135], [55.1399, 25.1351], [55.1402, 25.135], [55.1404, 25.1348], [55.1405, 25.1346], [55.1406, 25.1342], [55.1404, 25.1338], [55.14, 25.1336], [55.1397, 25.1337], [55.1396, 25.1336], [55.1392, 25.1333], [55.1388, 25.1331], [55.1383, 25.1326], [55.1375, 25.1319], [55.1362, 25.1306], [55.1356, 25.13], [55.1348, 25.129], [55.1337, 25.1274], [55.1324, 25.1249], [55.1316, 25.1231], [55.1311, 25.1209], [55.1314, 25.1208], [55.132, 25.1218], [55.1329, 25.1234], [55.1337, 25.1245], [55.1354, 25.1265], [55.137, 25.1279], [55.1387, 25.1293], [55.141, 25.1306], [55.1427, 25.1313], [55.1442, 25.1319], [55.1448, 25.1319], [55.1453, 25.1319], [55.1455, 25.1316], [55.1455, 25.1314], [55.1454, 25.1312], [55.1448, 25.1309], [55.143, 25.1304], [55.1416, 25.1298], [55.139, 25.1283], [55.1372, 25.1268], [55.136, 25.1256], [55.1346, 25.1242], [55.1338, 25.123], [55.1328, 25.1213], [55.1324, 25.1204], [55.1324, 25.1201], [55.1326, 25.12], [55.1329, 25.1203], [55.135, 25.1225], [55.1361, 25.1235], [55.1374, 25.1245], [55.1401, 25.1261], [55.1414, 25.1268], [55.1433, 25.1275], [55.1454, 25.1282], [55.1464, 25.1285], [55.1471, 25.1285], [55.1475, 25.1282], [55.1476, 25.128], [55.1474, 25.1277], [55.1455, 25.1272], [55.1442, 25.1269], [55.142, 25.126], [55.1411, 25.1255], [55.1401, 25.1251], [55.1388, 25.1242], [55.1368, 25.1228], [55.1352, 25.1213], [55.1342, 25.1202], [55.1334, 25.1193], [55.1336, 25.119], [55.1339, 25.119], [55.1348, 25.1197], [55.1355, 25.1203], [55.1375, 25.1215], [55.1393, 25.1224], [55.1409, 25.123], [55.1423, 25.1234], [55.1446, 25.1241], [55.1466, 25.1243], [55.1472, 25.1244], [55.1476, 25.1242], [55.1477, 25.124], [55.1478, 25.1237], [55.1475, 25.1234], [55.1466, 25.1233], [55.1452, 25.123], [55.1442, 25.1229], [55.1434, 25.1226], [55.1411, 25.1219], [55.1396, 25.1213], [55.1374, 25.1203], [55.1358, 25.1193], [55.1347, 25.1185], [55.1346, 25.1183], [55.1348, 25.1183], [55.1352, 25.1184], [55.1364, 25.119], [55.139, 25.1199], [55.1401, 25.1203], [55.1419, 25.1206], [55.1441, 25.1207], [55.1465, 25.1206], [55.1472, 25.1205], [55.1474, 25.1203], [55.1476, 25.1201], [55.1475, 25.1198], [55.1472, 25.1196], [55.1467, 25.1195], [55.1444, 25.1197], [55.1433, 25.1196], [55.1415, 25.1195], [55.1403, 25.1192], [55.1394, 25.1191], [55.1386, 25.1189], [55.1377, 25.1185], [55.1369, 25.1181], [55.1359, 25.1175], [55.136, 25.1172], [55.1362, 25.1172], [55.1364, 25.1172], [55.1366, 25.1171], [55.1367, 25.117], [55.1368, 25.1169], [55.137, 25.1169], [55.1371, 25.1169], [55.1381, 25.1172], [55.1389, 25.1173], [55.1396, 25.1169], [55.1402, 25.1174], [55.1405, 25.1173], [55.1409, 25.1173], [55.1413, 25.1176], [55.1416, 25.1178], [55.1418, 25.1181], [55.142, 25.1182], [55.1422, 25.1184], [55.1425, 25.1184], [55.1427, 25.1183], [55.1428, 25.118], [55.1428, 25.1176], [55.1428, 25.1174], [55.143, 25.1165], [55.1434, 25.1163], [55.1436, 25.1161], [55.1437, 25.1156], [55.1436, 25.1152], [55.1433, 25.115], [55.1428, 25.1147], [55.1429, 25.1144], [55.1432, 25.1142], [55.145, 25.1126], [55.1455, 25.1127], [55.146, 25.1127], [55.1464, 25.1125], [55.1466, 25.1123], [55.1469, 25.112], [55.147, 25.1118], [55.1471, 25.1116], [55.1471, 25.1114], [55.1471, 25.1112], [55.1521, 25.1074], [55.1522, 25.107], [55.1526, 25.1068], [55.1526, 25.1064], [55.1528, 25.1059], [55.1528, 25.1054], [55.1527, 25.1049], [55.1526, 25.1046], [55.1524, 25.1044], [55.1523, 25.1044], [55.1526, 25.1042], [55.1532, 25.1038], [55.1533, 25.1038], [55.1534, 25.1037], [55.1535, 25.1036], [55.1537, 25.1033], [55.1541, 25.1031], [55.1545, 25.103], [55.1549, 25.1032], [55.1551, 25.1036], [55.1557, 25.1044], [55.156, 25.1047], [55.1561, 25.105], [55.1559, 25.1052], [55.1556, 25.1056], [55.1555, 25.1059], [55.1555, 25.1063], [55.1557, 25.1067], [55.156, 25.1071], [55.1563, 25.1078], [55.1565, 25.1082], [55.1567, 25.1083], [55.1568, 25.1082], [55.1569, 25.108], [55.1568, 25.1078], [55.1561, 25.1065], [55.1559, 25.1062], [55.1559, 25.1059], [55.1559, 25.1056], [55.1562, 25.1053], [55.1566, 25.1052], [55.1568, 25.1051], [55.157, 25.105], [55.1572, 25.1052], [55.1575, 25.1055], [55.1578, 25.106], [55.1577, 25.1062], [55.1576, 25.1064], [55.1573, 25.1064], [55.1571, 25.1066], [55.1569, 25.1068], [55.1568, 25.1069], [55.1568, 25.1072], [55.1568, 25.1073], [55.157, 25.1073], [55.1572, 25.1072], [55.1573, 25.107], [55.1574, 25.1069], [55.1575, 25.1068], [55.1578, 25.1066], [55.1581, 25.1068], [55.1586, 25.1072], [55.159, 25.1076], [55.1593, 25.108], [55.1595, 25.1085], [55.1595, 25.109], [55.1592, 25.109], [55.1592, 25.1092], [55.1594, 25.1093], [55.1597, 25.1093], [55.1612, 25.1098], [55.1619, 25.1103], [55.1624, 25.1108], [55.1625, 25.1111], [55.1625, 25.1113], [55.1624, 25.1115], [55.1619, 25.1119], [55.1617, 25.1121], [55.1616, 25.1123], [55.1616, 25.1128], [55.1617, 25.1135], [55.1617, 25.1141], [55.1619, 25.1144], [55.1621, 25.1147], [55.1622, 25.115], [55.1625, 25.1152], [55.1626, 25.1152], [55.1627, 25.1151], [55.1626, 25.115], [55.1622, 25.1146], [55.162, 25.1143], [55.1619, 25.114], [55.1619, 25.1136], [55.1618, 25.1131], [55.1618, 25.1127], [55.1619, 25.1125], [55.162, 25.1123], [55.1624, 25.1123], [55.1631, 25.1124], [55.1633, 25.1125], [55.1642, 25.1134], [55.1647, 25.114], [55.1648, 25.1142], [55.1648, 25.1145], [55.1648, 25.1146], [55.1647, 25.1147], [55.1645, 25.1148], [55.1639, 25.1148], [55.1634, 25.1144], [55.1632, 25.1143], [55.1631, 25.1145], [55.1637, 25.115], [55.164, 25.1151], [55.1643, 25.1151], [55.1647, 25.1151], [55.165, 25.1151], [55.1653, 25.1151], [55.1657, 25.1153], [55.1661, 25.1156], [55.1668, 25.1162], [55.1678, 25.1172], [55.1692, 25.1188], [55.1696, 25.1197], [55.1703, 25.1209], [55.171, 25.1215], [55.1721, 25.1226], [55.1733, 25.124], [55.1737, 25.1243], [55.1746, 25.1251], [55.1756, 25.1264], [55.176, 25.127], [55.1771, 25.1281], [55.179, 25.1301], [55.1792, 25.1305], [55.1794, 25.1309], [55.1793, 25.1313], [55.1792, 25.1315], [55.1792, 25.1317], [55.1797, 25.1318], [55.1802, 25.132], [55.1804, 25.1319], [55.1808, 25.1323], [55.1814, 25.133], [55.1825, 25.1341], [55.1837, 25.1353], [55.1843, 25.136], [55.1846, 25.1363], [55.1847, 25.1364], [55.1856, 25.1374], [55.1861, 25.1382], [55.1864, 25.1386], [55.1865, 25.139], [55.1866, 25.1394], [55.1866, 25.1398], [55.1865, 25.1402], [55.1864, 25.1404], [55.186, 25.1407], [55.1859, 25.1406], [55.1856, 25.1405], [55.1854, 25.1404], [55.1851, 25.1404], [55.1849, 25.1406], [55.1847, 25.1408], [55.1846, 25.141], [55.1846, 25.1414], [55.1845, 25.1417], [55.1847, 25.142], [55.185, 25.142], [55.1857, 25.142], [55.1861, 25.1419], [55.1862, 25.1417], [55.1863, 25.1414], [55.1863, 25.1411], [55.1862, 25.1409], [55.1862, 25.1408], [55.1863, 25.1407], [55.1865, 25.1405], [55.1867, 25.141], [55.1872, 25.1411], [55.1886, 25.1421], [55.1888, 25.1424], [55.1885, 25.1426], [55.1881, 25.1429], [55.1877, 25.1434], [55.1877, 25.1438], [55.1876, 25.1444], [55.1878, 25.1448], [55.188, 25.1452], [55.1884, 25.1457], [55.1885, 25.1458], [55.1887, 25.1458], [55.1888, 25.1456], [55.1884, 25.1455], [55.1881, 25.1451], [55.1879, 25.1446], [55.1878, 25.1441], [55.1878, 25.1438], [55.188, 25.1434], [55.1884, 25.143], [55.1888, 25.1427], [55.1891, 25.1426], [55.1895, 25.1426], [55.1898, 25.1426], [55.1902, 25.143], [55.1904, 25.1433], [55.1903, 25.1438], [55.1902, 25.144], [55.1898, 25.1442], [55.1898, 25.1443], [55.1896, 25.1444], [55.1894, 25.1445], [55.1893, 25.1446], [55.1891, 25.1446], [55.189, 25.1448], [55.189, 25.145], [55.1893, 25.1451], [55.1895, 25.1451], [55.1896, 25.1449], [55.1897, 25.1448], [55.1899, 25.1447], [55.1903, 25.1445], [55.1907, 25.1445], [55.191, 25.1448], [55.1918, 25.1454], [55.1933, 25.147], [55.1938, 25.1478], [55.1946, 25.1492], [55.1947, 25.1496], [55.1946, 25.15], [55.1942, 25.1506], [55.194, 25.1506], [55.1938, 25.1505], [55.1932, 25.1505], [55.193, 25.1506], [55.1926, 25.1508], [55.1922, 25.1512], [55.1921, 25.1517], [55.192, 25.1523], [55.1921, 25.1526], [55.1922, 25.153], [55.1925, 25.1534], [55.1932, 25.1537], [55.1937, 25.1538], [55.1945, 25.1538], [55.1949, 25.1537], [55.1958, 25.1526], [55.1958, 25.1524], [55.1961, 25.1529], [55.1967, 25.1536], [55.1969, 25.1539], [55.197, 25.1541], [55.1972, 25.1552], [55.1975, 25.1552], [55.1972, 25.1541], [55.1971, 25.1537], [55.1968, 25.1534], [55.1965, 25.1529], [55.1963, 25.1527], [55.1962, 25.1525], [55.1963, 25.1523], [55.1965, 25.1521], [55.197, 25.1519], [55.1972, 25.1518], [55.1975, 25.1519], [55.1985, 25.1528], [55.1988, 25.1533], [55.1988, 25.1536], [55.1985, 25.1539], [55.1982, 25.154], [55.198, 25.154], [55.1977, 25.154], [55.1975, 25.154], [55.1976, 25.1542], [55.1979, 25.1544], [55.1984, 25.1544], [55.1987, 25.1543], [55.1988, 25.1542], [55.1989, 25.154], [55.1999, 25.1548], [55.2008, 25.1568], [55.2013, 25.1564], [55.2026, 25.1594], [55.2036, 25.1591], [55.2037, 25.1593], [55.2041, 25.16], [55.2048, 25.162], [55.205, 25.1627], [55.206, 25.1623], [55.2072, 25.1658], [55.2084, 25.1655], [55.2085, 25.1656], [55.209, 25.1663], [55.209, 25.1667], [55.2097, 25.1693], [55.2107, 25.1689], [55.211, 25.1693], [55.211, 25.1694], [55.2112, 25.1702], [55.2116, 25.172], [55.2115, 25.1726], [55.2125, 25.1726], [55.2126, 25.1727], [55.2128, 25.1728], [55.213, 25.1729], [55.213, 25.1735], [55.2131, 25.174], [55.2134, 25.1747], [55.2138, 25.1753], [55.2146, 25.1765], [55.2148, 25.1766], [55.215, 25.1766], [55.215, 25.1765], [55.2143, 25.1757], [55.2141, 25.1752], [55.2138, 25.1749], [55.2135, 25.1744], [55.2134, 25.174], [55.2133, 25.1737], [55.2133, 25.173], [55.2134, 25.1726], [55.2135, 25.1724], [55.2137, 25.1723], [55.214, 25.1723], [55.2142, 25.1723], [55.2144, 25.1724], [55.2148, 25.1726], [55.2151, 25.173], [55.2159, 25.174], [55.2165, 25.1747], [55.2166, 25.175], [55.2166, 25.1751], [55.2164, 25.1752], [55.2161, 25.1752], [55.2158, 25.1752], [55.2154, 25.1752], [55.215, 25.1751], [55.215, 25.1753], [55.2151, 25.1756], [55.2153, 25.1758], [55.2156, 25.1759], [55.2161, 25.1759], [55.2163, 25.1757], [55.2166, 25.1755], [55.2168, 25.1758], [55.2174, 25.1762], [55.2175, 25.1763], [55.2181, 25.177], [55.2184, 25.1781], [55.2179, 25.1792], [55.2191, 25.1811], [55.2197, 25.1808], [55.2208, 25.1812], [55.2213, 25.1817], [55.2219, 25.1822], [55.2222, 25.1836], [55.222, 25.1846], [55.2235, 25.1865], [55.2247, 25.1863], [55.2254, 25.1865], [55.2257, 25.1869], [55.2265, 25.1876], [55.2268, 25.189], [55.227, 25.1898], [55.2271, 25.1912], [55.2286, 25.193], [55.2292, 25.1927], [55.2301, 25.193], [55.2306, 25.1932], [55.231, 25.1935], [55.2309, 25.1936], [55.2314, 25.1944], [55.2314, 25.1946], [55.2314, 25.1947], [55.2278, 25.1978], [55.2274, 25.1975], [55.2273, 25.1975], [55.2266, 25.1968], [55.2264, 25.1969], [55.2264, 25.1968], [55.2259, 25.197], [55.2258, 25.1968], [55.2256, 25.1966], [55.2255, 25.1963], [55.2259, 25.1961], [55.2261, 25.196], [55.2263, 25.1959], [55.2263, 25.1958], [55.2263, 25.1957], [55.2261, 25.1957], [55.226, 25.1958], [55.2259, 25.1959], [55.2258, 25.1959], [55.2257, 25.196], [55.2256, 25.196], [55.2254, 25.1961], [55.2251, 25.1961], [55.2249, 25.1962], [55.2248, 25.1963], [55.2245, 25.1964], [55.2244, 25.1965], [55.2242, 25.1966], [55.224, 25.1968], [55.2239, 25.197], [55.2237, 25.1971], [55.2237, 25.1973], [55.2236, 25.1974], [55.2236, 25.1975], [55.2233, 25.198], [55.2233, 25.1984], [55.2233, 25.1989], [55.2234, 25.1992], [55.2234, 25.1996], [55.2235, 25.1996], [55.2235, 25.1994], [55.2235, 25.199], [55.2235, 25.1986], [55.2237, 25.1981], [55.2237, 25.198], [55.2238, 25.198], [55.2239, 25.198], [55.224, 25.1981], [55.2242, 25.1982], [55.2244, 25.1984], [55.2247, 25.1989], [55.225, 25.1992], [55.2253, 25.1995], [55.2255, 25.1998], [55.2258, 25.2], [55.226, 25.1999], [55.2261, 25.2], [55.2261, 25.2002], [55.2262, 25.2003], [55.2262, 25.2004], [55.2262, 25.2005], [55.2261, 25.2005], [55.226, 25.2005], [55.2259, 25.2005], [55.2259, 25.2006], [55.2259, 25.2007], [55.2257, 25.2007], [55.2255, 25.2008], [55.2252, 25.2008], [55.2249, 25.2007], [55.2246, 25.2005], [55.2246, 25.2006], [55.2247, 25.2009], [55.2252, 25.2009], [55.2259, 25.2009], [55.2261, 25.2008], [55.2262, 25.2007], [55.2267, 25.2008], [55.227, 25.2007], [55.2273, 25.2006], [55.2274, 25.2003], [55.2275, 25.2003], [55.2277, 25.2002], [55.2278, 25.2], [55.228, 25.1999], [55.2281, 25.1998], [55.2282, 25.1997], [55.2283, 25.1995], [55.2284, 25.1994], [55.2285, 25.1992], [55.2285, 25.1991], [55.2286, 25.199], [55.2287, 25.1989], [55.2288, 25.1988], [55.2289, 25.1988], [55.2288, 25.1987], [55.2287, 25.1987], [55.2286, 25.1987], [55.2285, 25.1987], [55.2283, 25.1987], [55.2282, 25.1986], [55.228, 25.1985], [55.2279, 25.1984], [55.2279, 25.1983], [55.2278, 25.1982], [55.2315, 25.195], [55.2316, 25.1951], [55.2318, 25.1953], [55.2321, 25.1953], [55.2322, 25.1953], [55.2324, 25.1955], [55.2327, 25.1959], [55.2328, 25.196], [55.233, 25.1959], [55.2336, 25.1967], [55.233, 25.1972], [55.2336, 25.1969], [55.2337, 25.1971], [55.2339, 25.1972], [55.2339, 25.1975], [55.2338, 25.1977], [55.2336, 25.1979], [55.2334, 25.1981], [55.2331, 25.1985], [55.2328, 25.1988], [55.2326, 25.1989], [55.2323, 25.1991], [55.232, 25.1991], [55.2318, 25.199], [55.2317, 25.1989], [55.232, 25.1983], [55.2319, 25.1982], [55.2292, 25.2023], [55.229, 25.2027], [55.2289, 25.2032], [55.2289, 25.2035], [55.2289, 25.2038], [55.229, 25.2042], [55.2292, 25.2046], [55.2302, 25.2053], [55.2314, 25.2058], [55.2324, 25.206], [55.2328, 25.2061], [55.2329, 25.2061], [55.233, 25.2059], [55.2329, 25.2057], [55.2326, 25.2056], [55.2325, 25.2055], [55.2324, 25.2052], [55.2326, 25.2046], [55.2329, 25.2046], [55.2329, 25.2045], [55.2327, 25.2043], [55.2329, 25.2036], [55.2332, 25.2025], [55.2336, 25.2013], [55.2341, 25.2016], [55.2342, 25.2015], [55.2337, 25.2011], [55.2342, 25.2007], [55.2348, 25.2005], [55.2357, 25.2005], [55.2362, 25.2006], [55.2363, 25.2007], [55.236, 25.2009], [55.2357, 25.2013], [55.2355, 25.2017], [55.2356, 25.2018], [55.2358, 25.2017], [55.2361, 25.2013], [55.2366, 25.2015], [55.237, 25.2019], [55.2372, 25.2022], [55.2377, 25.2027], [55.238, 25.2033], [55.2381, 25.2039], [55.2381, 25.2044], [55.2381, 25.2048], [55.2384, 25.2049], [55.2385, 25.2049], [55.2385, 25.2059], [55.2387, 25.2064], [55.2387, 25.2074], [55.2386, 25.2079], [55.2384, 25.2088], [55.2381, 25.2084], [55.2373, 25.2081], [55.2361, 25.2078], [55.2342, 25.208], [55.2323, 25.2098], [55.2325, 25.2109], [55.2333, 25.211], [55.2335, 25.2113], [55.2338, 25.2112], [55.2336, 25.2107], [55.2338, 25.2103], [55.2337, 25.2097], [55.2339, 25.2092], [55.2346, 25.209], [55.2352, 25.2091], [55.2354, 25.2097], [55.2352, 25.2099], [55.2347, 25.2099], [55.2344, 25.2104], [55.2343, 25.2115], [55.2347, 25.2116], [55.2352, 25.2113], [55.2357, 25.2115], [55.236, 25.2123], [55.2358, 25.2128], [55.2351, 25.2127], [55.235, 25.213], [55.2347, 25.2139], [55.2345, 25.2147], [55.2344, 25.2156], [55.2342, 25.2172], [55.2342, 25.2182], [55.2335, 25.219], [55.2326, 25.2197], [55.231, 25.2202], [55.2299, 25.2199], [55.229, 25.2192], [55.2284, 25.2183], [55.2284, 25.2172], [55.2285, 25.2169], [55.2276, 25.2163], [55.2275, 25.2163], [55.2273, 25.2166], [55.2268, 25.217], [55.2264, 25.217], [55.2262, 25.2169], [55.2254, 25.2186], [55.226, 25.219], [55.2262, 25.2198], [55.2261, 25.2203], [55.2259, 25.2203], [55.2266, 25.2212], [55.2267, 25.2212], [55.2268, 25.2211], [55.2277, 25.2213], [55.2287, 25.222], [55.2303, 25.2225], [55.2306, 25.2229], [55.2306, 25.2233], [55.2309, 25.2233], [55.2312, 25.2234], [55.2315, 25.223], [55.2317, 25.2228], [55.2318, 25.2227], [55.2321, 25.2225], [55.2324, 25.2225], [55.2328, 25.2225], [55.2334, 25.2226], [55.2337, 25.2229], [55.2341, 25.2228], [55.2342, 25.2224], [55.2343, 25.222], [55.2347, 25.2217], [55.2351, 25.2217], [55.2355, 25.2216], [55.2364, 25.2191], [55.2365, 25.2179], [55.2375, 25.2161], [55.2381, 25.2149], [55.2395, 25.2139], [55.2404, 25.2134], [55.2402, 25.2131], [55.2399, 25.2123], [55.2396, 25.2116], [55.24, 25.2109], [55.24, 25.2105], [55.2394, 25.21], [55.2388, 25.2093], [55.2389, 25.2083], [55.2391, 25.2075], [55.239, 25.2064], [55.239, 25.2059], [55.2391, 25.2052], [55.2392, 25.2051], [55.2392, 25.205], [55.2395, 25.2053], [55.2396, 25.2054], [55.2403, 25.2062], [55.2414, 25.2072], [55.242, 25.208], [55.2423, 25.2084], [55.2425, 25.2088], [55.2429, 25.2094], [55.2428, 25.2096], [55.2427, 25.2097], [55.2426, 25.2097], [55.2425, 25.2098], [55.2426, 25.2098], [55.2427, 25.2098], [55.2428, 25.2099], [55.2428, 25.2101], [55.2428, 25.2104], [55.2421, 25.2104], [55.2419, 25.2104], [55.2418, 25.2103], [55.2418, 25.2104], [55.2419, 25.2105], [55.2421, 25.2105], [55.2428, 25.2105], [55.2429, 25.2107], [55.2431, 25.211], [55.2434, 25.2113], [55.2436, 25.2116], [55.2439, 25.2119], [55.2439, 25.2122], [55.2439, 25.2123], [55.2439, 25.2125], [55.244, 25.2131], [55.2441, 25.2133], [55.2442, 25.2133], [55.2442, 25.213], [55.2441, 25.2127], [55.2441, 25.2124], [55.2441, 25.212], [55.244, 25.2118], [55.2437, 25.2114], [55.2434, 25.211], [55.2432, 25.2108], [55.2431, 25.2106], [55.2432, 25.2105], [55.2434, 25.2104], [55.2437, 25.2102], [55.244, 25.2101], [55.2443, 25.2102], [55.2449, 25.2103], [55.2452, 25.2105], [55.2454, 25.2108], [55.2456, 25.211], [55.2457, 25.2112], [55.2458, 25.2114], [55.2459, 25.2116], [55.2459, 25.2118], [55.2457, 25.2119], [55.2456, 25.2119], [55.2454, 25.2122], [55.2452, 25.2122], [55.2445, 25.2126], [55.2447, 25.2126], [55.2447, 25.2131], [55.2448, 25.2132], [55.2448, 25.2131], [55.2451, 25.2131], [55.2453, 25.2132], [55.2457, 25.2134], [55.2462, 25.2137], [55.247, 25.2144], [55.2477, 25.2151], [55.2473, 25.2155], [55.2484, 25.2163], [55.2496, 25.2176], [55.2508, 25.2189], [55.2518, 25.2197], [55.2519, 25.2199], [55.2524, 25.2218], [55.2532, 25.2224], [55.2534, 25.2229], [55.2533, 25.2234], [55.252, 25.2233], [55.2514, 25.224], [55.2509, 25.2244], [55.2501, 25.2249], [55.2494, 25.2245], [55.249, 25.2242], [55.2485, 25.2239], [55.2485, 25.2243], [55.2489, 25.2248], [55.2478, 25.2259], [55.2471, 25.2277], [55.2469, 25.2287], [55.2494, 25.2306], [55.25, 25.2303], [55.2507, 25.2304], [55.2514, 25.23], [55.2514, 25.2292], [55.2523, 25.2281], [55.2527, 25.2274], [55.2535, 25.2273], [55.2541, 25.2272], [55.2544, 25.2268], [55.2544, 25.2263], [55.2558, 25.2264], [55.2563, 25.2267], [55.2566, 25.2271], [55.2567, 25.2275], [55.2568, 25.2279], [55.2568, 25.2284], [55.2567, 25.2288], [55.2558, 25.229], [55.2552, 25.2294], [55.2555, 25.2299], [55.2553, 25.2302], [55.2553, 25.2307], [55.2558, 25.2307], [55.2565, 25.231], [55.2572, 25.2305], [55.2576, 25.2301], [55.2578, 25.2301], [55.2579, 25.2302], [55.2583, 25.2307], [55.259, 25.2316], [55.2594, 25.233], [55.2589, 25.2337], [55.2585, 25.2338], [55.2584, 25.2338], [55.2583, 25.2338], [55.2582, 25.2339], [55.2572, 25.2345], [55.2565, 25.2346], [55.2556, 25.2344], [55.254, 25.2343], [55.2535, 25.2355], [55.2541, 25.2368], [55.2555, 25.2382], [55.2562, 25.2383], [55.2563, 25.2374], [55.2566, 25.2369], [55.2573, 25.2366], [55.2594, 25.2357], [55.2609, 25.2348], [55.2614, 25.2344], [55.2617, 25.2343], [55.2619, 25.2343], [55.2623, 25.2346], [55.2622, 25.2348], [55.262, 25.2349], [55.262, 25.2352], [55.2621, 25.2355], [55.2625, 25.2357], [55.2624, 25.2359], [55.2623, 25.2361], [55.2622, 25.2364], [55.2624, 25.2368], [55.2627, 25.2372], [55.2628, 25.2374], [55.2628, 25.2376], [55.2629, 25.2377], [55.263, 25.2375], [55.263, 25.2373], [55.2629, 25.2371], [55.2627, 25.2368], [55.2625, 25.2363], [55.2627, 25.2361], [55.2629, 25.2359], [55.2632, 25.2359], [55.2634, 25.2361], [55.2632, 25.2362], [55.2631, 25.2363], [55.263, 25.2366], [55.2632, 25.2368], [55.2636, 25.2371], [55.264, 25.2374], [55.2646, 25.2381], [55.265, 25.2388], [55.2653, 25.2396], [55.2658, 25.2402], [55.2662, 25.2411], [55.2663, 25.2416], [55.2665, 25.2419], [55.2665, 25.242], [55.2665, 25.2422], [55.2664, 25.2427], [55.2664, 25.2431], [55.2664, 25.2434], [55.2655, 25.2434], [55.2655, 25.2437], [55.2651, 25.244], [55.2643, 25.2439], [55.2641, 25.2439], [55.2638, 25.2431], [55.2628, 25.2429], [55.2624, 25.2424], [55.2621, 25.2421], [55.2619, 25.2419], [55.2615, 25.2406], [55.2614, 25.2395], [55.2591, 25.2396], [55.257, 25.2402], [55.2553, 25.2413], [55.2544, 25.2432], [55.2538, 25.2446], [55.2536, 25.2452], [55.2562, 25.2492], [55.2578, 25.2484], [55.2632, 25.2452], [55.2643, 25.2446], [55.2646, 25.2444], [55.2649, 25.2449], [55.2586, 25.2486], [55.2555, 25.2505], [55.2527, 25.2522], [55.2517, 25.253], [55.251, 25.2537], [55.2508, 25.2539], [55.2505, 25.2543], [55.2501, 25.255], [55.2498, 25.2557], [55.2495, 25.2564], [55.2493, 25.2572], [55.2492, 25.2579], [55.2492, 25.2593], [55.2503, 25.2699], [55.2504, 25.27], [55.2505, 25.2699], [55.2494, 25.2593], [55.2494, 25.2579], [55.2495, 25.2572], [55.2497, 25.2565], [55.2499, 25.2558], [55.2503, 25.2551], [55.2507, 25.2544], [55.251, 25.254], [55.2512, 25.2538], [55.2519, 25.2531], [55.2528, 25.2523], [55.2556, 25.2507], [55.2588, 25.2488], [55.2638, 25.2458], [55.2647, 25.2453], [55.2652, 25.245], [55.2654, 25.2449], [55.2657, 25.2448], [55.2659, 25.2448], [55.2661, 25.2449], [55.2663, 25.2453], [55.2667, 25.2456], [55.2672, 25.246], [55.2677, 25.2465], [55.2679, 25.2469], [55.2679, 25.2474], [55.2677, 25.2477], [55.2676, 25.248], [55.2675, 25.2484], [55.2675, 25.2488], [55.2673, 25.2489], [55.267, 25.2489], [55.2667, 25.2487], [55.2663, 25.2487], [55.2648, 25.25], [55.2652, 25.2504], [55.2668, 25.2491], [55.267, 25.2492], [55.2661, 25.2499], [55.2663, 25.25], [55.2677, 25.2491], [55.2679, 25.2488], [55.2679, 25.2484], [55.2679, 25.2482], [55.2681, 25.248], [55.2684, 25.248], [55.269, 25.2479], [55.2694, 25.248], [55.27, 25.2487], [55.2698, 25.249], [55.2694, 25.249], [55.2693, 25.2492], [55.2693, 25.2495], [55.2694, 25.2497], [55.2694, 25.2499], [55.2692, 25.2502], [55.2676, 25.2514], [55.2679, 25.2516], [55.2697, 25.2502], [55.2704, 25.2499], [55.2712, 25.2501], [55.2722, 25.2514], [55.2724, 25.2516], [55.2725, 25.2516], [55.273, 25.2517], [55.274, 25.2514], [55.2742, 25.2516], [55.2744, 25.2518], [55.2744, 25.252], [55.2745, 25.2524], [55.2746, 25.2526], [55.275, 25.2526], [55.2752, 25.2526], [55.2753, 25.2524], [55.2755, 25.2524], [55.2758, 25.2527], [55.2758, 25.2529], [55.274, 25.2549], [55.2702, 25.259], [55.2698, 25.2595], [55.2693, 25.26], [55.2688, 25.2604], [55.2682, 25.2607], [55.2675, 25.2609], [55.2555, 25.2633], [55.2546, 25.2645], [55.2565, 25.2724], [55.2576, 25.2831], [55.2578, 25.2831], [55.2567, 25.2724], [55.257, 25.2723], [55.2561, 25.2688], [55.258, 25.2684], [55.2577, 25.2672], [55.258, 25.2672], [55.2583, 25.2683], [55.2587, 25.2682], [55.2585, 25.2675], [55.2588, 25.2674], [55.259, 25.2682], [55.2596, 25.2682], [55.2595, 25.2676], [55.2608, 25.2674], [55.2622, 25.2733], [55.2597, 25.2738], [55.2593, 25.2726], [55.2591, 25.2725], [55.2588, 25.2725], [55.2588, 25.2726], [55.2593, 25.2773], [55.2603, 25.2781], [55.2596, 25.2794], [55.2598, 25.2798], [55.2601, 25.2799], [55.2602, 25.2809], [55.2598, 25.2812], [55.2601, 25.2815], [55.2604, 25.2819], [55.2608, 25.2822], [55.2613, 25.2825], [55.2618, 25.2827], [55.2624, 25.283], [55.2628, 25.2831], [55.2633, 25.2832], [55.2639, 25.2831], [55.2646, 25.283], [55.2652, 25.2828], [55.2658, 25.2825], [55.2661, 25.2822], [55.2664, 25.2822], [55.2664, 25.2818], [55.2663, 25.2814], [55.2662, 25.2798], [55.2663, 25.2788], [55.2665, 25.277], [55.2666, 25.2757], [55.2666, 25.2752], [55.2668, 25.275], [55.2673, 25.2745], [55.27, 25.271], [55.2706, 25.2698], [55.271, 25.2692], [55.2711, 25.2686], [55.2712, 25.268], [55.2713, 25.2672], [55.2713, 25.2667], [55.2711, 25.2661], [55.2709, 25.2651], [55.2708, 25.2644], [55.2705, 25.2635], [55.2704, 25.263], [55.2703, 25.2621], [55.2702, 25.2618], [55.2703, 25.2615], [55.2707, 25.261], [55.2712, 25.2605], [55.2721, 25.2606], [55.2727, 25.261], [55.2741, 25.2612], [55.2756, 25.2613], [55.2764, 25.2612], [55.278, 25.2612], [55.2792, 25.2614], [55.2792, 25.2611], [55.2781, 25.2609], [55.2763, 25.2609], [55.2756, 25.2609], [55.2745, 25.2609], [55.2741, 25.2609], [55.2734, 25.2608], [55.2727, 25.2606], [55.2715, 25.2601], [55.2726, 25.2589], [55.2786, 25.2589], [55.2788, 25.2592], [55.2796, 25.2602], [55.2804, 25.2613], [55.2811, 25.2622], [55.2816, 25.2629], [55.2821, 25.2634], [55.2825, 25.2635], [55.2828, 25.2637], [55.2831, 25.2637], [55.2833, 25.2635], [55.2833, 25.2634], [55.2832, 25.2632], [55.2829, 25.2629], [55.2826, 25.2626], [55.2826, 25.2624], [55.2828, 25.2622], [55.2829, 25.2622], [55.2831, 25.2623], [55.2834, 25.2627], [55.2851, 25.2648], [55.2852, 25.265], [55.2835, 25.2649], [55.2832, 25.2649], [55.2831, 25.265], [55.2833, 25.2652], [55.288, 25.2719], [55.2866, 25.273], [55.2758, 25.2654], [55.2754, 25.2652], [55.275, 25.2652], [55.2747, 25.2656], [55.2745, 25.2659], [55.2748, 25.2687], [55.2751, 25.269], [55.2913, 25.2815], [55.2909, 25.2824], [55.2903, 25.2834], [55.2897, 25.2843], [55.2893, 25.2849], [55.2884, 25.2859], [55.2873, 25.287], [55.286, 25.2879], [55.2855, 25.2881], [55.2849, 25.2884], [55.2845, 25.2884], [55.284, 25.2884], [55.2837, 25.2883], [55.2782, 25.2857], [55.2764, 25.2849], [55.2758, 25.2845], [55.2743, 25.2832], [55.2738, 25.2828], [55.2738, 25.2826], [55.2736, 25.2822], [55.2733, 25.2819], [55.2729, 25.2817], [55.2725, 25.2816], [55.272, 25.2816], [55.2718, 25.2814], [55.2691, 25.2794], [55.269, 25.2796], [55.272, 25.2818], [55.2752, 25.2843], [55.2761, 25.2849], [55.2768, 25.2853], [55.2838, 25.2885], [55.2843, 25.2886], [55.2849, 25.2886], [55.2854, 25.2884], [55.2861, 25.288], [55.2877, 25.2869], [55.2895, 25.285], [55.2906, 25.2835], [55.2918, 25.2811], [55.2937, 25.2754], [55.2938, 25.2749], [55.294, 25.2741], [55.2942, 25.2732], [55.2943, 25.2728], [55.2943, 25.2726], [55.2943, 25.2725], [55.2944, 25.2724], [55.2944, 25.2723], [55.2945, 25.272], [55.2945, 25.2718], [55.2944, 25.2716], [55.2942, 25.2711], [55.2938, 25.2708], [55.2931, 25.2705], [55.2927, 25.2702], [55.292, 25.2697], [55.2916, 25.2693], [55.2913, 25.269], [55.291, 25.2686], [55.2907, 25.2682], [55.2904, 25.2675], [55.2903, 25.2672], [55.2903, 25.2666], [55.2903, 25.2663], [55.2905, 25.2659], [55.2906, 25.2656], [55.2907, 25.2656], [55.291, 25.2652], [55.2914, 25.265], [55.2917, 25.2649], [55.2921, 25.2648], [55.2925, 25.2648], [55.2934, 25.2648], [55.2943, 25.2649], [55.2957, 25.2651], [55.2961, 25.2652], [55.2961, 25.2653], [55.2972, 25.2656], [55.2987, 25.2657], [55.3, 25.2656], [55.3011, 25.2655], [55.3018, 25.2654], [55.3021, 25.2654], [55.3029, 25.2652], [55.3039, 25.2648], [55.305, 25.2644], [55.3066, 25.2636], [55.3076, 25.2629], [55.3083, 25.2623], [55.3087, 25.2619], [55.3092, 25.2613], [55.3096, 25.2605], [55.3097, 25.2605], [55.3119, 25.2579], [55.3129, 25.2569], [55.3142, 25.2557], [55.3167, 25.2535], [55.3204, 25.2513], [55.3205, 25.2512], [55.3206, 25.2511], [55.3224, 25.2494], [55.3227, 25.2491], [55.3243, 25.2477], [55.3245, 25.2475], [55.3254, 25.2463], [55.3261, 25.2443], [55.3275, 25.2411], [55.328, 25.2395], [55.3288, 25.2378], [55.3325, 25.2347], [55.3345, 25.2333], [55.336, 25.2322], [55.3363, 25.2319], [55.3365, 25.2317], [55.3366, 25.2317], [55.3369, 25.2315], [55.3374, 25.2311], [55.3382, 25.2318], [55.3384, 25.2316], [55.3382, 25.2311], [55.3389, 25.2307], [55.3427, 25.2286], [55.343, 25.2285], [55.3433, 25.2282], [55.3438, 25.2273], [55.3441, 25.2266], [55.3438, 25.2264], [55.3437, 25.2263], [55.3439, 25.2262], [55.3441, 25.226], [55.3443, 25.2257], [55.345, 25.2245], [55.3452, 25.2231], [55.345, 25.2214], [55.345, 25.2208], [55.3446, 25.2195], [55.3445, 25.2194], [55.3442, 25.218], [55.3431, 25.2175], [55.3413, 25.2165], [55.3397, 25.215], [55.3368, 25.2124], [55.3362, 25.2101], [55.3361, 25.2098], [55.3361, 25.2094], [55.3358, 25.2086], [55.3357, 25.2081], [55.336, 25.208], [55.336, 25.2079], [55.336, 25.2078], [55.3364, 25.2071], [55.3364, 25.207], [55.3352, 25.2073], [55.3341, 25.2059], [55.334, 25.2056], [55.3338, 25.2056], [55.3326, 25.2048], [55.3324, 25.2048], [55.3321, 25.2051], [55.3314, 25.2052], [55.3303, 25.2055], [55.3288, 25.2055], [55.3284, 25.2054], [55.3281, 25.2054], [55.3219, 25.2054], [55.3208, 25.2054], [55.32, 25.2055], [55.3179, 25.2057], [55.3172, 25.2055], [55.3168, 25.2052], [55.316, 25.2052], [55.3157, 25.205], [55.3148, 25.2047], [55.3141, 25.2043], [55.3135, 25.2036], [55.3131, 25.2025], [55.3127, 25.202], [55.3127, 25.2019], [55.3124, 25.2013], [55.3119, 25.2008], [55.3108, 25.2], [55.3108, 25.1997], [55.3107, 25.1992], [55.3113, 25.1991], [55.3114, 25.1991], [55.3124, 25.1991], [55.3125, 25.1992], [55.3152, 25.2004], [55.3153, 25.201], [55.3154, 25.2011], [55.316, 25.2017], [55.3167, 25.2022], [55.3175, 25.2024], [55.3183, 25.2025], [55.3186, 25.2025], [55.3193, 25.2025], [55.3205, 25.2025], [55.3217, 25.2025], [55.3227, 25.2024], [55.3239, 25.2025], [55.3256, 25.2025], [55.3199, 25.1991], [55.318, 25.1978], [55.318, 25.1965], [55.3162, 25.1953], [55.3147, 25.1944], [55.3156, 25.1919], [55.3142, 25.1913], [55.3154, 25.19], [55.3185, 25.1864], [55.3285, 25.1895], [55.3319, 25.1915], [55.3388, 25.1954], [55.3429, 25.1983], [55.3438, 25.1981], [55.3463, 25.198], [55.3464, 25.198], [55.346, 25.199], [55.3452, 25.1993], [55.3438, 25.1997], [55.3428, 25.2], [55.3425, 25.2001], [55.341, 25.2007], [55.3398, 25.2015], [55.3394, 25.2029], [55.3398, 25.204], [55.3406, 25.2048], [55.3414, 25.2052], [55.3414, 25.2055], [55.3415, 25.2071], [55.3416, 25.208], [55.3423, 25.2082], [55.3424, 25.2083], [55.3431, 25.2094], [55.3437, 25.2101], [55.3445, 25.2105], [55.3456, 25.2108], [55.3464, 25.2107], [55.3469, 25.2101], [55.3477, 25.2106], [55.3512, 25.2107], [55.3512, 25.2109], [55.3509, 25.2143], [55.3508, 25.2146], [55.3507, 25.2149], [55.3506, 25.2152], [55.3503, 25.2155], [55.3502, 25.2158], [55.35, 25.216], [55.3497, 25.2163], [55.3494, 25.2165], [55.3492, 25.2166], [55.3489, 25.2168], [55.3487, 25.217], [55.3485, 25.2174], [55.3484, 25.2177], [55.3484, 25.218], [55.3484, 25.2182], [55.3485, 25.2183], [55.3486, 25.2186], [55.3487, 25.2188], [55.3489, 25.219], [55.349, 25.2192], [55.3493, 25.2193], [55.3495, 25.2194], [55.3497, 25.2196], [55.3498, 25.2199], [55.3498, 25.2201], [55.3497, 25.2202], [55.3496, 25.2204], [55.3494, 25.2205], [55.3493, 25.2206], [55.3492, 25.2206], [55.3491, 25.2207], [55.349, 25.2208], [55.349, 25.2209], [55.3491, 25.221], [55.3492, 25.221], [55.3493, 25.221], [55.3494, 25.2209], [55.3494, 25.2208], [55.3494, 25.2207], [55.3495, 25.2206], [55.3496, 25.2205], [55.3497, 25.2205], [55.3499, 25.2204], [55.3501, 25.2204], [55.3503, 25.2204], [55.3507, 25.2204], [55.3508, 25.2205], [55.351, 25.2206], [55.3512, 25.2207], [55.3513, 25.2208], [55.3514, 25.2211], [55.3514, 25.2212], [55.3514, 25.2214], [55.3515, 25.2216], [55.3514, 25.2217], [55.3514, 25.2218], [55.3513, 25.2219], [55.3512, 25.2221], [55.3511, 25.2222], [55.3509, 25.2223], [55.3508, 25.2224], [55.3506, 25.2225], [55.3504, 25.2225], [55.3502, 25.2225], [55.3501, 25.2225], [55.3499, 25.2225], [55.3498, 25.2224], [55.3497, 25.2223], [55.3496, 25.2223], [55.3495, 25.2223], [55.3495, 25.2222], [55.3494, 25.2222], [55.3494, 25.2221], [55.3493, 25.2221], [55.3493, 25.222], [55.3492, 25.222], [55.3493, 25.2222], [55.3493, 25.2223], [55.3493, 25.2225], [55.349, 25.2229], [55.3487, 25.2232], [55.3485, 25.2235], [55.3484, 25.2236], [55.3483, 25.2238], [55.3483, 25.2243], [55.3485, 25.2249], [55.3484, 25.2252], [55.3483, 25.2254], [55.3481, 25.2256], [55.348, 25.2258], [55.348, 25.2261], [55.348, 25.2264], [55.3481, 25.2267], [55.3482, 25.2271], [55.3483, 25.2276], [55.3481, 25.2279], [55.3479, 25.2282], [55.3477, 25.2282], [55.3477, 25.2285], [55.3471, 25.2292], [55.3468, 25.2291], [55.3468, 25.2293], [55.3462, 25.2299], [55.3452, 25.2307], [55.3448, 25.231], [55.3443, 25.2312], [55.344, 25.231], [55.3438, 25.2314], [55.344, 25.2316], [55.3439, 25.2316], [55.3448, 25.2322], [55.3445, 25.2326], [55.3431, 25.2319], [55.3421, 25.2324], [55.3414, 25.2329], [55.3396, 25.2339], [55.3397, 25.234], [55.3393, 25.2343], [55.3392, 25.2341], [55.339, 25.2343], [55.3389, 25.2344], [55.3388, 25.2346], [55.3387, 25.2346], [55.3383, 25.2349], [55.3383, 25.235], [55.3367, 25.2364], [55.3343, 25.2384], [55.3332, 25.2397], [55.3322, 25.2414], [55.3318, 25.2428], [55.3317, 25.2434], [55.3321, 25.2438], [55.3324, 25.2445], [55.3326, 25.245], [55.3323, 25.2454], [55.3325, 25.2456], [55.3311, 25.2453], [55.3311, 25.2455], [55.3307, 25.2457], [55.331, 25.2461], [55.3308, 25.2466], [55.3306, 25.2466], [55.3303, 25.2471], [55.3299, 25.2479], [55.3295, 25.2486], [55.3292, 25.2489], [55.3289, 25.2491], [55.3287, 25.2492], [55.3285, 25.2493], [55.3283, 25.2493], [55.3282, 25.2495], [55.3281, 25.2497], [55.3281, 25.2498], [55.3277, 25.2501], [55.3276, 25.25], [55.3275, 25.2501], [55.3273, 25.2503], [55.3256, 25.2515], [55.3245, 25.2516], [55.3226, 25.2529], [55.3224, 25.2528], [55.3223, 25.2527], [55.322, 25.2528], [55.3219, 25.2529], [55.3218, 25.253], [55.3217, 25.2531], [55.32, 25.2545], [55.3201, 25.2546], [55.3222, 25.2548], [55.322, 25.2556], [55.3186, 25.2552], [55.3185, 25.2557], [55.3211, 25.256], [55.3211, 25.2562], [55.321, 25.2564], [55.3207, 25.2567], [55.3204, 25.2568], [55.317, 25.2563], [55.3168, 25.2569], [55.3193, 25.2572], [55.3192, 25.2575], [55.3189, 25.2578], [55.3186, 25.2579], [55.3152, 25.2575], [55.3151, 25.2581], [55.3176, 25.2583], [55.3176, 25.2585], [55.3175, 25.2586], [55.3173, 25.2588], [55.317, 25.2591], [55.3153, 25.2589], [55.3145, 25.2596], [55.3124, 25.2617], [55.3119, 25.2622], [55.3117, 25.2624], [55.3103, 25.2639], [55.3089, 25.2649], [55.3082, 25.2654], [55.3075, 25.2658], [55.3069, 25.2662], [55.3062, 25.2665], [55.3055, 25.2667], [55.3044, 25.267], [55.3034, 25.2671], [55.3033, 25.2671], [55.3027, 25.2673], [55.3024, 25.2673], [55.3022, 25.2673], [55.3015, 25.2673], [55.2999, 25.2673], [55.2987, 25.2672], [55.2984, 25.2671], [55.2982, 25.2671], [55.2978, 25.267], [55.297, 25.2667], [55.2961, 25.2662], [55.2953, 25.2659], [55.2948, 25.2657], [55.2943, 25.2657], [55.2938, 25.2658], [55.2934, 25.2659], [55.293, 25.2661], [55.2927, 25.2663], [55.2924, 25.2665], [55.2923, 25.2667], [55.2922, 25.2669], [55.2921, 25.2672], [55.2921, 25.2675], [55.2922, 25.2678], [55.2923, 25.2681], [55.2925, 25.2684], [55.2927, 25.2687], [55.293, 25.269], [55.2936, 25.2693], [55.2941, 25.2697], [55.2945, 25.27], [55.2948, 25.2703], [55.2951, 25.2707], [55.2954, 25.2713], [55.2956, 25.2719], [55.2958, 25.2726], [55.2958, 25.2729], [55.2958, 25.2731], [55.2957, 25.2732], [55.2957, 25.2733], [55.2956, 25.2738], [55.2953, 25.2746], [55.2951, 25.2752], [55.2951, 25.2754], [55.2951, 25.2755], [55.295, 25.2759], [55.2966, 25.2768], [55.2997, 25.2782], [55.3036, 25.2802], [55.3083, 25.2828], [55.3086, 25.283], [55.313, 25.2858], [55.3182, 25.2894], [55.3186, 25.2897], [55.3188, 25.2898], [55.319, 25.29], [55.3182, 25.2905], [55.3173, 25.2908], [55.3163, 25.2914], [55.3157, 25.2916], [55.3155, 25.2915], [55.315, 25.2911], [55.3149, 25.291], [55.3148, 25.2909], [55.3147, 25.2908], [55.3141, 25.2908], [55.3134, 25.2903], [55.3133, 25.2898], [55.3132, 25.2897], [55.313, 25.2897], [55.3128, 25.2895], [55.3122, 25.2892], [55.3117, 25.2888], [55.3112, 25.2885], [55.3111, 25.2884], [55.3112, 25.2883], [55.3107, 25.288], [55.3102, 25.2877], [55.3096, 25.2873], [55.309, 25.2869], [55.3085, 25.2866], [55.3079, 25.2862], [55.3073, 25.2859], [55.3072, 25.286], [55.307, 25.2859], [55.3064, 25.2855], [55.3059, 25.2852], [55.3053, 25.2848], [55.3047, 25.2845], [55.3041, 25.2841], [55.3035, 25.2838], [55.3029, 25.2835], [55.3023, 25.2831], [55.3017, 25.2828], [55.3013, 25.2834], [55.3008, 25.2832], [55.3007, 25.2831], [55.3006, 25.2831], [55.3006, 25.283], [55.3005, 25.283], [55.3004, 25.2829], [55.3004, 25.2828], [55.3003, 25.2827], [55.3002, 25.2826], [55.3001, 25.2825], [55.3, 25.2824], [55.2999, 25.2824], [55.2998, 25.2823], [55.2994, 25.2821], [55.2997, 25.2817], [55.2995, 25.2817], [55.2989, 25.2814], [55.2983, 25.2811], [55.2977, 25.2807], [55.2971, 25.2804], [55.2965, 25.2801], [55.2959, 25.2799], [55.2953, 25.2796], [55.2946, 25.2793], [55.2945, 25.2793], [55.2945, 25.2794], [55.2945, 25.2795], [55.2944, 25.2796], [55.2944, 25.2797], [55.2944, 25.2799], [55.2944, 25.28], [55.2943, 25.2801], [55.2943, 25.2802], [55.2942, 25.2803], [55.2942, 25.2804], [55.2942, 25.2805], [55.2941, 25.2806], [55.2941, 25.2807], [55.2941, 25.2808], [55.294, 25.2809], [55.294, 25.281], [55.2939, 25.2811], [55.2939, 25.2812], [55.2939, 25.2813], [55.2938, 25.2814], [55.2938, 25.2815], [55.2938, 25.2816], [55.2937, 25.2817], [55.2937, 25.2818], [55.2936, 25.2819], [55.2936, 25.282], [55.2936, 25.2821], [55.2935, 25.2822], [55.2935, 25.2823], [55.2934, 25.2824], [55.2934, 25.2825], [55.2933, 25.2826], [55.2933, 25.2827], [55.2933, 25.2828], [55.2932, 25.2829], [55.2932, 25.283], [55.2931, 25.2831], [55.2931, 25.2832], [55.2931, 25.2833], [55.293, 25.2834], [55.293, 25.2835], [55.293, 25.2836], [55.2929, 25.2837], [55.2929, 25.2838], [55.2929, 25.2839], [55.2928, 25.284], [55.2928, 25.2841], [55.2928, 25.2842], [55.2927, 25.2843], [55.2927, 25.2844], [55.2927, 25.2845], [55.2927, 25.2848], [55.2926, 25.2849], [55.2926, 25.285], [55.2926, 25.2851], [55.2926, 25.2852], [55.2926, 25.2853], [55.2925, 25.2854], [55.2925, 25.2855], [55.2925, 25.2856], [55.2925, 25.2857], [55.2925, 25.2858], [55.2925, 25.2859], [55.2925, 25.286], [55.2925, 25.2861], [55.2925, 25.2862], [55.2926, 25.2862], [55.2926, 25.2863], [55.2927, 25.2863], [55.2928, 25.2863], [55.2929, 25.2863], [55.2929, 25.2862], [55.293, 25.2862], [55.293, 25.2861], [55.2932, 25.285], [55.2943, 25.2853], [55.2928, 25.29], [55.2923, 25.2902], [55.2905, 25.2897], [55.2905, 25.2896], [55.2905, 25.2895], [55.2905, 25.2894], [55.2905, 25.2893], [55.2905, 25.2892], [55.2905, 25.289], [55.2905, 25.2889], [55.2905, 25.2888], [55.2905, 25.2887], [55.2906, 25.2886], [55.2906, 25.2884], [55.2906, 25.2883], [55.2906, 25.2882], [55.2907, 25.2881], [55.2907, 25.288], [55.2908, 25.2878], [55.2908, 25.2877], [55.2909, 25.2876], [55.2909, 25.2875], [55.291, 25.2874], [55.291, 25.2873], [55.2911, 25.2872], [55.2912, 25.2871], [55.2912, 25.287], [55.2913, 25.2869], [55.2914, 25.2868], [55.2915, 25.2867], [55.2916, 25.2866], [55.2917, 25.2865], [55.2917, 25.2864], [55.2917, 25.2863], [55.2916, 25.2862], [55.2915, 25.2862], [55.2914, 25.2862], [55.2914, 25.2863], [55.2913, 25.2863], [55.2912, 25.2864], [55.2911, 25.2865], [55.291, 25.2866], [55.291, 25.2867], [55.2909, 25.2868], [55.2908, 25.2869], [55.2907, 25.287], [55.2907, 25.2871], [55.2906, 25.2873], [55.2905, 25.2874], [55.2905, 25.2875], [55.2904, 25.2876], [55.2904, 25.2877], [55.2903, 25.2878], [55.2903, 25.288], [55.2903, 25.2881], [55.2902, 25.2882], [55.2902, 25.2883], [55.2902, 25.2885], [55.2901, 25.2886], [55.2901, 25.2887], [55.2901, 25.2888], [55.2901, 25.289], [55.2901, 25.2891], [55.2901, 25.2892], [55.2901, 25.2893], [55.2901, 25.2895], [55.2901, 25.2896], [55.2901, 25.2898], [55.2901, 25.2901], [55.2902, 25.2904], [55.2902, 25.2906], [55.2903, 25.2909], [55.2903, 25.2912], [55.2903, 25.2915], [55.2904, 25.2918], [55.2905, 25.292], [55.2905, 25.2923], [55.2906, 25.2926], [55.2906, 25.2929], [55.2907, 25.2931], [55.2908, 25.2934], [55.2909, 25.2937], [55.291, 25.2939], [55.291, 25.2942], [55.2911, 25.2945], [55.2912, 25.2948], [55.2913, 25.295], [55.2914, 25.2953], [55.2915, 25.2955], [55.2916, 25.2958], [55.2918, 25.2961], [55.2919, 25.2963], [55.292, 25.2966], [55.2921, 25.2969], [55.2922, 25.2971], [55.2924, 25.2974], [55.2925, 25.2976], [55.2927, 25.2979], [55.2928, 25.2981], [55.2929, 25.2984], [55.293, 25.2984], [55.2931, 25.2986], [55.2932, 25.2987], [55.2933, 25.2989], [55.2934, 25.299], [55.2935, 25.2992], [55.2936, 25.2993], [55.2937, 25.2995], [55.2938, 25.2996], [55.2939, 25.2997], [55.2941, 25.2999], [55.2942, 25.3], [55.2943, 25.3002], [55.2945, 25.3003], [55.2946, 25.3004], [55.2947, 25.3005], [55.2949, 25.3007], [55.295, 25.3008], [55.2952, 25.3009], [55.2953, 25.301], [55.2955, 25.3011], [55.2957, 25.3013], [55.2958, 25.3014], [55.296, 25.3015], [55.2961, 25.3016], [55.2963, 25.3017], [55.2965, 25.3018], [55.2966, 25.3019], [55.2968, 25.3019], [55.297, 25.302], [55.2972, 25.3021], [55.2973, 25.3022], [55.2975, 25.3023], [55.2977, 25.3023], [55.2979, 25.3024], [55.2981, 25.3025], [55.2983, 25.3025], [55.2984, 25.3026], [55.2986, 25.3027], [55.2988, 25.3027], [55.299, 25.3028], [55.2992, 25.3028], [55.2994, 25.3029], [55.2996, 25.3029], [55.2998, 25.3029], [55.3, 25.303], [55.3002, 25.303], [55.3004, 25.303], [55.3006, 25.303], [55.3008, 25.3031], [55.301, 25.3031], [55.3012, 25.3031], [55.3014, 25.3031], [55.3017, 25.3031], [55.3021, 25.3031], [55.3024, 25.3031], [55.3027, 25.3031], [55.303, 25.3031], [55.3033, 25.3031], [55.3036, 25.3031], [55.304, 25.3031], [55.3043, 25.303], [55.3046, 25.303], [55.3049, 25.303], [55.305, 25.303], [55.305, 25.3029], [55.3049, 25.3029], [55.3046, 25.3029], [55.3043, 25.3029], [55.304, 25.3029], [55.3037, 25.3029], [55.3034, 25.303], [55.3034, 25.3029], [55.3035, 25.3028], [55.3035, 25.3027], [55.3035, 25.3026], [55.3036, 25.3026], [55.3036, 25.3025], [55.3036, 25.3024], [55.3037, 25.3023], [55.3038, 25.3022], [55.3039, 25.3021], [55.3039, 25.302], [55.304, 25.302], [55.3041, 25.3019], [55.3042, 25.3018], [55.3043, 25.3017], [55.3044, 25.3016], [55.3045, 25.3016], [55.3046, 25.3015], [55.3047, 25.3015], [55.3048, 25.3015], [55.3049, 25.3014], [55.305, 25.3014], [55.3051, 25.3013], [55.3052, 25.3013], [55.3053, 25.3013], [55.3054, 25.3013], [55.3055, 25.3013], [55.3087, 25.3009], [55.3088, 25.3009], [55.3089, 25.3009], [55.309, 25.301], [55.3092, 25.301], [55.3093, 25.301], [55.3094, 25.301], [55.3095, 25.301], [55.3096, 25.301], [55.3097, 25.3011], [55.3098, 25.3011], [55.3099, 25.3011], [55.31, 25.3012], [55.3101, 25.3012], [55.3102, 25.3012], [55.3103, 25.3013], [55.3104, 25.3013], [55.3105, 25.3014], [55.3106, 25.3015], [55.3107, 25.3015], [55.3108, 25.3016], [55.3109, 25.3017], [55.311, 25.3018], [55.3111, 25.3019], [55.3112, 25.3019], [55.3112, 25.302], [55.3113, 25.3021], [55.3114, 25.3022], [55.3113, 25.3022], [55.3109, 25.3022], [55.3105, 25.3023], [55.3102, 25.3023], [55.3098, 25.3024], [55.3097, 25.3024], [55.3097, 25.3025], [55.3098, 25.3025], [55.31, 25.3025], [55.3105, 25.3024], [55.3111, 25.3023], [55.3117, 25.3023], [55.3122, 25.3022], [55.3128, 25.3021], [55.3134, 25.3021], [55.3139, 25.302], [55.314, 25.302], [55.3142, 25.302], [55.3143, 25.3019], [55.3144, 25.3019], [55.3145, 25.3019], [55.3146, 25.3019], [55.3147, 25.3019], [55.3149, 25.3019], [55.315, 25.3018], [55.3151, 25.3018], [55.3152, 25.3018], [55.3153, 25.3018], [55.3154, 25.3018], [55.3156, 25.3018], [55.3157, 25.3018], [55.3158, 25.3017], [55.3159, 25.3017], [55.316, 25.3017], [55.3161, 25.3017], [55.3163, 25.3017], [55.3164, 25.3017], [55.3165, 25.3016], [55.3166, 25.3016], [55.3167, 25.3016], [55.3168, 25.3016], [55.317, 25.3016], [55.3171, 25.3015], [55.3172, 25.3015], [55.3173, 25.3015], [55.3174, 25.3015], [55.3175, 25.3015], [55.3177, 25.3014], [55.3178, 25.3014], [55.3179, 25.3014], [55.318, 25.3014], [55.3181, 25.3014], [55.3182, 25.3013], [55.3183, 25.3013], [55.3185, 25.3013], [55.3186, 25.3012], [55.3187, 25.3012], [55.3188, 25.3012], [55.3189, 25.3012], [55.319, 25.3011], [55.3191, 25.3011], [55.3193, 25.3011], [55.3194, 25.301], [55.3195, 25.301], [55.3196, 25.301], [55.3197, 25.3009], [55.3198, 25.3009], [55.3199, 25.3009], [55.32, 25.3008], [55.3202, 25.3008], [55.3203, 25.3008], [55.3204, 25.3007], [55.3205, 25.3007], [55.3206, 25.3006], [55.3207, 25.3006], [55.3208, 25.3006], [55.3209, 25.3005], [55.321, 25.3005], [55.3211, 25.3004], [55.3213, 25.3004], [55.3214, 25.3004], [55.3215, 25.3003], [55.3216, 25.3003], [55.3217, 25.3002], [55.3218, 25.3002], [55.3219, 25.3001], [55.322, 25.3001], [55.3221, 25.3], [55.3222, 25.3], [55.3223, 25.2999], [55.3224, 25.2999], [55.3225, 25.2998], [55.3226, 25.2998], [55.3227, 25.2997], [55.3228, 25.2997], [55.3229, 25.2996], [55.323, 25.2995], [55.3231, 25.2995], [55.3232, 25.2994], [55.3233, 25.2994], [55.3234, 25.2993], [55.3235, 25.2993], [55.3236, 25.2992], [55.3237, 25.2991], [55.3238, 25.2991], [55.3239, 25.299], [55.324, 25.299], [55.3241, 25.2989], [55.3242, 25.2988], [55.3243, 25.2988], [55.3244, 25.2987], [55.3243, 25.2986], [55.3238, 25.2982], [55.3238, 25.2981], [55.3243, 25.2972], [55.3248, 25.2964], [55.3253, 25.2958], [55.3254, 25.2958], [55.3259, 25.2952], [55.3265, 25.2956], [55.3289, 25.2981], [55.329, 25.2984], [55.3293, 25.3004], [55.3294, 25.3005], [55.3296, 25.3005], [55.3296, 25.3003], [55.3295, 25.2998], [55.3294, 25.2993], [55.3294, 25.2987], [55.3293, 25.2983], [55.3292, 25.2979], [55.3276, 25.2963], [55.3287, 25.2952], [55.335, 25.3015], [55.3364, 25.3032], [55.3368, 25.3036], [55.3353, 25.3045], [55.3329, 25.3016], [55.3327, 25.3018], [55.3322, 25.3012], [55.3304, 25.2993], [55.3302, 25.2996], [55.3328, 25.3023], [55.3342, 25.304], [55.3355, 25.3057], [55.3357, 25.3055], [55.3353, 25.3049], [55.3369, 25.3038], [55.3372, 25.3043], [55.338, 25.3055], [55.3384, 25.3062], [55.3371, 25.3072], [55.3361, 25.3059], [55.3358, 25.3061], [55.3363, 25.3068], [55.338, 25.3091], [55.3375, 25.3094], [55.337, 25.3096], [55.3358, 25.3078], [55.3357, 25.3079], [55.3356, 25.3079], [55.3335, 25.3092], [55.3334, 25.3094], [55.3333, 25.3095], [55.3332, 25.3096], [55.3331, 25.3097], [55.333, 25.3098], [55.333, 25.3099], [55.3329, 25.31], [55.3329, 25.3101], [55.3329, 25.3102], [55.3329, 25.3103], [55.3329, 25.3104], [55.3329, 25.3105], [55.3329, 25.3106], [55.3329, 25.3107], [55.333, 25.3108], [55.333, 25.3109], [55.333, 25.311], [55.3331, 25.311], [55.3332, 25.3109], [55.3334, 25.3109], [55.3335, 25.3109], [55.3338, 25.311], [55.3338, 25.3115], [55.3336, 25.3117], [55.3335, 25.3117], [55.333, 25.3118], [55.3329, 25.3117], [55.3324, 25.3112], [55.3324, 25.3111], [55.3323, 25.3111], [55.3323, 25.3112], [55.3323, 25.3113], [55.3323, 25.3114], [55.3324, 25.3114], [55.3324, 25.3115], [55.3325, 25.3116], [55.3326, 25.3116], [55.3326, 25.3117], [55.3327, 25.3117], [55.3327, 25.3118], [55.3331, 25.3123], [55.3339, 25.3146], [55.3341, 25.3156], [55.3347, 25.3179], [55.3354, 25.3192], [55.3357, 25.3205], [55.3358, 25.3205], [55.3357, 25.3215], [55.3356, 25.3216], [55.3356, 25.3218], [55.3356, 25.3219], [55.3355, 25.322], [55.3355, 25.3221], [55.335, 25.323], [55.3354, 25.3241], [55.3361, 25.3245], [55.3365, 25.3245], [55.3366, 25.3245], [55.3367, 25.3245], [55.3368, 25.3245], [55.3369, 25.3245], [55.337, 25.3245], [55.3371, 25.3245], [55.3372, 25.3245], [55.3373, 25.3245], [55.3374, 25.3244], [55.3375, 25.3244], [55.3376, 25.3244], [55.3376, 25.3243], [55.3377, 25.3243], [55.3378, 25.3243], [55.3378, 25.3242], [55.3379, 25.3242], [55.338, 25.3241], [55.3381, 25.324], [55.3382, 25.3239], [55.3382, 25.3238], [55.3383, 25.3237], [55.3383, 25.3236], [55.3384, 25.3235], [55.3387, 25.3225], [55.3394, 25.3214], [55.3395, 25.3213], [55.3396, 25.3213], [55.3396, 25.3212], [55.3397, 25.3212], [55.3398, 25.3211], [55.3399, 25.321], [55.34, 25.321], [55.3401, 25.321], [55.3402, 25.3209], [55.3403, 25.3209], [55.3404, 25.3209], [55.3405, 25.3209], [55.3405, 25.3208], [55.3406, 25.3208], [55.3406, 25.3207], [55.3407, 25.3207], [55.3408, 25.3206], [55.3408, 25.3205], [55.3409, 25.3205], [55.3409, 25.3204], [55.3409, 25.3203], [55.341, 25.3203], [55.341, 25.3202], [55.341, 25.3201], [55.341, 25.32], [55.341, 25.3199], [55.341, 25.3198], [55.3409, 25.3198], [55.3409, 25.3197], [55.3409, 25.3196], [55.3408, 25.3196], [55.3408, 25.3195], [55.3407, 25.3193], [55.3406, 25.3191], [55.3404, 25.3185], [55.3403, 25.3185], [55.3403, 25.3184], [55.3402, 25.3183], [55.3401, 25.3183], [55.3401, 25.3184], [55.3402, 25.3185], [55.3398, 25.3186], [55.3397, 25.3185], [55.3396, 25.3184], [55.3395, 25.3183], [55.3394, 25.3183], [55.3394, 25.3182], [55.3393, 25.3181], [55.3393, 25.318], [55.3392, 25.318], [55.3392, 25.3179], [55.3392, 25.3178], [55.3391, 25.3177], [55.3391, 25.3176], [55.3391, 25.3175], [55.3393, 25.3173], [55.3394, 25.317], [55.3393, 25.3168], [55.3394, 25.3169], [55.3395, 25.317], [55.3395, 25.3171], [55.3396, 25.3171], [55.3396, 25.317], [55.3395, 25.3169], [55.3395, 25.3168], [55.3394, 25.3168], [55.3394, 25.3167], [55.3393, 25.3166], [55.3392, 25.3164], [55.3392, 25.3163], [55.3391, 25.3161], [55.339, 25.3159], [55.3389, 25.3158], [55.3387, 25.3151], [55.3386, 25.315], [55.3386, 25.3151], [55.3384, 25.3152], [55.3383, 25.3152], [55.3382, 25.3151], [55.3381, 25.3151], [55.3381, 25.315], [55.338, 25.315], [55.3379, 25.3149], [55.3378, 25.3148], [55.3377, 25.3144], [55.3376, 25.3138], [55.3377, 25.3134], [55.3378, 25.3135], [55.3378, 25.3134], [55.3377, 25.3133], [55.3377, 25.3132], [55.3376, 25.3131], [55.3377, 25.3131], [55.3381, 25.3119], [55.338, 25.3118], [55.338, 25.3117], [55.338, 25.3116], [55.338, 25.3115], [55.338, 25.3114], [55.3379, 25.3114], [55.3379, 25.3113], [55.3379, 25.3112], [55.3379, 25.3111], [55.3379, 25.311], [55.3378, 25.3109], [55.3378, 25.3108], [55.3378, 25.3107], [55.3377, 25.3106], [55.3377, 25.3105], [55.3376, 25.3104], [55.3375, 25.3103], [55.3374, 25.3101], [55.3379, 25.3099], [55.3382, 25.3097], [55.3383, 25.3096], [55.3394, 25.3112], [55.3392, 25.3125], [55.34, 25.3129], [55.3409, 25.3143], [55.3414, 25.3153], [55.3422, 25.3162], [55.3429, 25.3167], [55.3432, 25.3173], [55.3432, 25.3181], [55.3441, 25.3178], [55.3442, 25.3179], [55.3445, 25.3181], [55.3448, 25.3183], [55.3448, 25.3188], [55.3446, 25.3193], [55.3443, 25.3196], [55.344, 25.3198], [55.344, 25.32], [55.3441, 25.3202], [55.3441, 25.3204], [55.3443, 25.3208], [55.3459, 25.3211], [55.3466, 25.3214], [55.3469, 25.322], [55.3469, 25.3225], [55.3467, 25.3229], [55.3464, 25.3231], [55.3462, 25.3232], [55.346, 25.3235], [55.3461, 25.3237], [55.3463, 25.324], [55.3466, 25.324], [55.3467, 25.3239], [55.3472, 25.3238], [55.3478, 25.3239], [55.3482, 25.3242], [55.3486, 25.3246], [55.349, 25.3249], [55.3492, 25.3253], [55.3493, 25.3257], [55.3493, 25.326], [55.3492, 25.3263], [55.3489, 25.3265], [55.3488, 25.3266], [55.3489, 25.3268], [55.3494, 25.3272], [55.3497, 25.3272], [55.3499, 25.3271], [55.3501, 25.3269], [55.3504, 25.3267], [55.351, 25.3267], [55.3516, 25.3268], [55.3519, 25.3271], [55.352, 25.3275], [55.3521, 25.3277], [55.3523, 25.3278], [55.3531, 25.3278], [55.3536, 25.3278], [55.3541, 25.3276], [55.3545, 25.3271], [55.3546, 25.3267], [55.3546, 25.3263], [55.3542, 25.3259], [55.3538, 25.3255], [55.3536, 25.3253], [55.3536, 25.3242], [55.3536, 25.3236], [55.3535, 25.3232], [55.3531, 25.3227], [55.3526, 25.3224], [55.3523, 25.3222], [55.352, 25.322], [55.3521, 25.3217], [55.3524, 25.3213], [55.3526, 25.3211], [55.3528, 25.3208], [55.3527, 25.3205], [55.3526, 25.3202], [55.3521, 25.32], [55.3516, 25.3199], [55.3515, 25.3195], [55.3512, 25.3192], [55.3507, 25.3188], [55.3502, 25.3183], [55.3498, 25.3178], [55.3498, 25.3172], [55.3497, 25.3166], [55.3493, 25.3163], [55.3487, 25.3158], [55.3487, 25.3157], [55.3488, 25.3153], [55.3488, 25.315], [55.3484, 25.3143], [55.3481, 25.3136], [55.3481, 25.3129], [55.3481, 25.3128], [55.348, 25.3127], [55.3478, 25.3126], [55.3477, 25.3125], [55.3477, 25.3122], [55.3476, 25.3111], [55.3475, 25.309], [55.3475, 25.308], [55.3477, 25.3072], [55.348, 25.3062], [55.349, 25.3047], [55.3495, 25.3039], [55.3497, 25.3032], [55.3499, 25.3026], [55.35, 25.3018], [55.3501, 25.301], [55.3504, 25.3002], [55.3506, 25.2999], [55.3512, 25.2992], [55.3516, 25.2989], [55.3518, 25.2988], [55.3525, 25.2985], [55.3531, 25.2983], [55.3538, 25.2982], [55.3545, 25.2982], [55.3551, 25.2984], [55.3558, 25.2986], [55.3564, 25.2991], [55.357, 25.2998], [55.3573, 25.3002], [55.3577, 25.3008], [55.3578, 25.3019], [55.3575, 25.3027], [55.3573, 25.303], [55.3533, 25.3059], [55.3516, 25.3078], [55.3502, 25.3106], [55.3499, 25.3106], [55.3496, 25.3124], [55.3496, 25.313], [55.3496, 25.3131], [55.3496, 25.3132], [55.3496, 25.3133], [55.3496, 25.3134], [55.3496, 25.3136], [55.3497, 25.3138], [55.3497, 25.314], [55.3498, 25.3142], [55.3499, 25.3146], [55.3499, 25.3148], [55.35, 25.3151], [55.3502, 25.3154], [55.3503, 25.3158], [55.3505, 25.3161], [55.3506, 25.3162], [55.3507, 25.3164], [55.3508, 25.3166], [55.3508, 25.3167], [55.3509, 25.3169], [55.351, 25.317], [55.3511, 25.3171], [55.3513, 25.3173], [55.3515, 25.3173], [55.3516, 25.3174], [55.3518, 25.3174], [55.3521, 25.3173], [55.3525, 25.3172], [55.3528, 25.3171], [55.3529, 25.317], [55.353, 25.3168], [55.353, 25.3167], [55.3529, 25.3165], [55.3529, 25.3163], [55.3529, 25.316], [55.353, 25.3156], [55.353, 25.3151], [55.3532, 25.3148], [55.3534, 25.3144], [55.3535, 25.3142], [55.3541, 25.3135], [55.3545, 25.3133], [55.3549, 25.3131], [55.3552, 25.313], [55.3554, 25.3129], [55.3557, 25.3126], [55.356, 25.3124], [55.356, 25.3123], [55.3563, 25.3119], [55.3565, 25.3116], [55.3566, 25.3113], [55.3566, 25.3111], [55.3569, 25.3102], [55.357, 25.31], [55.3571, 25.3099], [55.3572, 25.3096], [55.3574, 25.3093], [55.3577, 25.309], [55.3579, 25.3088], [55.358, 25.3087], [55.3584, 25.3082], [55.3589, 25.3079], [55.3593, 25.3077], [55.3598, 25.3075], [55.3604, 25.3075], [55.3609, 25.3074], [55.3613, 25.3075], [55.3619, 25.3077], [55.3622, 25.3078], [55.3624, 25.308], [55.3625, 25.3082], [55.3628, 25.3083], [55.3629, 25.3084], [55.363, 25.3084], [55.3632, 25.3084], [55.3633, 25.3086], [55.3634, 25.3089], [55.3637, 25.3094], [55.3638, 25.3098], [55.3638, 25.3103], [55.3638, 25.3108], [55.3638, 25.3111], [55.3638, 25.3112], [55.3634, 25.3115], [55.3622, 25.3126], [55.361, 25.3132], [55.3601, 25.3138], [55.3592, 25.3146], [55.358, 25.3154], [55.3568, 25.3161], [55.3556, 25.3172], [55.3551, 25.3181], [55.3551, 25.3195], [55.3554, 25.322], [55.3556, 25.3234], [55.3556, 25.3237], [55.3556, 25.3243], [55.3556, 25.3247], [55.3556, 25.325], [55.3555, 25.3251], [55.3555, 25.3252], [55.3556, 25.3266], [55.3553, 25.3272], [55.3553, 25.3274], [55.3552, 25.3277], [55.355, 25.3279], [55.3547, 25.3281], [55.3544, 25.3283], [55.3543, 25.3284], [55.354, 25.3286], [55.3538, 25.329], [55.3538, 25.3291], [55.3539, 25.3292], [55.3539, 25.3291], [55.354, 25.3288], [55.3542, 25.3286], [55.3543, 25.3286], [55.3546, 25.3284], [55.3549, 25.3282], [55.3551, 25.328], [55.3552, 25.3279], [55.3558, 25.3285], [55.3558, 25.3286], [55.3556, 25.3287], [55.3553, 25.3289], [55.3551, 25.3292], [55.355, 25.3293], [55.355, 25.3294], [55.3551, 25.3294], [55.3554, 25.329], [55.3558, 25.3287], [55.3559, 25.3287], [55.3562, 25.3285], [55.3577, 25.3282], [55.359, 25.3288], [55.3599, 25.3289], [55.3607, 25.3289], [55.3613, 25.3288], [55.3615, 25.3287], [55.3618, 25.3283], [55.3627, 25.3277], [55.363, 25.3273], [55.363, 25.3272], [55.363, 25.3271], [55.363, 25.3269], [55.3631, 25.3267], [55.3631, 25.3263], [55.363, 25.3261], [55.3629, 25.3259], [55.3629, 25.3258], [55.3629, 25.3255], [55.3629, 25.3253], [55.3629, 25.3249], [55.363, 25.3245], [55.3629, 25.3244], [55.363, 25.3241], [55.363, 25.3239], [55.3631, 25.3237], [55.3631, 25.3236], [55.3632, 25.3235], [55.3632, 25.3229], [55.3637, 25.3232], [55.3637, 25.3231], [55.3638, 25.3232], [55.3639, 25.3238], [55.3639, 25.3239], [55.3638, 25.324], [55.3637, 25.3242], [55.3641, 25.3245], [55.3645, 25.3252], [55.3649, 25.3261], [55.3656, 25.3265], [55.366, 25.3266], [55.3662, 25.3267], [55.3667, 25.3262], [55.3664, 25.3251], [55.3661, 25.3248], [55.3662, 25.3247], [55.3657, 25.3241], [55.3653, 25.3232], [55.3646, 25.3227], [55.3641, 25.3222], [55.364, 25.3217], [55.364, 25.3216], [55.3641, 25.3214], [55.3641, 25.3208], [55.3642, 25.3205], [55.3643, 25.3201], [55.3643, 25.3197], [55.3644, 25.3194], [55.3646, 25.3191], [55.3646, 25.3189], [55.3647, 25.3187], [55.3649, 25.3185], [55.365, 25.3182], [55.3652, 25.3178], [55.3655, 25.3175], [55.3657, 25.3172], [55.3658, 25.3171], [55.366, 25.3169], [55.3662, 25.3167], [55.3663, 25.3166], [55.3664, 25.3165], [55.3666, 25.3162], [55.3669, 25.316], [55.3671, 25.3159], [55.3673, 25.3158], [55.3674, 25.3157], [55.3676, 25.3155], [55.3678, 25.3154], [55.3681, 25.3153], [55.3685, 25.3151], [55.3689, 25.3149], [55.3692, 25.3149], [55.3695, 25.3148], [55.3699, 25.3147], [55.3702, 25.3147], [55.3704, 25.3147], [55.3706, 25.3146], [55.3708, 25.3146], [55.3711, 25.3146], [55.3716, 25.3147], [55.372, 25.3148], [55.3722, 25.315], [55.3725, 25.3151], [55.3726, 25.3153], [55.3727, 25.3154], [55.3729, 25.3155], [55.3731, 25.3157], [55.3732, 25.3158], [55.3733, 25.316], [55.3734, 25.3162], [55.3734, 25.3163], [55.3735, 25.3165], [55.3736, 25.317], [55.3736, 25.3173], [55.3737, 25.3176], [55.3737, 25.3179], [55.3738, 25.3182], [55.3737, 25.3186], [55.3737, 25.3188], [55.3736, 25.319], [55.3736, 25.3193], [55.3736, 25.3195], [55.3736, 25.3196], [55.3736, 25.32], [55.3736, 25.3202], [55.3736, 25.3204], [55.3736, 25.3206], [55.3736, 25.3209], [55.3736, 25.321], [55.3736, 25.3212], [55.3736, 25.3214], [55.3735, 25.3215], [55.3734, 25.3215], [55.3734, 25.3216], [55.3734, 25.3217], [55.3735, 25.3219], [55.3736, 25.322], [55.3736, 25.3221], [55.3738, 25.3222], [55.3739, 25.3222], [55.3744, 25.3224], [55.3747, 25.3225], [55.3748, 25.3225], [55.3749, 25.3225], [55.375, 25.3226], [55.3752, 25.3226], [55.3752, 25.3227], [55.3753, 25.3227], [55.3754, 25.3227], [55.3755, 25.3228], [55.3756, 25.3228], [55.3757, 25.3228], [55.3758, 25.3228], [55.3758, 25.3229], [55.3759, 25.3229], [55.376, 25.3229], [55.3761, 25.323], [55.3763, 25.323], [55.3764, 25.3231], [55.3765, 25.3231], [55.3766, 25.3231], [55.3767, 25.3232], [55.3768, 25.3232], [55.3769, 25.3233], [55.377, 25.3233], [55.3771, 25.3233], [55.3771, 25.3234], [55.3772, 25.3234], [55.3773, 25.3234], [55.3773, 25.3235], [55.3775, 25.3235], [55.3777, 25.3236], [55.3778, 25.3237], [55.378, 25.3237], [55.378, 25.3238], [55.3781, 25.3238], [55.3784, 25.324], [55.3789, 25.3243], [55.3792, 25.3244], [55.3794, 25.3245], [55.3799, 25.3249], [55.3804, 25.3252], [55.3807, 25.3255], [55.3809, 25.3256], [55.381, 25.3257], [55.3813, 25.3255], [55.3827, 25.3246], [55.3846, 25.3247], [55.3854, 25.3253], [55.388, 25.3281], [55.3896, 25.3298], [55.3899, 25.3306], [55.3899, 25.3311], [55.3898, 25.3314], [55.3896, 25.3317], [55.3895, 25.3319], [55.3892, 25.3322], [55.3885, 25.3332], [55.3868, 25.3346], [55.386, 25.3353], [55.386, 25.3352], [55.3859, 25.3352], [55.3859, 25.3353], [55.3859, 25.3354], [55.3849, 25.3363], [55.3838, 25.3373], [55.383, 25.3384], [55.3829, 25.339], [55.3828, 25.3391], [55.3828, 25.3392], [55.3828, 25.3394], [55.3829, 25.3397], [55.3828, 25.3398], [55.3828, 25.3399], [55.3828, 25.34], [55.3828, 25.3401], [55.3828, 25.3402], [55.383, 25.3404], [55.383, 25.3407], [55.383, 25.3408], [55.3831, 25.341], [55.3831, 25.3412], [55.3832, 25.3413], [55.3832, 25.3414], [55.3833, 25.3415], [55.3835, 25.3423], [55.3835, 25.3424], [55.3836, 25.3426], [55.3836, 25.3427], [55.3837, 25.3429], [55.3838, 25.3433], [55.3839, 25.3434], [55.3838, 25.3435], [55.3838, 25.3436], [55.384, 25.3436], [55.384, 25.3443], [55.3839, 25.3448], [55.3839, 25.3451], [55.3833, 25.346], [55.3826, 25.3466], [55.3816, 25.3476], [55.3815, 25.3475], [55.3812, 25.347], [55.3811, 25.347], [55.3809, 25.3466], [55.381, 25.3465], [55.3809, 25.3463], [55.381, 25.3463], [55.3812, 25.3461], [55.3814, 25.3458], [55.3814, 25.3457], [55.3814, 25.3456], [55.3814, 25.3454], [55.3814, 25.3433], [55.3811, 25.3408], [55.3809, 25.3404], [55.3808, 25.3402], [55.3802, 25.3405], [55.3801, 25.3406], [55.3788, 25.3416], [55.378, 25.342], [55.3778, 25.3421], [55.3777, 25.3419], [55.3775, 25.3417], [55.3775, 25.3416], [55.3774, 25.3414], [55.3774, 25.3413], [55.3774, 25.3412], [55.3775, 25.3409], [55.3771, 25.3391], [55.3765, 25.337], [55.3763, 25.3358], [55.3765, 25.3337], [55.3765, 25.3335], [55.3772, 25.3336], [55.3772, 25.3337], [55.3772, 25.3338], [55.3771, 25.334], [55.3771, 25.3341], [55.3771, 25.3342], [55.3771, 25.3343], [55.3772, 25.3343], [55.3772, 25.3344], [55.3772, 25.3345], [55.3772, 25.3346], [55.3772, 25.3347], [55.3773, 25.3347], [55.3773, 25.3348], [55.3774, 25.3348], [55.3774, 25.3349], [55.3775, 25.3349], [55.3776, 25.3349], [55.3777, 25.3349], [55.3778, 25.3349], [55.3779, 25.3349], [55.378, 25.3348], [55.3781, 25.3348], [55.3781, 25.3347], [55.3781, 25.3346], [55.3781, 25.3345], [55.3782, 25.3344], [55.3782, 25.3343], [55.3783, 25.3343], [55.3784, 25.3342], [55.3785, 25.3341], [55.3786, 25.3341], [55.3787, 25.3341], [55.3788, 25.3341], [55.3789, 25.3341], [55.3792, 25.3341], [55.3793, 25.3341], [55.3794, 25.3341], [55.3795, 25.3341], [55.3796, 25.3341], [55.3797, 25.334], [55.3798, 25.334], [55.3798, 25.3339], [55.3799, 25.3339], [55.3799, 25.3338], [55.38, 25.3337], [55.38, 25.3336], [55.38, 25.3335], [55.38, 25.3334], [55.38, 25.3333], [55.38, 25.3332], [55.38, 25.3331], [55.3799, 25.3331], [55.3799, 25.333], [55.3798, 25.333], [55.3798, 25.3329], [55.3797, 25.3329], [55.3797, 25.3328], [55.3796, 25.3327], [55.3795, 25.3327], [55.3794, 25.3326], [55.3793, 25.3326], [55.3792, 25.3325], [55.3791, 25.3325], [55.379, 25.3325], [55.3789, 25.3324], [55.3788, 25.3324], [55.3787, 25.3324], [55.3786, 25.3323], [55.3785, 25.3323], [55.3784, 25.3323], [55.3783, 25.3323], [55.3782, 25.3323], [55.3781, 25.3323], [55.378, 25.3323], [55.3779, 25.3323], [55.3779, 25.3324], [55.3778, 25.3324], [55.3777, 25.3324], [55.3777, 25.3325], [55.3776, 25.3325], [55.3775, 25.3326], [55.3775, 25.3327], [55.3774, 25.3327], [55.3774, 25.3328], [55.3773, 25.3329], [55.3773, 25.333], [55.3773, 25.3331], [55.3765, 25.333], [55.3765, 25.3329], [55.3766, 25.3326], [55.3769, 25.3316], [55.3771, 25.331], [55.3772, 25.3307], [55.3774, 25.3304], [55.3775, 25.3299], [55.3782, 25.3288], [55.3794, 25.3273], [55.3807, 25.326], [55.3808, 25.3259], [55.3807, 25.3258], [55.3802, 25.3254], [55.3795, 25.3249], [55.3792, 25.3247], [55.3787, 25.3244], [55.3785, 25.3243], [55.378, 25.324], [55.3779, 25.324], [55.3778, 25.324], [55.3774, 25.3238], [55.3764, 25.3234], [55.3762, 25.3233], [55.3755, 25.323], [55.3744, 25.3226], [55.3739, 25.3225], [55.3738, 25.3224], [55.3736, 25.3224], [55.3735, 25.3225], [55.3733, 25.3226], [55.3732, 25.3227], [55.3732, 25.3228], [55.3735, 25.3228], [55.3735, 25.3229], [55.3735, 25.323], [55.3734, 25.323], [55.3735, 25.3231], [55.3735, 25.3232], [55.3735, 25.3233], [55.3735, 25.3236], [55.3735, 25.3237], [55.3735, 25.3238], [55.3735, 25.3239], [55.3731, 25.3243], [55.3724, 25.3252], [55.3714, 25.3257], [55.3705, 25.3262], [55.3696, 25.3263], [55.368, 25.3266], [55.3678, 25.3266], [55.3675, 25.3268], [55.3669, 25.3272], [55.3661, 25.3277], [55.3654, 25.3282], [55.3642, 25.3295], [55.363, 25.3303], [55.3607, 25.3306], [55.3593, 25.3303], [55.3582, 25.33], [55.3572, 25.3296], [55.3567, 25.3294], [55.3561, 25.3299], [55.3559, 25.3299], [55.3549, 25.3312], [55.3548, 25.3317], [55.3547, 25.3319], [55.3548, 25.3318], [55.355, 25.3318], [55.3551, 25.3316], [55.3555, 25.3317], [55.3558, 25.3318], [55.3566, 25.3325], [55.3566, 25.3326], [55.3567, 25.3327], [55.3567, 25.3329], [55.3568, 25.3331], [55.3569, 25.3332], [55.3569, 25.3333], [55.357, 25.3333], [55.357, 25.3334], [55.3571, 25.3335], [55.3572, 25.3336], [55.3572, 25.3337], [55.3572, 25.3338], [55.3572, 25.3339], [55.3573, 25.3339], [55.3574, 25.334], [55.3574, 25.3341], [55.3575, 25.3342], [55.3576, 25.3343], [55.3577, 25.3345], [55.3577, 25.3347], [55.3578, 25.3348], [55.3578, 25.3349], [55.3578, 25.335], [55.3579, 25.3351], [55.358, 25.3352], [55.358, 25.3353], [55.3582, 25.3355], [55.3582, 25.3356], [55.3582, 25.3357], [55.3583, 25.3358], [55.3584, 25.3359], [55.3585, 25.336], [55.3585, 25.3361], [55.3586, 25.3362], [55.3586, 25.3363], [55.3587, 25.3364], [55.3588, 25.3365], [55.3588, 25.3366], [55.3587, 25.3366], [55.3587, 25.3367], [55.3588, 25.3367], [55.3589, 25.3366], [55.359, 25.3366], [55.3591, 25.3366], [55.3592, 25.3367], [55.3592, 25.3368], [55.3593, 25.3368], [55.3593, 25.3369], [55.3593, 25.337], [55.3594, 25.3371], [55.3594, 25.3372], [55.3595, 25.3372], [55.3596, 25.3373], [55.3596, 25.3374], [55.3597, 25.3376], [55.3597, 25.3377], [55.3597, 25.3378], [55.3597, 25.3379], [55.3596, 25.3379], [55.3596, 25.338], [55.3598, 25.3379], [55.3599, 25.3379], [55.36, 25.3379], [55.3601, 25.3381], [55.3602, 25.3383], [55.3602, 25.3384], [55.3603, 25.3386], [55.3604, 25.3388], [55.3605, 25.3389], [55.3606, 25.3391], [55.3606, 25.3393], [55.3607, 25.3395], [55.3609, 25.3395], [55.361, 25.3396], [55.3611, 25.3399], [55.3612, 25.3402], [55.3613, 25.3404], [55.3614, 25.3405], [55.3614, 25.3406], [55.3615, 25.3407], [55.3616, 25.3408], [55.3615, 25.3409], [55.3614, 25.341], [55.3616, 25.3409], [55.3618, 25.3408], [55.3619, 25.3409], [55.362, 25.341], [55.3622, 25.3413], [55.3624, 25.3416], [55.3624, 25.3418], [55.3626, 25.3421], [55.3626, 25.3422], [55.3628, 25.3424], [55.3628, 25.3425], [55.3629, 25.3426], [55.3631, 25.3429], [55.3632, 25.3431], [55.3635, 25.3434], [55.3637, 25.3437], [55.3638, 25.3439], [55.364, 25.3442], [55.3641, 25.3445], [55.3642, 25.3446], [55.3644, 25.3448], [55.3645, 25.3449], [55.3645, 25.345], [55.3646, 25.3451], [55.3647, 25.3452], [55.3647, 25.3454], [55.3648, 25.3455], [55.3648, 25.3456], [55.365, 25.3458], [55.3651, 25.346], [55.3652, 25.3461], [55.3653, 25.3463], [55.3653, 25.3465], [55.3654, 25.3467], [55.3656, 25.347], [55.3658, 25.3472], [55.3658, 25.3473], [55.3658, 25.3475], [55.3658, 25.3476], [55.3659, 25.3477], [55.366, 25.3478], [55.3661, 25.348], [55.3662, 25.3482], [55.3664, 25.3484], [55.3664, 25.3485], [55.3665, 25.3486], [55.3666, 25.3488], [55.3667, 25.349], [55.3669, 25.3492], [55.3669, 25.3493], [55.367, 25.3497], [55.3671, 25.3499], [55.3673, 25.35], [55.3673, 25.3501], [55.3671, 25.3502], [55.3671, 25.3503], [55.3673, 25.3502], [55.3674, 25.3503], [55.3675, 25.3504], [55.3676, 25.3506], [55.3676, 25.3507], [55.3678, 25.3509], [55.3679, 25.3512], [55.368, 25.3513], [55.3681, 25.3516], [55.3685, 25.3524], [55.3686, 25.3526], [55.3683, 25.3527], [55.3679, 25.3531], [55.3676, 25.3546], [55.367, 25.3596], [55.367, 25.3602], [55.3668, 25.3613], [55.3665, 25.3631], [55.3665, 25.3632], [55.3665, 25.3633], [55.3666, 25.3634], [55.3667, 25.3638], [55.3668, 25.364], [55.3669, 25.3644], [55.3671, 25.3649], [55.3677, 25.3666], [55.3678, 25.3668], [55.3683, 25.3683], [55.3686, 25.369], [55.3687, 25.3695], [55.3688, 25.3697], [55.3689, 25.3697], [55.369, 25.3697], [55.369, 25.3696], [55.369, 25.3695], [55.3689, 25.3695], [55.3689, 25.3694], [55.3684, 25.368], [55.3679, 25.3666], [55.3678, 25.3662], [55.3676, 25.3658], [55.3675, 25.3654], [55.3674, 25.3651], [55.3674, 25.365], [55.3673, 25.365], [55.3673, 25.3649], [55.3673, 25.3648], [55.3672, 25.3648], [55.3672, 25.3647], [55.3673, 25.3646], [55.3672, 25.3646], [55.3672, 25.3645], [55.3671, 25.3645], [55.3671, 25.3644], [55.367, 25.3642], [55.367, 25.364], [55.3669, 25.3638], [55.3667, 25.3633], [55.3667, 25.3631], [55.3667, 25.363], [55.3667, 25.3629], [55.3668, 25.3624], [55.3669, 25.3618], [55.367, 25.3617], [55.3671, 25.3617], [55.3671, 25.3618], [55.3672, 25.3618], [55.3672, 25.3619], [55.3672, 25.362], [55.3678, 25.3617], [55.3679, 25.3619], [55.368, 25.3619], [55.3678, 25.3616], [55.3682, 25.3615], [55.3692, 25.3609], [55.3702, 25.3604], [55.3704, 25.3606], [55.3703, 25.3603], [55.3706, 25.3602], [55.3708, 25.3601], [55.3715, 25.3597], [55.3721, 25.3594], [55.3726, 25.36], [55.3728, 25.3603], [55.3733, 25.3612], [55.3736, 25.3615], [55.3741, 25.3623], [55.3744, 25.3628], [55.375, 25.3638], [55.3756, 25.3646], [55.3758, 25.3649], [55.3762, 25.3647], [55.377, 25.3643], [55.3772, 25.3642], [55.3777, 25.3639], [55.3778, 25.3642], [55.3779, 25.3642], [55.3785, 25.3639], [55.3789, 25.3643], [55.3799, 25.3652], [55.3805, 25.3657], [55.3809, 25.3661], [55.3817, 25.3668], [55.3824, 25.3675], [55.3825, 25.3676], [55.383, 25.368], [55.3839, 25.3688], [55.3848, 25.3696], [55.385, 25.3698], [55.3851, 25.3699], [55.3846, 25.3704], [55.3832, 25.3716], [55.3803, 25.3702], [55.3735, 25.3666], [55.3722, 25.3659], [55.3709, 25.367], [55.3708, 25.367], [55.3707, 25.3671], [55.3707, 25.3672], [55.3709, 25.3673], [55.372, 25.3679], [55.3722, 25.368], [55.3729, 25.3684], [55.3735, 25.3687], [55.374, 25.369], [55.3743, 25.3692], [55.3745, 25.3692], [55.3747, 25.3694], [55.3749, 25.3695], [55.3751, 25.3696], [55.3753, 25.3697], [55.3755, 25.3698], [55.3756, 25.3699], [55.3758, 25.37], [55.376, 25.3701], [55.3763, 25.3703], [55.3765, 25.3704], [55.3768, 25.3706], [55.377, 25.3707], [55.3772, 25.3707], [55.3774, 25.3708], [55.3776, 25.3709], [55.3777, 25.371], [55.3779, 25.3711], [55.3781, 25.3712], [55.3782, 25.3712], [55.3795, 25.372], [55.3808, 25.3727], [55.3809, 25.3728], [55.3815, 25.3731], [55.3821, 25.3734], [55.3825, 25.3736], [55.3827, 25.3738], [55.3829, 25.374], [55.3833, 25.3742], [55.3835, 25.3744], [55.3837, 25.3746], [55.384, 25.3749], [55.3846, 25.3755], [55.3847, 25.3757], [55.3853, 25.3764], [55.3856, 25.3767], [55.3866, 25.3778], [55.3866, 25.3779], [55.3872, 25.3785], [55.3874, 25.3787], [55.3877, 25.3791], [55.3879, 25.3794], [55.388, 25.3795], [55.3881, 25.3795], [55.3881, 25.3794], [55.3882, 25.3794], [55.3882, 25.3793], [55.3882, 25.3792], [55.3881, 25.3792], [55.388, 25.3792], [55.3878, 25.3789], [55.3869, 25.3779], [55.3868, 25.3778], [55.3867, 25.3777], [55.3864, 25.3774], [55.3863, 25.3772], [55.3858, 25.3767], [55.3856, 25.3765], [55.3856, 25.3764], [55.3853, 25.3761], [55.3851, 25.3759], [55.3849, 25.3757], [55.3848, 25.3755], [55.3846, 25.3754], [55.3844, 25.3751], [55.3843, 25.3749], [55.3841, 25.3748], [55.3846, 25.3744], [55.3855, 25.3742], [55.3871, 25.3737], [55.3871, 25.3736], [55.3875, 25.3735], [55.3885, 25.3734], [55.3885, 25.3739], [55.3885, 25.3741], [55.3885, 25.3743], [55.3886, 25.3743], [55.3886, 25.3736], [55.3886, 25.3734], [55.3886, 25.3726], [55.3886, 25.3724], [55.3886, 25.3722], [55.3885, 25.372], [55.3885, 25.3719], [55.3885, 25.3718], [55.3886, 25.3716], [55.3886, 25.3715], [55.3886, 25.3714], [55.3886, 25.3713], [55.3886, 25.3712], [55.3886, 25.3711], [55.3886, 25.3707], [55.3887, 25.3706], [55.3887, 25.3703], [55.3886, 25.3703], [55.3887, 25.3699], [55.3887, 25.3685], [55.3872, 25.3662], [55.3841, 25.3631], [55.3784, 25.3587], [55.3783, 25.3586], [55.3776, 25.3582], [55.377, 25.3563], [55.3764, 25.3546], [55.376, 25.353], [55.376, 25.3521], [55.3764, 25.3481], [55.377, 25.3429], [55.3771, 25.3425], [55.3771, 25.3424], [55.3778, 25.343], [55.3779, 25.3432], [55.3783, 25.3437], [55.378, 25.3443], [55.3778, 25.345], [55.3778, 25.3461], [55.3779, 25.3466], [55.3782, 25.3468], [55.3784, 25.3469], [55.3788, 25.3469], [55.3797, 25.3468], [55.3806, 25.3467], [55.3809, 25.3471], [55.3809, 25.3472], [55.3812, 25.3476], [55.3811, 25.3477], [55.3811, 25.3479], [55.3801, 25.3485], [55.3776, 25.3499], [55.3774, 25.3513], [55.3772, 25.3542], [55.3772, 25.3544], [55.3773, 25.3545], [55.3773, 25.3546], [55.3773, 25.3547], [55.3774, 25.355], [55.3775, 25.3552], [55.3777, 25.3559], [55.3778, 25.3561], [55.378, 25.3568], [55.378, 25.3569], [55.378, 25.357], [55.3781, 25.357], [55.3781, 25.3571], [55.3781, 25.3572], [55.3782, 25.3572], [55.3791, 25.3575], [55.3809, 25.3581], [55.3832, 25.3597], [55.3839, 25.3602], [55.3856, 25.3618], [55.3879, 25.3643], [55.3883, 25.3649], [55.3886, 25.3651], [55.3895, 25.3663], [55.3897, 25.3666], [55.3902, 25.3674], [55.3902, 25.3677], [55.3903, 25.3682], [55.3903, 25.3683], [55.3904, 25.3689], [55.3904, 25.3702], [55.3903, 25.3706], [55.3903, 25.3712], [55.3902, 25.372], [55.3901, 25.3728], [55.39, 25.3729], [55.39, 25.3733], [55.3899, 25.3737], [55.3899, 25.3738], [55.3899, 25.374], [55.3901, 25.3734], [55.3901, 25.3731], [55.3901, 25.373], [55.3902, 25.3729], [55.3903, 25.3724], [55.3904, 25.3725], [55.3905, 25.3725], [55.3906, 25.3725], [55.3909, 25.3725], [55.3911, 25.3726], [55.3912, 25.3727], [55.3914, 25.3728], [55.3917, 25.373], [55.3919, 25.3731], [55.3923, 25.3734], [55.3922, 25.3734], [55.3922, 25.3735], [55.3923, 25.3737], [55.3923, 25.3739], [55.3923, 25.374], [55.3923, 25.3741], [55.3922, 25.3743], [55.3921, 25.3744], [55.392, 25.3745], [55.3919, 25.3747], [55.3917, 25.3749], [55.3916, 25.3751], [55.3913, 25.3754], [55.391, 25.3758], [55.3908, 25.3761], [55.3903, 25.3768], [55.3898, 25.3775], [55.3898, 25.3774], [55.3897, 25.3775], [55.3897, 25.3776], [55.3897, 25.3777], [55.3898, 25.3777], [55.3899, 25.3777], [55.39, 25.3776], [55.39, 25.3775], [55.3901, 25.3775], [55.3904, 25.377], [55.3909, 25.3763], [55.3909, 25.3762], [55.3912, 25.3759], [55.3913, 25.3757], [55.3914, 25.3756], [55.3916, 25.3756], [55.3918, 25.3756], [55.392, 25.3756], [55.3923, 25.3757], [55.3929, 25.3761], [55.3932, 25.3762], [55.3932, 25.3763], [55.3934, 25.3765], [55.3932, 25.3768], [55.3932, 25.3769], [55.3933, 25.3768], [55.3934, 25.3769], [55.3935, 25.3769], [55.3936, 25.377], [55.3937, 25.3771], [55.3938, 25.3772], [55.394, 25.3773], [55.3941, 25.3774], [55.3941, 25.3775], [55.3942, 25.3775], [55.3943, 25.3776], [55.3944, 25.3776], [55.3945, 25.3777], [55.3949, 25.3781], [55.395, 25.3781], [55.3951, 25.3781], [55.3951, 25.378], [55.395, 25.378], [55.395, 25.3779], [55.3951, 25.3779], [55.3951, 25.3778], [55.3952, 25.3779], [55.3953, 25.3779], [55.3954, 25.378], [55.3955, 25.378], [55.3955, 25.3781], [55.3956, 25.3781], [55.3956, 25.3782], [55.3957, 25.3782], [55.3957, 25.3783], [55.3957, 25.3784], [55.3957, 25.3785], [55.3956, 25.3785], [55.3956, 25.3786], [55.3956, 25.3787], [55.3957, 25.3788], [55.3958, 25.3788], [55.3959, 25.3789], [55.3959, 25.379], [55.3961, 25.3791], [55.3962, 25.3792], [55.3964, 25.3794], [55.3969, 25.3798], [55.3975, 25.3802], [55.3977, 25.3803], [55.3977, 25.3804], [55.3978, 25.3804], [55.3979, 25.3805], [55.398, 25.3805], [55.3982, 25.3807], [55.3987, 25.381], [55.3988, 25.3811], [55.3989, 25.3811], [55.399, 25.3812], [55.3991, 25.3812], [55.3991, 25.3811], [55.399, 25.3811], [55.399, 25.381], [55.3989, 25.381], [55.3989, 25.3809], [55.399, 25.3809], [55.3991, 25.3808], [55.3993, 25.3808], [55.3994, 25.3808], [55.3995, 25.3809], [55.3996, 25.3809], [55.3997, 25.381], [55.3998, 25.381], [55.3999, 25.3811], [55.3999, 25.3812], [55.4, 25.3813], [55.4001, 25.3814], [55.4002, 25.3814], [55.4003, 25.3813], [55.4004, 25.3812], [55.4005, 25.3812], [55.4006, 25.3812], [55.4007, 25.3812], [55.4008, 25.3812], [55.4009, 25.3813], [55.4012, 25.3814], [55.4014, 25.3816], [55.4015, 25.3818], [55.4017, 25.382], [55.4017, 25.3822], [55.4018, 25.3824], [55.4019, 25.3825], [55.4019, 25.3826], [55.4019, 25.3827], [55.402, 25.3829], [55.4023, 25.3832], [55.4024, 25.3832], [55.4024, 25.3831], [55.4023, 25.383], [55.4022, 25.3829], [55.4023, 25.3828], [55.4025, 25.3827], [55.4026, 25.3827], [55.4027, 25.3827], [55.4029, 25.3827], [55.403, 25.3828], [55.4031, 25.3829], [55.4032, 25.3829], [55.4037, 25.3834], [55.4039, 25.3835], [55.4042, 25.3839], [55.4042, 25.3841], [55.4045, 25.3843], [55.4046, 25.3844], [55.4046, 25.3843], [55.4047, 25.3843], [55.4048, 25.3844], [55.4049, 25.3844], [55.4052, 25.3847], [55.4053, 25.3848], [55.4054, 25.3849], [55.4055, 25.3849], [55.4055, 25.385], [55.4056, 25.385], [55.406, 25.3854], [55.4062, 25.3854], [55.4062, 25.3855], [55.4063, 25.3855], [55.4063, 25.3856], [55.4065, 25.3857], [55.4075, 25.3866], [55.4076, 25.3867], [55.4076, 25.3868], [55.4078, 25.3869], [55.4079, 25.3871], [55.408, 25.3871], [55.4081, 25.3872], [55.4082, 25.3873], [55.4083, 25.3874], [55.4084, 25.3875], [55.4084, 25.3876], [55.4085, 25.3876], [55.4086, 25.3876], [55.4087, 25.3877], [55.409, 25.388], [55.4094, 25.3882], [55.4094, 25.3883], [55.4095, 25.3884], [55.4096, 25.3885], [55.4097, 25.3886], [55.4098, 25.3887], [55.4099, 25.3888], [55.4101, 25.3888], [55.4102, 25.3889], [55.4102, 25.389], [55.4102, 25.3891], [55.4102, 25.3892], [55.4102, 25.3893], [55.4102, 25.3894], [55.41, 25.3896], [55.4097, 25.3899], [55.4097, 25.39], [55.4098, 25.3901], [55.4098, 25.39], [55.4099, 25.3899], [55.4099, 25.3898], [55.41, 25.3897], [55.4101, 25.3896], [55.4102, 25.3895], [55.4103, 25.3895], [55.4104, 25.3896], [55.4108, 25.39], [55.4114, 25.3906], [55.4116, 25.3909], [55.4118, 25.3911], [55.4119, 25.3912], [55.412, 25.3913], [55.4121, 25.3913], [55.4122, 25.3913], [55.4122, 25.3912], [55.4122, 25.3911], [55.4121, 25.391], [55.412, 25.3909], [55.4118, 25.3909], [55.4112, 25.3903], [55.411, 25.39], [55.4108, 25.3898], [55.4108, 25.3895], [55.4107, 25.3893], [55.4105, 25.3892], [55.4104, 25.3891], [55.4104, 25.3889], [55.4105, 25.3883], [55.4107, 25.3884], [55.4109, 25.3883], [55.4112, 25.3883], [55.4114, 25.3883], [55.4116, 25.3883], [55.4118, 25.3884], [55.4119, 25.3885], [55.412, 25.3885], [55.4121, 25.3885], [55.4123, 25.3886], [55.4124, 25.3886], [55.4125, 25.3886], [55.4126, 25.3886], [55.4127, 25.3887], [55.4129, 25.3888], [55.413, 25.3889], [55.4131, 25.3889], [55.4132, 25.389], [55.4133, 25.389], [55.4134, 25.3891], [55.4135, 25.3891], [55.4136, 25.3891], [55.4137, 25.3892], [55.4138, 25.3892], [55.4139, 25.3893], [55.414, 25.3894], [55.414, 25.3895], [55.4139, 25.3895], [55.4139, 25.3896], [55.4138, 25.3896], [55.4137, 25.3896], [55.4137, 25.3897], [55.4136, 25.3897], [55.4135, 25.3898], [55.4135, 25.3899], [55.4137, 25.3898], [55.4138, 25.3897], [55.4139, 25.3897], [55.4141, 25.3897], [55.4141, 25.3898], [55.4142, 25.3898], [55.4146, 25.39], [55.4147, 25.3901], [55.4148, 25.3901], [55.4149, 25.3902], [55.4151, 25.3903], [55.4152, 25.3903], [55.4153, 25.3904], [55.4155, 25.3905], [55.4156, 25.3906], [55.4157, 25.3908], [55.4158, 25.3909], [55.4158, 25.391], [55.4157, 25.3911], [55.4157, 25.3912], [55.4159, 25.3916], [55.416, 25.3917], [55.4159, 25.3915], [55.416, 25.3915], [55.4161, 25.3914], [55.4162, 25.3914], [55.4163, 25.3914], [55.4164, 25.3914], [55.4165, 25.3914], [55.4166, 25.3914], [55.4167, 25.3915], [55.4168, 25.3916], [55.4169, 25.3917], [55.4169, 25.3918], [55.4168, 25.3918], [55.4168, 25.3919], [55.4167, 25.3918], [55.4167, 25.3919], [55.4169, 25.392], [55.4169, 25.3919], [55.417, 25.3919], [55.4171, 25.3919], [55.4171, 25.392], [55.4172, 25.392], [55.4172, 25.3921], [55.4173, 25.3922], [55.4173, 25.3923], [55.4173, 25.3924], [55.4172, 25.3925], [55.4171, 25.3925], [55.417, 25.3924], [55.417, 25.3925], [55.4175, 25.393], [55.4176, 25.3929], [55.4174, 25.3927], [55.4176, 25.3925], [55.4177, 25.3925], [55.4178, 25.3925], [55.4178, 25.3924], [55.4179, 25.3924], [55.418, 25.3924], [55.4182, 25.3925], [55.4183, 25.3926], [55.4184, 25.3927], [55.4185, 25.3928], [55.4186, 25.3928], [55.4187, 25.393], [55.4188, 25.3931], [55.4189, 25.3932], [55.419, 25.3934], [55.4189, 25.3934], [55.4189, 25.3935], [55.4188, 25.3935], [55.4188, 25.3936], [55.419, 25.3935], [55.4191, 25.3934], [55.4192, 25.3934], [55.4193, 25.3935], [55.4194, 25.3936], [55.4195, 25.3937], [55.4197, 25.3938], [55.4197, 25.3939], [55.4198, 25.3941], [55.4198, 25.3942], [55.4199, 25.3943], [55.42, 25.3944], [55.4201, 25.3945], [55.4202, 25.3947], [55.4201, 25.3947], [55.42, 25.3948], [55.4199, 25.3949], [55.4203, 25.3947], [55.4203, 25.3948], [55.4204, 25.3948], [55.4205, 25.3949], [55.4206, 25.395], [55.4206, 25.3951], [55.4207, 25.3952], [55.4209, 25.3954], [55.421, 25.3955], [55.421, 25.3956], [55.4211, 25.3956], [55.4212, 25.3957], [55.4212, 25.3958], [55.4213, 25.3959], [55.4213, 25.396], [55.4214, 25.3961], [55.4215, 25.3961], [55.4215, 25.3962], [55.4216, 25.3962], [55.4217, 25.3963], [55.4218, 25.3964], [55.4219, 25.3964], [55.4219, 25.3965], [55.422, 25.3966], [55.422, 25.3967], [55.4221, 25.3967], [55.4221, 25.3968], [55.4221, 25.3969], [55.4222, 25.3969], [55.4223, 25.397], [55.4223, 25.3971], [55.4223, 25.3972], [55.4222, 25.3973], [55.4221, 25.3973], [55.422, 25.3974], [55.422, 25.3975], [55.4222, 25.3974], [55.4223, 25.3973], [55.4224, 25.3972], [55.4225, 25.3973], [55.4226, 25.3974], [55.4227, 25.3975], [55.4227, 25.3976], [55.4228, 25.3976], [55.4229, 25.3977], [55.4229, 25.3978], [55.423, 25.3979], [55.423, 25.398], [55.4231, 25.398], [55.4231, 25.3981], [55.4232, 25.3981], [55.4232, 25.3983], [55.4233, 25.3984], [55.4234, 25.3985], [55.4235, 25.3987], [55.4234, 25.3989], [55.4235, 25.3989], [55.4237, 25.3989], [55.424, 25.3988], [55.4246, 25.3994], [55.4252, 25.3999], [55.4258, 25.4004], [55.4273, 25.4028], [55.4289, 25.405], [55.4309, 25.4078], [55.4313, 25.4082], [55.4327, 25.4103], [55.433, 25.411], [55.433, 25.4111], [55.4315, 25.4118], [55.4318, 25.4124], [55.4323, 25.4127], [55.4331, 25.4138], [55.434, 25.4148], [55.4349, 25.4155], [55.4356, 25.416], [55.4367, 25.4153], [55.4368, 25.4155], [55.4373, 25.4166], [55.4377, 25.4173], [55.438, 25.4179], [55.4379, 25.4183], [55.4382, 25.4188], [55.4382, 25.4189], [55.4382, 25.4197], [55.4389, 25.4195], [55.4403, 25.4217], [55.4413, 25.4233], [55.4419, 25.4247], [55.4419, 25.4251], [55.4423, 25.4259], [55.4424, 25.4293], [55.4424, 25.4308], [55.4425, 25.4295], [55.4426, 25.4263], [55.4435, 25.4249], [55.4458, 25.4229], [55.4458, 25.4225], [55.4462, 25.4224], [55.4464, 25.4222], [55.4467, 25.422], [55.4467, 25.4216], [55.4463, 25.4214], [55.4461, 25.4214], [55.4457, 25.4212], [55.4454, 25.421], [55.4452, 25.421], [55.4446, 25.4204], [55.444, 25.4193], [55.4448, 25.4192], [55.4464, 25.4203], [55.4467, 25.4206], [55.4472, 25.4212], [55.4485, 25.4222], [55.4499, 25.4232], [55.4512, 25.4236], [55.4523, 25.4236], [55.4537, 25.4233], [55.4552, 25.423], [55.4561, 25.4222], [55.4565, 25.4217], [55.4564, 25.4208], [55.4556, 25.4143], [55.4552, 25.4109], [55.4539, 25.4004], [55.4541, 25.3999], [55.4543, 25.3998], [55.4543, 25.3991], [55.4548, 25.3981], [55.4559, 25.3972], [55.4567, 25.397], [55.4576, 25.3967], [55.4598, 25.3965], [55.4671, 25.3953], [55.4672, 25.3966], [55.4671, 25.3966], [55.4674, 25.3979], [55.4626, 25.3983], [55.4605, 25.3987], [55.4573, 25.3993], [55.4568, 25.3997], [55.4564, 25.4008], [55.4564, 25.402], [55.4567, 25.403], [55.4574, 25.4041], [55.4586, 25.4056], [55.4614, 25.407], [55.4605, 25.4085], [55.4589, 25.408], [55.4578, 25.408], [55.4566, 25.409], [55.4566, 25.4132], [55.457, 25.415], [55.4573, 25.4156], [55.4579, 25.4161], [55.4584, 25.4164], [55.4594, 25.4165], [55.4601, 25.4164], [55.4608, 25.416], [55.4613, 25.4155], [55.4615, 25.4153], [55.4621, 25.4142], [55.4621, 25.414], [55.4622, 25.4123], [55.4619, 25.4101], [55.4637, 25.41], [55.4642, 25.4113], [55.464, 25.4125], [55.4636, 25.4137], [55.4633, 25.415], [55.4627, 25.4159], [55.4616, 25.4172], [55.4591, 25.4193], [55.4585, 25.4202], [55.4588, 25.4214], [55.4593, 25.4223], [55.4602, 25.4231], [55.4617, 25.4238], [55.4674, 25.4263], [55.4683, 25.4266], [55.4697, 25.4265], [55.4706, 25.4262], [55.4751, 25.4237], [55.4827, 25.4194], [55.4835, 25.4197], [55.4851, 25.4189], [55.4858, 25.4186], [55.486, 25.4187], [55.4867, 25.4189], [55.4838, 25.4204], [55.4838, 25.4208], [55.4731, 25.4264], [55.4725, 25.4273], [55.4725, 25.4284], [55.4729, 25.429], [55.474, 25.4304], [55.4746, 25.4304], [55.4763, 25.4292], [55.4762, 25.4272], [55.479, 25.4256], [55.4816, 25.4249], [55.4829, 25.4241], [55.4859, 25.4227], [55.4863, 25.4238], [55.4875, 25.4258], [55.4887, 25.4258], [55.4909, 25.4256], [55.4921, 25.4249], [55.4941, 25.4248], [55.4946, 25.4247], [55.4969, 25.4259], [55.4978, 25.4264], [55.4972, 25.4275], [55.4956, 25.4284], [55.4938, 25.429], [55.4926, 25.4298], [55.4917, 25.4303], [55.4887, 25.4309], [55.4862, 25.431], [55.4852, 25.4315], [55.4836, 25.4321], [55.4828, 25.4326], [55.4809, 25.4334], [55.4799, 25.4344], [55.479, 25.4354], [55.4784, 25.4366], [55.4764, 25.4369], [55.4751, 25.4364], [55.4741, 25.436], [55.4736, 25.4351], [55.4735, 25.435], [55.4727, 25.4345], [55.471, 25.4329], [55.4708, 25.4327], [55.4703, 25.4325], [55.4702, 25.4327], [55.4702, 25.4333], [55.4691, 25.4332], [55.4694, 25.4326], [55.4695, 25.4319], [55.4694, 25.4321], [55.4676, 25.4297], [55.4672, 25.4289], [55.4586, 25.4253], [55.4575, 25.4247], [55.4544, 25.4254], [55.4543, 25.4254], [55.4542, 25.4254], [55.4522, 25.4259], [55.4513, 25.4259], [55.4504, 25.4256], [55.4494, 25.4252], [55.4486, 25.4246], [55.4473, 25.4243], [55.4461, 25.4246], [55.445, 25.4255], [55.4442, 25.4268], [55.444, 25.4275], [55.4441, 25.4301], [55.4442, 25.4301], [55.4442, 25.4285], [55.4444, 25.4271], [55.4449, 25.4262], [55.4456, 25.4256], [55.4471, 25.4253], [55.4488, 25.4255], [55.4509, 25.4266], [55.4532, 25.4287], [55.4606, 25.4367], [55.4629, 25.439], [55.466, 25.4429], [55.4704, 25.4493], [55.4708, 25.4491], [55.4718, 25.4504], [55.472, 25.4506], [55.4716, 25.4508], [55.4724, 25.4513], [55.4725, 25.4514], [55.4735, 25.452], [55.4742, 25.4531], [55.4754, 25.4546], [55.4763, 25.4559], [55.4768, 25.457], [55.4769, 25.4579], [55.4769, 25.458], [55.4772, 25.4585], [55.4776, 25.4593], [55.4767, 25.4597], [55.4743, 25.4609], [55.4744, 25.4616], [55.4746, 25.4615], [55.475, 25.4616], [55.4753, 25.4627], [55.4752, 25.4629], [55.4747, 25.4629], [55.4736, 25.4621], [55.4734, 25.4618], [55.4734, 25.4614], [55.4732, 25.4616], [55.4736, 25.4623], [55.4748, 25.4633], [55.4747, 25.4634], [55.4749, 25.4637], [55.4761, 25.4701], [55.4777, 25.478], [55.4778, 25.478], [55.4768, 25.4728], [55.4768, 25.4726], [55.477, 25.4725], [55.4769, 25.472], [55.4774, 25.4719], [55.4773, 25.4718], [55.4768, 25.4718], [55.4764, 25.4699], [55.4771, 25.4685], [55.4772, 25.4683], [55.4772, 25.4684], [55.4792, 25.4674], [55.4794, 25.4675], [55.4821, 25.4663], [55.4826, 25.4661], [55.4828, 25.4664], [55.4826, 25.4667], [55.483, 25.4673], [55.4826, 25.4675], [55.4834, 25.4687], [55.4836, 25.469], [55.4838, 25.4693], [55.4841, 25.4698], [55.4845, 25.4704], [55.485, 25.4712], [55.4855, 25.472], [55.4859, 25.4725], [55.4851, 25.4731], [55.4809, 25.4753], [55.4816, 25.4756], [55.4821, 25.4758], [55.4822, 25.4759], [55.4837, 25.4763], [55.4851, 25.4763], [55.4853, 25.4762], [55.4857, 25.4766], [55.4859, 25.4765], [55.4895, 25.4821], [55.4892, 25.4827], [55.4891, 25.4829], [55.4891, 25.4831], [55.489, 25.4831], [55.4891, 25.4832], [55.4892, 25.4833], [55.4893, 25.4832], [55.4893, 25.4831], [55.4896, 25.4822], [55.4899, 25.4815], [55.4905, 25.4802], [55.4909, 25.4792], [55.4914, 25.4781], [55.4918, 25.4773], [55.4918, 25.4772], [55.4931, 25.4742], [55.4934, 25.4736], [55.4942, 25.4719], [55.4941, 25.4719], [55.4946, 25.4708], [55.4947, 25.4708], [55.4948, 25.4707], [55.4951, 25.4706], [55.4952, 25.4705], [55.4951, 25.4704], [55.495, 25.4704], [55.4949, 25.4704], [55.4948, 25.4704], [55.495, 25.47], [55.4965, 25.4693], [55.4976, 25.4688], [55.5072, 25.4638], [55.5116, 25.4705], [55.5102, 25.4712], [55.5066, 25.4664], [55.5029, 25.4686], [55.505, 25.4718], [55.5031, 25.4727], [55.5011, 25.4698], [55.5009, 25.4697], [55.4962, 25.4722], [55.4958, 25.4725], [55.4952, 25.4741], [55.4951, 25.4744], [55.492, 25.4816], [55.4949, 25.4751], [55.4952, 25.4748], [55.4953, 25.4748], [55.4954, 25.4748], [55.4955, 25.4747], [55.4957, 25.4747], [55.4958, 25.4746], [55.4959, 25.4746], [55.496, 25.4745], [55.4961, 25.4745], [55.4962, 25.4745], [55.4962, 25.4744], [55.4962, 25.4743], [55.4966, 25.4742], [55.4969, 25.4742], [55.4986, 25.4744], [55.5002, 25.4757], [55.502, 25.4773], [55.5046, 25.4785], [55.5073, 25.479], [55.5105, 25.4788], [55.5126, 25.4779], [55.5144, 25.4764], [55.5147, 25.4761], [55.5152, 25.4752], [55.5157, 25.4745], [55.516, 25.4732], [55.516, 25.4726], [55.5161, 25.4723], [55.5168, 25.4718], [55.5163, 25.4711], [55.5172, 25.4704], [55.5176, 25.4702], [55.5181, 25.4699], [55.5189, 25.4711], [55.5176, 25.472], [55.5176, 25.4721], [55.5177, 25.4722], [55.5176, 25.4724], [55.5176, 25.4725], [55.5174, 25.4734], [55.5173, 25.4738], [55.5173, 25.4741], [55.5172, 25.4743], [55.5171, 25.4747], [55.517, 25.4749], [55.5168, 25.4753], [55.516, 25.4765], [55.5146, 25.478], [55.513, 25.4791], [55.5101, 25.4801], [55.5069, 25.4805], [55.5043, 25.4799], [55.5017, 25.4789], [55.4993, 25.477], [55.4977, 25.4762], [55.4963, 25.4764], [55.4961, 25.4764], [55.496, 25.4763], [55.4959, 25.4763], [55.4944, 25.4801], [55.4939, 25.4807], [55.4941, 25.4807], [55.4943, 25.4803], [55.4958, 25.481], [55.4958, 25.4813], [55.4958, 25.4814], [55.496, 25.4814], [55.4973, 25.4827], [55.4983, 25.4841], [55.4995, 25.4857], [55.5008, 25.4875], [55.5015, 25.4889], [55.5024, 25.4904], [55.5028, 25.4904], [55.5034, 25.4919], [55.5037, 25.4918], [55.5046, 25.4936], [55.5049, 25.4935], [55.5058, 25.496], [55.506, 25.4963], [55.5061, 25.4963], [55.5061, 25.4965], [55.5062, 25.4966], [55.5062, 25.4967], [55.5063, 25.4968], [55.5063, 25.4969], [55.5064, 25.497], [55.5054, 25.4972], [55.5038, 25.4982], [55.5039, 25.4983], [55.5055, 25.4976], [55.5055, 25.4982], [55.5054, 25.4992], [55.5049, 25.5002], [55.5039, 25.5001], [55.5035, 25.4997], [55.5033, 25.4997], [55.5038, 25.5003], [55.5078, 25.5007], [55.5076, 25.5018], [55.5006, 25.5011], [55.5066, 25.51], [55.5068, 25.5099], [55.5065, 25.509], [55.506, 25.5075], [55.5055, 25.5052], [55.5055, 25.5036], [55.5054, 25.5037], [55.5054, 25.5053], [55.5059, 25.5076], [55.5064, 25.5092], [55.5064, 25.5093], [55.501, 25.5014], [55.5045, 25.5016], [55.5045, 25.5018], [55.5057, 25.5018], [55.5072, 25.5021], [55.5072, 25.5034], [55.5073, 25.5051], [55.5077, 25.5073], [55.5082, 25.5088], [55.5099, 25.5079], [55.5094, 25.5067], [55.5089, 25.5044], [55.5089, 25.5031], [55.5092, 25.503], [55.5093, 25.5027], [55.509, 25.5026], [55.509, 25.502], [55.5081, 25.5018], [55.5083, 25.5007], [55.5088, 25.5007], [55.5089, 25.5008], [55.5089, 25.5009], [55.5092, 25.4999], [55.5094, 25.4991], [55.5106, 25.4975], [55.5116, 25.4967], [55.5137, 25.4956], [55.5158, 25.4953], [55.5179, 25.4954], [55.5197, 25.4962], [55.5212, 25.4971], [55.5227, 25.4987], [55.5221, 25.4993], [55.5217, 25.499], [55.5208, 25.4982], [55.5193, 25.4975], [55.5181, 25.4968], [55.5168, 25.4965], [55.5147, 25.4966], [55.5133, 25.4971], [55.5119, 25.4979], [55.5111, 25.499], [55.5107, 25.4996], [55.5111, 25.5002], [55.5115, 25.4999], [55.5116, 25.4995], [55.5123, 25.4987], [55.5133, 25.4981], [55.5145, 25.4976], [55.5158, 25.4973], [55.5171, 25.4975], [55.5185, 25.498], [55.5195, 25.4987], [55.5204, 25.4995], [55.521, 25.5002], [55.52, 25.5006], [55.5193, 25.5001], [55.5185, 25.4993], [55.5175, 25.4989], [55.5176, 25.4997], [55.518, 25.501], [55.5185, 25.502], [55.5176, 25.5025], [55.5171, 25.5019], [55.5167, 25.5009], [55.5162, 25.5013], [55.5156, 25.5019], [55.5146, 25.5022], [55.5134, 25.5025], [55.5121, 25.5024], [55.5109, 25.5018], [55.5102, 25.5012], [55.51, 25.5025], [55.51, 25.5028], [55.5096, 25.5027], [55.5096, 25.5031], [55.5099, 25.5031], [55.51, 25.5049], [55.5104, 25.5066], [55.5107, 25.5074], [55.5111, 25.5071], [55.5114, 25.5075], [55.5115, 25.508], [55.5111, 25.5079], [55.5112, 25.5086], [55.512, 25.51], [55.5125, 25.5106], [55.5129, 25.51], [55.5135, 25.5091], [55.5137, 25.509], [55.5143, 25.5084], [55.5151, 25.5078], [55.5157, 25.507], [55.5161, 25.5063], [55.5163, 25.5057], [55.5174, 25.5051], [55.5186, 25.5046], [55.5196, 25.5046], [55.519, 25.5042], [55.5184, 25.5037], [55.5181, 25.5031], [55.5187, 25.5026], [55.5196, 25.5034], [55.5213, 25.5045], [55.5229, 25.505], [55.524, 25.5051], [55.5251, 25.5049], [55.5258, 25.5044], [55.5258, 25.5041], [55.5251, 25.5041], [55.5245, 25.504], [55.5232, 25.5036], [55.5219, 25.5027], [55.5209, 25.5017], [55.5206, 25.5012], [55.5213, 25.5006], [55.5224, 25.5018], [55.5236, 25.5025], [55.5252, 25.5029], [55.5266, 25.503], [55.5268, 25.5029], [55.5268, 25.5011], [55.5262, 25.5012], [55.5251, 25.5012], [55.524, 25.501], [55.5232, 25.5006], [55.5224, 25.5001], [55.5232, 25.4994], [55.5243, 25.5], [55.5253, 25.5003], [55.5265, 25.5], [55.5273, 25.4995], [55.5278, 25.4985], [55.5285, 25.4973], [55.5298, 25.496], [55.5308, 25.495], [55.5326, 25.4939], [55.5339, 25.4939], [55.5349, 25.4942], [55.5357, 25.495], [55.5361, 25.4962], [55.5359, 25.4982], [55.5354, 25.5], [55.5349, 25.5011], [55.534, 25.5024], [55.5337, 25.5028], [55.5332, 25.5035], [55.5327, 25.5041], [55.5321, 25.5045], [55.5314, 25.5052], [55.5309, 25.5057], [55.5305, 25.5061], [55.529, 25.5049], [55.5289, 25.5046], [55.5298, 25.5043], [55.5301, 25.5045], [55.5306, 25.5044], [55.5316, 25.5037], [55.5327, 25.5025], [55.5338, 25.5011], [55.5345, 25.4997], [55.5349, 25.4979], [55.5351, 25.4968], [55.5351, 25.4957], [55.535, 25.4955], [55.5346, 25.4954], [55.5343, 25.4956], [55.5336, 25.497], [55.533, 25.4977], [55.5327, 25.4987], [55.5322, 25.4999], [55.5317, 25.5008], [55.5311, 25.5016], [55.5304, 25.5024], [55.53, 25.5027], [55.5297, 25.5035], [55.5296, 25.504], [55.5292, 25.504], [55.5292, 25.5041], [55.5289, 25.5041], [55.5289, 25.5036], [55.5291, 25.5027], [55.5296, 25.5018], [55.53, 25.5003], [55.5306, 25.4992], [55.5315, 25.4981], [55.5322, 25.4974], [55.533, 25.4961], [55.5336, 25.495], [55.5335, 25.4947], [55.5329, 25.4946], [55.5321, 25.4952], [55.5308, 25.4961], [55.5296, 25.4975], [55.5287, 25.499], [55.528, 25.5012], [55.5276, 25.503], [55.5271, 25.5042], [55.5263, 25.5051], [55.5253, 25.5056], [55.5243, 25.5059], [55.5229, 25.506], [55.5213, 25.5057], [55.5202, 25.5056], [55.5193, 25.5056], [55.5182, 25.5058], [55.5174, 25.5062], [55.517, 25.5069], [55.5169, 25.5074], [55.5171, 25.5078], [55.5175, 25.508], [55.518, 25.5082], [55.5184, 25.5078], [55.5186, 25.5072], [55.5197, 25.5069], [55.5207, 25.5069], [55.5218, 25.5072], [55.523, 25.5075], [55.5243, 25.5077], [55.5256, 25.5077], [55.5263, 25.5074], [55.5271, 25.5068], [55.5279, 25.5065], [55.5284, 25.506], [55.5291, 25.5054], [55.5301, 25.5064], [55.5294, 25.5071], [55.5258, 25.5105], [55.5242, 25.5118], [55.523, 25.5121], [55.5222, 25.5122], [55.5221, 25.5118], [55.5222, 25.5112], [55.5229, 25.5111], [55.5241, 25.5106], [55.5252, 25.5099], [55.5258, 25.5092], [55.5261, 25.5088], [55.5256, 25.5084], [55.5249, 25.5089], [55.5241, 25.5092], [55.5232, 25.5094], [55.5218, 25.5092], [55.521, 25.5089], [55.5202, 25.5083], [55.5195, 25.5081], [55.5191, 25.5083], [55.5188, 25.5087], [55.5189, 25.5091], [55.5192, 25.5095], [55.5196, 25.5099], [55.5201, 25.5105], [55.5213, 25.511], [55.522, 25.5113], [55.5219, 25.5118], [55.5218, 25.5122], [55.5213, 25.5121], [55.5204, 25.5118], [55.5194, 25.5111], [55.5182, 25.5098], [55.5173, 25.509], [55.5164, 25.5086], [55.5155, 25.5089], [55.5152, 25.5091], [55.5149, 25.5095], [55.5146, 25.5101], [55.5145, 25.5102], [55.5143, 25.5105], [55.5138, 25.5113], [55.5137, 25.512], [55.5135, 25.5129], [55.5138, 25.512], [55.5141, 25.5116], [55.5148, 25.5112], [55.5153, 25.5113], [55.5155, 25.5115], [55.5156, 25.5117], [55.5156, 25.5119], [55.5157, 25.512], [55.5159, 25.5122], [55.5159, 25.5124], [55.516, 25.5125], [55.5162, 25.5126], [55.5163, 25.5127], [55.5164, 25.5127], [55.5166, 25.5129], [55.5167, 25.5131], [55.5168, 25.5134], [55.5169, 25.5134], [55.5169, 25.5135], [55.5169, 25.5136], [55.517, 25.5136], [55.5171, 25.5139], [55.5172, 25.514], [55.5173, 25.5141], [55.5174, 25.5142], [55.5174, 25.5143], [55.5175, 25.5144], [55.5176, 25.5146], [55.5177, 25.5148], [55.5177, 25.5149], [55.5178, 25.515], [55.5178, 25.5151], [55.5179, 25.5151], [55.5179, 25.5152], [55.518, 25.5153], [55.518, 25.5154], [55.5181, 25.5155], [55.5183, 25.5158], [55.5184, 25.5158], [55.5185, 25.516], [55.5185, 25.5161], [55.5187, 25.5164], [55.5189, 25.5166], [55.519, 25.5167], [55.519, 25.5169], [55.5192, 25.517], [55.5192, 25.5171], [55.5194, 25.5175], [55.5195, 25.5177], [55.5196, 25.5179], [55.5197, 25.5182], [55.5198, 25.5185], [55.5198, 25.5186], [55.5199, 25.5187], [55.521, 25.5199], [55.5212, 25.5197], [55.5215, 25.5203], [55.5221, 25.5211], [55.5228, 25.5222], [55.5231, 25.5227], [55.5235, 25.5232], [55.5237, 25.5236], [55.5238, 25.5239], [55.524, 25.5243], [55.5241, 25.5245], [55.5242, 25.5247], [55.5243, 25.525], [55.5251, 25.5259], [55.5263, 25.5281], [55.5265, 25.5286], [55.5267, 25.5288], [55.5273, 25.5298], [55.5276, 25.5304], [55.5278, 25.5306], [55.5277, 25.5308], [55.528, 25.5313], [55.5282, 25.5314], [55.5283, 25.5316], [55.5282, 25.5318], [55.5285, 25.5321], [55.5286, 25.5324], [55.5291, 25.5332], [55.5293, 25.5336], [55.5293, 25.5337], [55.5295, 25.5339], [55.5297, 25.5341], [55.5299, 25.5345], [55.5301, 25.5349], [55.5301, 25.5352], [55.5309, 25.5362], [55.5313, 25.5366], [55.5316, 25.5378], [55.532, 25.5383], [55.5322, 25.5389], [55.5326, 25.5393], [55.5331, 25.5404], [55.5334, 25.541], [55.5335, 25.5413], [55.5337, 25.5416], [55.534, 25.542], [55.5342, 25.5423], [55.5351, 25.544], [55.5352, 25.5448], [55.5355, 25.5454], [55.5358, 25.5457], [55.5359, 25.5465], [55.5363, 25.5473], [55.5383, 25.5526], [55.5385, 25.5539], [55.5392, 25.5563], [55.5394, 25.5563], [55.5388, 25.554], [55.5392, 25.5535], [55.5398, 25.5536], [55.5406, 25.5551], [55.5397, 25.5555], [55.5398, 25.5556], [55.5405, 25.5554], [55.5415, 25.5562], [55.5418, 25.5567], [55.542, 25.557], [55.5414, 25.5573], [55.5415, 25.5575], [55.5421, 25.5572], [55.5424, 25.5576], [55.5424, 25.5578], [55.5416, 25.5583], [55.5416, 25.5584], [55.5425, 25.5581], [55.5433, 25.5595], [55.5425, 25.5598], [55.5426, 25.56], [55.5433, 25.5597], [55.5445, 25.5621], [55.544, 25.5624], [55.544, 25.5626], [55.5448, 25.5622], [55.5458, 25.564], [55.5464, 25.5655], [55.5517, 25.5756], [55.553, 25.5777], [55.556, 25.5827], [55.5576, 25.5853], [55.558, 25.5857], [55.5606, 25.5868], [55.5616, 25.5872], [55.5624, 25.5876], [55.5635, 25.5882], [55.5666, 25.5902], [55.5671, 25.591], [55.5674, 25.5906], [55.5683, 25.5913], [55.5696, 25.5921], [55.5699, 25.592], [55.5706, 25.5921], [55.5713, 25.5927], [55.5718, 25.5936], [55.5725, 25.5937], [55.5732, 25.5941], [55.5743, 25.5955], [55.5749, 25.5959], [55.5759, 25.597], [55.5766, 25.5979], [55.5772, 25.5988], [55.578, 25.6], [55.5787, 25.6018], [55.5801, 25.6048], [55.5794, 25.608], [55.5782, 25.6097], [55.5784, 25.6099], [55.5796, 25.6082], [55.581, 25.6023], [55.582, 25.5982], [55.5816, 25.5914], [55.5826, 25.5907], [55.5816, 25.5866], [55.5801, 25.5842], [55.5799, 25.5837], [55.579, 25.5828], [55.5761, 25.5814], [55.5708, 25.5811], [55.5688, 25.5816], [55.568, 25.5821], [55.5678, 25.5827], [55.568, 25.5842], [55.5678, 25.5846], [55.5675, 25.5848], [55.5661, 25.5851], [55.5659, 25.5849], [55.5649, 25.5834], [55.5645, 25.5806], [55.5664, 25.5769], [55.5672, 25.5746], [55.5674, 25.5721], [55.5673, 25.5702], [55.5672, 25.5701], [55.5664, 25.5666], [55.5649, 25.5601], [55.5642, 25.5578], [55.5633, 25.556], [55.5625, 25.5542], [55.5619, 25.5531], [55.5615, 25.552], [55.5613, 25.5518], [55.5608, 25.5507], [55.5601, 25.5489], [55.5599, 25.5472], [55.5598, 25.5467], [55.5597, 25.5444], [55.56, 25.5413], [55.5602, 25.5376], [55.564, 25.5356], [55.5639, 25.5332], [55.5648, 25.5292], [55.5648, 25.5278], [55.5646, 25.5261], [55.5643, 25.5252], [55.5661, 25.5246], [55.5663, 25.5248], [55.5679, 25.531], [55.5693, 25.531], [55.5697, 25.531], [55.5699, 25.5311], [55.5701, 25.5312], [55.5708, 25.5324], [55.571, 25.5326], [55.5712, 25.5326], [55.5714, 25.5326], [55.5715, 25.5325], [55.5717, 25.5321], [55.5719, 25.5318], [55.5722, 25.5316], [55.5725, 25.5314], [55.5729, 25.5313], [55.5741, 25.5312], [55.5746, 25.531], [55.5773, 25.5297], [55.5786, 25.5293], [55.5789, 25.5291], [55.5793, 25.5288], [55.5801, 25.5285], [55.5814, 25.5287], [55.5817, 25.5286], [55.5819, 25.5285], [55.5824, 25.5285], [55.5827, 25.5283], [55.5829, 25.5283], [55.5835, 25.5283], [55.5839, 25.5283], [55.5852, 25.5286], [55.5856, 25.5287], [55.5858, 25.5287], [55.5859, 25.5286], [55.586, 25.5286], [55.5863, 25.5287], [55.5868, 25.5288], [55.5873, 25.5291], [55.5882, 25.5297], [55.5883, 25.5299], [55.5886, 25.53], [55.5891, 25.5302], [55.5898, 25.5304], [55.592, 25.5311], [55.5928, 25.5314], [55.5963, 25.5325], [55.5983, 25.533], [55.6, 25.5332], [55.6051, 25.5334], [55.6056, 25.5333], [55.6059, 25.5331], [55.6064, 25.5326], [55.6067, 25.5325], [55.6073, 25.5325], [55.6082, 25.5327], [55.6095, 25.533], [55.6111, 25.5338], [55.6122, 25.5344], [55.6129, 25.5348], [55.6136, 25.5351], [55.6141, 25.5352], [55.6159, 25.5355], [55.6169, 25.5354], [55.6175, 25.5354], [55.6182, 25.5356], [55.6194, 25.5359], [55.62, 25.5362], [55.6211, 25.5368], [55.6219, 25.5372], [55.624, 25.538], [55.6254, 25.5389], [55.6259, 25.5391], [55.6265, 25.5393], [55.6273, 25.5392], [55.6287, 25.5389], [55.6293, 25.5387], [55.6303, 25.5379], [55.6315, 25.5373], [55.632, 25.5373], [55.6329, 25.5372], [55.6333, 25.537], [55.6337, 25.5367], [55.6338, 25.5366], [55.6337, 25.5363], [55.6337, 25.5361], [55.6334, 25.5357], [55.6333, 25.5357], [55.6331, 25.5358], [55.6331, 25.536], [55.6333, 25.5363], [55.6333, 25.5365], [55.6333, 25.5367], [55.6331, 25.5367], [55.6327, 25.5365], [55.6325, 25.5366], [55.6317, 25.537], [55.6311, 25.5371], [55.6306, 25.5372], [55.6292, 25.5372], [55.6285, 25.5371], [55.6279, 25.5371], [55.6275, 25.5369], [55.6271, 25.5367], [55.6264, 25.5355], [55.6264, 25.5351], [55.6265, 25.5349], [55.6271, 25.5343], [55.6274, 25.534], [55.6275, 25.5337], [55.6275, 25.5334], [55.6274, 25.5332], [55.6271, 25.5331], [55.6267, 25.5332], [55.6261, 25.5331], [55.6254, 25.533], [55.6249, 25.533], [55.6245, 25.5331], [55.6241, 25.5331], [55.6237, 25.533], [55.6232, 25.5327], [55.6228, 25.5323], [55.6226, 25.5322], [55.6225, 25.532], [55.6226, 25.5316], [55.6227, 25.5315], [55.6225, 25.5312], [55.6223, 25.5311], [55.6221, 25.5311], [55.6216, 25.5311], [55.6203, 25.531], [55.6188, 25.5304], [55.6184, 25.5303], [55.6181, 25.5301], [55.6177, 25.5298], [55.6173, 25.5293], [55.6172, 25.5289], [55.6172, 25.5286], [55.6174, 25.5278], [55.6172, 25.5273], [55.6168, 25.5268], [55.6163, 25.5263], [55.6155, 25.5259], [55.6136, 25.5253], [55.613, 25.5247], [55.6129, 25.5247], [55.6128, 25.5253], [55.6125, 25.5258], [55.6116, 25.5263], [55.6093, 25.5268], [55.6082, 25.5266], [55.6073, 25.5262], [55.6061, 25.5251], [55.6055, 25.5245], [55.6054, 25.5242], [55.6056, 25.5236], [55.6063, 25.5227], [55.6065, 25.5222], [55.6065, 25.5217], [55.606, 25.5211], [55.6047, 25.5206], [55.604, 25.5204], [55.6041, 25.5199], [55.6053, 25.5199], [55.6056, 25.52], [55.6057, 25.5196], [55.6062, 25.5194], [55.6066, 25.5194], [55.6071, 25.5197], [55.6076, 25.5201], [55.6081, 25.5204], [55.6099, 25.5206], [55.6123, 25.5214], [55.6149, 25.5227], [55.6153, 25.523], [55.6163, 25.5235], [55.6169, 25.5236], [55.6177, 25.5243], [55.6184, 25.5245], [55.6193, 25.5254], [55.6201, 25.5258], [55.6213, 25.5271], [55.6219, 25.528], [55.6226, 25.5286], [55.6245, 25.5296], [55.6256, 25.5301], [55.6271, 25.5303], [55.6279, 25.5303], [55.629, 25.5302], [55.6302, 25.5303], [55.6312, 25.5307], [55.6326, 25.5316], [55.6331, 25.5322], [55.6335, 25.5333], [55.6335, 25.5345], [55.6335, 25.5347], [55.6335, 25.5349], [55.6337, 25.535], [55.6352, 25.5359], [55.6357, 25.5364], [55.6361, 25.5369], [55.6365, 25.5372], [55.6371, 25.5377], [55.6378, 25.5382], [55.6395, 25.5399], [55.6402, 25.5405], [55.6416, 25.5421], [55.6426, 25.5427], [55.6433, 25.5431], [55.645, 25.5434], [55.646, 25.5438], [55.6471, 25.5444], [55.6476, 25.5449], [55.6476, 25.5455], [55.6474, 25.5459], [55.6468, 25.5463], [55.6451, 25.5471], [55.6441, 25.5478], [55.6432, 25.5489], [55.6421, 25.5503], [55.6412, 25.5518], [55.6408, 25.5531], [55.6405, 25.5542], [55.6402, 25.5555], [55.6397, 25.5564], [55.6397, 25.557], [55.6396, 25.5582], [55.6397, 25.5593], [55.64, 25.5607], [55.6405, 25.5619], [55.6405, 25.5629], [55.6404, 25.5641], [55.64, 25.5657], [55.6394, 25.5671], [55.6394, 25.5675], [55.6396, 25.5681], [55.6399, 25.5686], [55.6403, 25.5689], [55.6409, 25.5691], [55.6415, 25.5693], [55.6421, 25.5692], [55.643, 25.5691], [55.6437, 25.5694], [55.6455, 25.5699], [55.6463, 25.5699], [55.6473, 25.5698], [55.6484, 25.5699], [55.6487, 25.5698], [55.6491, 25.5718], [55.6492, 25.5754], [55.649, 25.576], [55.6489, 25.5766], [55.6491, 25.577], [55.6491, 25.5775], [55.6484, 25.5788], [55.6482, 25.5798], [55.6477, 25.5812], [55.6475, 25.5823], [55.6472, 25.5831], [55.6471, 25.5841], [55.6473, 25.5847], [55.6478, 25.5861], [55.6482, 25.5865], [55.6493, 25.5871], [55.65, 25.5874], [55.6505, 25.5877], [55.6525, 25.5883], [55.6563, 25.5894], [55.6562, 25.5896], [55.6562, 25.5898], [55.6564, 25.5899], [55.6566, 25.5899], [55.657, 25.5898], [55.6584, 25.5902], [55.6584, 25.5905], [55.6585, 25.5907], [55.6586, 25.5909], [55.6587, 25.5911], [55.659, 25.5912], [55.6593, 25.5912], [55.6597, 25.5911], [55.6605, 25.5915], [55.6609, 25.5916], [55.6615, 25.5918], [55.6633, 25.5929], [55.6643, 25.5936], [55.665, 25.5942], [55.6674, 25.5963], [55.6683, 25.5973], [55.6687, 25.5978], [55.6688, 25.5987], [55.6699, 25.6012], [55.6702, 25.602], [55.6706, 25.6039], [55.6707, 25.6048], [55.6708, 25.6057], [55.6708, 25.607], [55.671, 25.6083], [55.6711, 25.6087], [55.6713, 25.6089], [55.6716, 25.6092], [55.6723, 25.6096], [55.6732, 25.6099], [55.676, 25.6113], [55.6771, 25.6119], [55.678, 25.6126], [55.6783, 25.6128], [55.6787, 25.6135], [55.6788, 25.6138], [55.6788, 25.6147], [55.6787, 25.6149], [55.6784, 25.6153], [55.6784, 25.6156], [55.6785, 25.616], [55.6786, 25.6162], [55.6788, 25.6163], [55.679, 25.6162], [55.6792, 25.616], [55.6792, 25.6156], [55.6792, 25.6152], [55.6792, 25.615], [55.6793, 25.6149], [55.68, 25.6147], [55.6801, 25.6146], [55.6803, 25.6144], [55.6803, 25.6142], [55.6804, 25.6141], [55.6806, 25.6141], [55.6811, 25.6142], [55.6814, 25.6144], [55.6818, 25.6148], [55.6822, 25.6151], [55.6826, 25.6155], [55.6831, 25.6159], [55.6837, 25.6163], [55.6845, 25.6167], [55.6852, 25.617], [55.6856, 25.617], [55.6868, 25.6177], [55.6871, 25.6178], [55.6875, 25.6178], [55.6884, 25.6184], [55.6886, 25.6187], [55.6892, 25.6194], [55.6893, 25.6198], [55.6895, 25.62], [55.6919, 25.6208], [55.6928, 25.6212], [55.6932, 25.6213], [55.6948, 25.6219], [55.6955, 25.6223], [55.6966, 25.6229], [55.6972, 25.6234], [55.6976, 25.6238], [55.698, 25.6244], [55.6983, 25.6253], [55.6984, 25.6255], [55.6985, 25.6257], [55.6991, 25.6257], [55.6993, 25.6258], [55.6994, 25.6259], [55.6996, 25.6261], [55.6997, 25.6264], [55.6998, 25.627], [55.6999, 25.6272], [55.7, 25.6273], [55.7005, 25.6276], [55.7008, 25.6278], [55.701, 25.6281], [55.701, 25.6284], [55.701, 25.6289], [55.7008, 25.6291], [55.7006, 25.6294], [55.7003, 25.6296], [55.7001, 25.6296], [55.6998, 25.6295], [55.6989, 25.6292], [55.6986, 25.6289], [55.6982, 25.6285], [55.698, 25.6285], [55.6979, 25.6284], [55.6981, 25.6283], [55.6981, 25.6281], [55.6982, 25.628], [55.6983, 25.6279], [55.6979, 25.6277], [55.6975, 25.6276], [55.6974, 25.6275], [55.6974, 25.627], [55.6975, 25.627], [55.6977, 25.6269], [55.6978, 25.6269], [55.6979, 25.6267], [55.6978, 25.6267], [55.6976, 25.6266], [55.6974, 25.6266], [55.6968, 25.627], [55.6965, 25.6271], [55.6964, 25.627], [55.6964, 25.6269], [55.6967, 25.6267], [55.6969, 25.6265], [55.697, 25.626], [55.697, 25.6258], [55.6969, 25.6258], [55.6967, 25.6258], [55.6966, 25.6259], [55.6964, 25.6263], [55.696, 25.6267], [55.6958, 25.6268], [55.6954, 25.6269], [55.6952, 25.627], [55.6951, 25.6269], [55.695, 25.6268], [55.6951, 25.6262], [55.6951, 25.6259], [55.6951, 25.6252], [55.6955, 25.6252], [55.6956, 25.6253], [55.6957, 25.6253], [55.6958, 25.6252], [55.6957, 25.6251], [55.6954, 25.6249], [55.6951, 25.6249], [55.6949, 25.625], [55.6944, 25.6257], [55.6943, 25.6259], [55.6943, 25.6269], [55.6944, 25.6272], [55.6946, 25.6274], [55.6966, 25.629], [55.6972, 25.6296], [55.698, 25.6302], [55.6986, 25.6305], [55.6994, 25.6308], [55.7009, 25.6315], [55.7031, 25.6328], [55.7037, 25.6329], [55.7057, 25.6331], [55.7059, 25.6333], [55.7062, 25.6334], [55.7065, 25.6334], [55.7067, 25.6336], [55.707, 25.6338], [55.7074, 25.6341], [55.7078, 25.6342], [55.7086, 25.6344], [55.7095, 25.6345], [55.7097, 25.6347], [55.7099, 25.6348], [55.71, 25.6348], [55.7104, 25.6348], [55.7106, 25.6348], [55.7111, 25.635], [55.7119, 25.6354], [55.7125, 25.6356], [55.713, 25.636], [55.7133, 25.636], [55.7137, 25.6363], [55.715, 25.6373], [55.7154, 25.6375], [55.7158, 25.6377], [55.7163, 25.6379], [55.7165, 25.6379], [55.7166, 25.638], [55.717, 25.6384], [55.7172, 25.6384], [55.7174, 25.6383], [55.7182, 25.6384], [55.7192, 25.6387], [55.7198, 25.6391], [55.7201, 25.6392], [55.7214, 25.6394], [55.7242, 25.6397], [55.7246, 25.6398], [55.7263, 25.6406], [55.7268, 25.6407], [55.7287, 25.6414], [55.7293, 25.6417], [55.7301, 25.6422], [55.7311, 25.6427], [55.7319, 25.6432], [55.7329, 25.6439], [55.7337, 25.6447], [55.7341, 25.6454], [55.7349, 25.6462], [55.7371, 25.6479], [55.7381, 25.6486], [55.7396, 25.6497], [55.7404, 25.6505], [55.7412, 25.6513], [55.7424, 25.6526], [55.7431, 25.6533], [55.7436, 25.6536], [55.7454, 25.6555], [55.7467, 25.6569], [55.7478, 25.6585], [55.7487, 25.6601], [55.7487, 25.6604], [55.7488, 25.6608], [55.7436, 25.6657], [55.7414, 25.6678], [55.7412, 25.6681], [55.7408, 25.6687], [55.7406, 25.6692], [55.7405, 25.6695], [55.7406, 25.6697], [55.7408, 25.6697], [55.7409, 25.6695], [55.741, 25.6691], [55.7411, 25.6689], [55.7412, 25.6688], [55.7413, 25.6687], [55.7416, 25.6687], [55.7419, 25.6688], [55.742, 25.6689], [55.7422, 25.6692], [55.7423, 25.6695], [55.7424, 25.6697], [55.7428, 25.6699], [55.7426, 25.6702], [55.7425, 25.6703], [55.7425, 25.6704], [55.7424, 25.6705], [55.7423, 25.6705], [55.7423, 25.6706], [55.7423, 25.6707], [55.7422, 25.6708], [55.7422, 25.6709], [55.7421, 25.671], [55.742, 25.671], [55.742, 25.6711], [55.7419, 25.6711], [55.7418, 25.6711], [55.7417, 25.6712], [55.7416, 25.6712], [55.7416, 25.6713], [55.7415, 25.6713], [55.7414, 25.6713], [55.7413, 25.6714], [55.7412, 25.6715], [55.7411, 25.6715], [55.741, 25.6715], [55.7409, 25.6715], [55.7408, 25.6715], [55.7407, 25.6715], [55.7406, 25.6715], [55.7405, 25.6715], [55.7404, 25.6715], [55.7403, 25.6715], [55.7402, 25.6715], [55.7401, 25.6715], [55.7401, 25.6716], [55.74, 25.6717], [55.74, 25.6718], [55.7399, 25.6718], [55.7398, 25.6719], [55.7397, 25.6719], [55.7397, 25.672], [55.7396, 25.6721], [55.7396, 25.6722], [55.7396, 25.6723], [55.7396, 25.6724], [55.7395, 25.6726], [55.7394, 25.6727], [55.7394, 25.6728], [55.7394, 25.6729], [55.7393, 25.6729], [55.7393, 25.673], [55.7392, 25.6731], [55.7391, 25.6731], [55.7391, 25.6732], [55.739, 25.6732], [55.739, 25.6733], [55.739, 25.6734], [55.739, 25.6735], [55.7389, 25.6736], [55.7389, 25.6737], [55.7388, 25.6739], [55.7388, 25.674], [55.7388, 25.6741], [55.7387, 25.6741], [55.7387, 25.6742], [55.7387, 25.6743], [55.7387, 25.6744], [55.7385, 25.6745], [55.7385, 25.6747], [55.7385, 25.6748], [55.7384, 25.6749], [55.7384, 25.675], [55.7384, 25.6751], [55.7384, 25.6752], [55.7384, 25.6753], [55.7384, 25.6754], [55.7384, 25.6755], [55.7384, 25.6756], [55.7383, 25.6758], [55.7383, 25.6759], [55.7383, 25.676], [55.7383, 25.6761], [55.7383, 25.6762], [55.7382, 25.6763], [55.7382, 25.6764], [55.7381, 25.6765], [55.7381, 25.6766], [55.7381, 25.6767], [55.7381, 25.6768], [55.738, 25.677], [55.738, 25.6772], [55.738, 25.6774], [55.738, 25.6776], [55.7381, 25.6777], [55.7382, 25.6778], [55.7382, 25.6779], [55.7382, 25.678], [55.7383, 25.6781], [55.7383, 25.6782], [55.7383, 25.6783], [55.7382, 25.6784], [55.7382, 25.6785], [55.7382, 25.6786], [55.7381, 25.6786], [55.738, 25.6787], [55.7379, 25.6787], [55.7381, 25.679], [55.7381, 25.6791], [55.7381, 25.6792], [55.7382, 25.6792], [55.7382, 25.6793], [55.7382, 25.6794], [55.7383, 25.6794], [55.7384, 25.6794], [55.7385, 25.6794], [55.7386, 25.6794], [55.7386, 25.6795], [55.7387, 25.6795], [55.7388, 25.6796], [55.7388, 25.6797], [55.7388, 25.6798], [55.7389, 25.6798], [55.7389, 25.6799], [55.7389, 25.68], [55.739, 25.68], [55.739, 25.6801], [55.7391, 25.6802], [55.7392, 25.6803], [55.7393, 25.6804], [55.7393, 25.6805], [55.7394, 25.6805], [55.7394, 25.6806], [55.7395, 25.6807], [55.7396, 25.6809], [55.7396, 25.681], [55.7397, 25.681], [55.7397, 25.6811], [55.7398, 25.6812], [55.74, 25.6813], [55.7401, 25.6814], [55.7403, 25.6815], [55.7405, 25.6818], [55.7406, 25.6819], [55.7407, 25.682], [55.7408, 25.6821], [55.7409, 25.6822], [55.7411, 25.6824], [55.7412, 25.6825], [55.7412, 25.6826], [55.7413, 25.6826], [55.7413, 25.6827], [55.7413, 25.6828], [55.7412, 25.6828], [55.7412, 25.6829], [55.7411, 25.6829], [55.741, 25.6829], [55.7409, 25.6829], [55.7409, 25.6828], [55.7408, 25.6828], [55.7408, 25.6827], [55.7407, 25.6827], [55.7406, 25.6826], [55.7405, 25.6826], [55.7405, 25.6825], [55.7404, 25.6825], [55.7402, 25.6824], [55.7401, 25.6824], [55.7401, 25.6823], [55.74, 25.6823], [55.7399, 25.6822], [55.7398, 25.6822], [55.7397, 25.6822], [55.7396, 25.6822], [55.7396, 25.6821], [55.7395, 25.6821], [55.7394, 25.6821], [55.7393, 25.6821], [55.7392, 25.6821], [55.7391, 25.6821], [55.739, 25.6821], [55.7389, 25.6821], [55.7388, 25.6821], [55.7387, 25.6821], [55.7385, 25.6822], [55.7383, 25.6823], [55.7383, 25.6824], [55.7382, 25.6824], [55.7381, 25.6825], [55.7381, 25.6826], [55.738, 25.6826], [55.7379, 25.6827], [55.7378, 25.6828], [55.7376, 25.6828], [55.7375, 25.6829], [55.7374, 25.6829], [55.7372, 25.683], [55.7372, 25.6831], [55.7371, 25.6831], [55.7371, 25.6832], [55.737, 25.6832], [55.737, 25.6833], [55.7369, 25.6834], [55.7368, 25.6834], [55.7367, 25.6835], [55.7366, 25.6835], [55.7365, 25.6835], [55.7365, 25.6836], [55.7364, 25.6836], [55.7363, 25.6837], [55.7362, 25.6838], [55.7361, 25.6838], [55.736, 25.6839], [55.736, 25.684], [55.7359, 25.6841], [55.7358, 25.6841], [55.7357, 25.6842], [55.7347, 25.684], [55.7347, 25.6844], [55.7345, 25.6847], [55.7342, 25.685], [55.7338, 25.6852], [55.7336, 25.6853], [55.7331, 25.6853], [55.7329, 25.6847], [55.7324, 25.6855], [55.7323, 25.6855], [55.7322, 25.6855], [55.7322, 25.6856], [55.7321, 25.6856], [55.7321, 25.6857], [55.7321, 25.6858], [55.732, 25.6859], [55.732, 25.686], [55.7319, 25.686], [55.7319, 25.6861], [55.7319, 25.6862], [55.7318, 25.6863], [55.7318, 25.6864], [55.7317, 25.6864], [55.7317, 25.6865], [55.7316, 25.6866], [55.7311, 25.6889], [55.7312, 25.689], [55.7312, 25.6891], [55.7317, 25.6906], [55.7317, 25.6905], [55.7317, 25.6904], [55.7317, 25.6903], [55.7318, 25.6903], [55.7319, 25.6903], [55.732, 25.6903], [55.7322, 25.6903], [55.7326, 25.6906], [55.7327, 25.6909], [55.7327, 25.6915], [55.7327, 25.6918], [55.7326, 25.6923], [55.7324, 25.6925], [55.7324, 25.6924], [55.7323, 25.6924], [55.7322, 25.6924], [55.7336, 25.6938], [55.7342, 25.6941], [55.7342, 25.694], [55.7343, 25.6939], [55.7343, 25.6938], [55.7352, 25.6936], [55.7358, 25.6937], [55.7365, 25.6939], [55.7368, 25.6942], [55.7369, 25.6945], [55.7368, 25.6952], [55.7373, 25.6952], [55.7376, 25.6953], [55.7386, 25.6953], [55.7396, 25.6953], [55.7396, 25.6952], [55.7396, 25.6951], [55.7396, 25.695], [55.7396, 25.6949], [55.7396, 25.6948], [55.7397, 25.6947], [55.7397, 25.6946], [55.7397, 25.6945], [55.7397, 25.6944], [55.7397, 25.6943], [55.7398, 25.6943], [55.7398, 25.6942], [55.7399, 25.6942], [55.74, 25.6942], [55.7401, 25.6941], [55.7402, 25.694], [55.7403, 25.694], [55.7403, 25.6939], [55.7404, 25.6939], [55.7405, 25.6939], [55.7406, 25.6939], [55.7407, 25.6939], [55.7408, 25.6939], [55.741, 25.6939], [55.7411, 25.6939], [55.7413, 25.694], [55.7413, 25.6941], [55.7414, 25.6941], [55.7415, 25.6941], [55.7416, 25.6941], [55.7417, 25.6942], [55.7417, 25.6943], [55.7418, 25.6944], [55.7418, 25.6945], [55.7423, 25.6943], [55.7434, 25.6936], [55.7438, 25.6933], [55.744, 25.6931], [55.7439, 25.6931], [55.7443, 25.6926], [55.7439, 25.6923], [55.7436, 25.6919], [55.7437, 25.6915], [55.7439, 25.6909], [55.745, 25.6906], [55.7451, 25.6906], [55.7452, 25.6906], [55.7453, 25.6907], [55.7456, 25.6899], [55.7457, 25.6892], [55.7458, 25.6884], [55.7458, 25.6883], [55.7458, 25.6881], [55.7458, 25.688], [55.7458, 25.6879], [55.7458, 25.6878], [55.7457, 25.6878], [55.7457, 25.6877], [55.7457, 25.6875], [55.7457, 25.6874], [55.7457, 25.6873], [55.7457, 25.6872], [55.7457, 25.6871], [55.7457, 25.687], [55.7456, 25.687], [55.7455, 25.6871], [55.7452, 25.6872], [55.745, 25.6873], [55.7449, 25.6873], [55.7448, 25.6873], [55.7447, 25.6873], [55.7446, 25.6873], [55.7445, 25.6873], [55.7444, 25.6873], [55.7443, 25.6873], [55.7442, 25.6873], [55.7441, 25.6873], [55.744, 25.6872], [55.7439, 25.6871], [55.7438, 25.6871], [55.7437, 25.687], [55.7436, 25.6869], [55.7435, 25.6869], [55.7434, 25.6868], [55.7434, 25.6867], [55.7433, 25.6867], [55.7432, 25.6866], [55.743, 25.6866], [55.743, 25.6865], [55.7429, 25.6863], [55.7428, 25.6863], [55.7427, 25.6862], [55.7426, 25.6861], [55.7425, 25.6859], [55.7425, 25.6858], [55.7425, 25.6857], [55.7425, 25.6856], [55.7425, 25.6855], [55.7424, 25.6855], [55.7424, 25.6854], [55.7424, 25.6853], [55.7424, 25.6851], [55.7424, 25.6849], [55.7424, 25.6848], [55.7424, 25.6847], [55.7424, 25.6846], [55.7424, 25.6845], [55.7424, 25.6843], [55.7424, 25.6842], [55.7424, 25.6841], [55.7424, 25.684], [55.7424, 25.6839], [55.7423, 25.6839], [55.7423, 25.6838], [55.7423, 25.6837], [55.7422, 25.6837], [55.7422, 25.6836], [55.7421, 25.6836], [55.742, 25.6835], [55.7419, 25.6835], [55.7419, 25.6834], [55.742, 25.6834], [55.742, 25.6833], [55.7421, 25.6832], [55.7422, 25.683], [55.7423, 25.683], [55.7424, 25.6831], [55.7425, 25.6832], [55.7426, 25.6832], [55.7427, 25.6832], [55.7427, 25.6833], [55.7428, 25.6833], [55.7429, 25.6833], [55.743, 25.6834], [55.7431, 25.6834], [55.7432, 25.6834], [55.7433, 25.6835], [55.7434, 25.6835], [55.7435, 25.6835], [55.7435, 25.6836], [55.7436, 25.6836], [55.7437, 25.6837], [55.7438, 25.6838], [55.7439, 25.6838], [55.7441, 25.6839], [55.7442, 25.6839], [55.7443, 25.6839], [55.7444, 25.684], [55.7445, 25.684], [55.7446, 25.684], [55.7447, 25.6841], [55.7448, 25.6841], [55.7449, 25.6841], [55.7452, 25.6841], [55.7456, 25.6841], [55.7458, 25.6841], [55.7459, 25.6841], [55.746, 25.6841], [55.7461, 25.6841], [55.7463, 25.6841], [55.7467, 25.6841], [55.7468, 25.6841], [55.7469, 25.6841], [55.747, 25.6841], [55.7471, 25.6841], [55.7472, 25.6841], [55.7474, 25.6841], [55.7475, 25.684], [55.7476, 25.684], [55.7477, 25.684], [55.7477, 25.6839], [55.7478, 25.6839], [55.7478, 25.6838], [55.7479, 25.6838], [55.748, 25.6838], [55.7481, 25.6838], [55.7482, 25.6837], [55.7483, 25.6837], [55.7484, 25.6837], [55.7485, 25.6837], [55.7486, 25.6837], [55.7488, 25.6837], [55.7489, 25.6837], [55.7489, 25.6836], [55.7491, 25.6836], [55.7492, 25.6836], [55.7495, 25.6835], [55.7496, 25.6834], [55.7496, 25.6835], [55.7497, 25.6835], [55.7498, 25.6834], [55.7503, 25.683], [55.7505, 25.683], [55.7506, 25.6829], [55.7508, 25.6828], [55.7509, 25.6828], [55.7509, 25.6827], [55.751, 25.6827], [55.7511, 25.6827], [55.7511, 25.6826], [55.7512, 25.6826], [55.7513, 25.6825], [55.7514, 25.6825], [55.7515, 25.6825], [55.7515, 25.6826], [55.7516, 25.6826], [55.7517, 25.6827], [55.7518, 25.6827], [55.7519, 25.6828], [55.752, 25.6828], [55.7521, 25.6829], [55.7522, 25.6829], [55.7524, 25.683], [55.7525, 25.6831], [55.7525, 25.6832], [55.7526, 25.6832], [55.7527, 25.6832], [55.7528, 25.6833], [55.7529, 25.6833], [55.753, 25.6833], [55.753, 25.6834], [55.7531, 25.6834], [55.7532, 25.6835], [55.7533, 25.6836], [55.7533, 25.6837], [55.7534, 25.6837], [55.7534, 25.6838], [55.7535, 25.6838], [55.7535, 25.6839], [55.7535, 25.684], [55.7536, 25.6841], [55.7538, 25.6844], [55.7539, 25.6846], [55.7539, 25.6847], [55.754, 25.6847], [55.754, 25.6848], [55.754, 25.6849], [55.754, 25.685], [55.754, 25.6851], [55.754, 25.6852], [55.7539, 25.6852], [55.7539, 25.6853], [55.7539, 25.6854], [55.7539, 25.6855], [55.7539, 25.6856], [55.7539, 25.6857], [55.7539, 25.6858], [55.7539, 25.6859], [55.7539, 25.686], [55.7538, 25.6861], [55.7537, 25.6862], [55.7537, 25.6863], [55.7536, 25.6864], [55.7535, 25.6865], [55.7535, 25.6866], [55.7535, 25.6867], [55.7534, 25.6867], [55.7534, 25.6868], [55.7533, 25.6868], [55.7533, 25.6869], [55.7532, 25.687], [55.7531, 25.687], [55.753, 25.6871], [55.753, 25.6872], [55.7529, 25.6872], [55.7528, 25.6872], [55.7528, 25.6873], [55.7527, 25.6873], [55.7527, 25.6874], [55.7526, 25.6874], [55.7525, 25.6874], [55.7525, 25.6875], [55.7523, 25.6875], [55.7522, 25.6876], [55.7521, 25.6877], [55.7519, 25.6877], [55.7517, 25.6878], [55.7516, 25.6878], [55.7515, 25.6878], [55.7514, 25.6878], [55.7513, 25.6878], [55.7512, 25.6878], [55.7511, 25.6878], [55.751, 25.6878], [55.7509, 25.6878], [55.7508, 25.6878], [55.7507, 25.6877], [55.7506, 25.6877], [55.7505, 25.6877], [55.7504, 25.6876], [55.7503, 25.6876], [55.7501, 25.6876], [55.75, 25.6876], [55.7499, 25.6876], [55.7498, 25.6876], [55.7497, 25.6876], [55.7497, 25.6877], [55.7496, 25.6877], [55.7496, 25.6878], [55.7495, 25.6878], [55.7495, 25.6879], [55.7495, 25.688], [55.7496, 25.688], [55.7497, 25.6881], [55.7498, 25.6881], [55.7499, 25.6881], [55.75, 25.6881], [55.7501, 25.6881], [55.7502, 25.6881], [55.7503, 25.6881], [55.7503, 25.6882], [55.7504, 25.6882], [55.7504, 25.6883], [55.7505, 25.6883], [55.7506, 25.6884], [55.7507, 25.6885], [55.7507, 25.6886], [55.7507, 25.6887], [55.7508, 25.6887], [55.7509, 25.6888], [55.7509, 25.6889], [55.751, 25.689], [55.751, 25.6891], [55.7511, 25.6892], [55.7511, 25.6893], [55.7511, 25.6894], [55.7511, 25.6895], [55.7511, 25.6896], [55.7511, 25.6897], [55.7511, 25.6898], [55.7511, 25.6899], [55.7511, 25.69], [55.7511, 25.6901], [55.751, 25.6902], [55.751, 25.6903], [55.7509, 25.6903], [55.7509, 25.6904], [55.751, 25.6905], [55.751, 25.6906], [55.751, 25.6907], [55.7511, 25.6907], [55.7512, 25.6908], [55.7513, 25.6908], [55.7514, 25.6907], [55.7515, 25.6907], [55.7515, 25.6906], [55.7516, 25.6906], [55.7516, 25.6905], [55.7517, 25.6905], [55.7517, 25.6904], [55.7518, 25.6904], [55.7518, 25.6903], [55.7518, 25.6902], [55.752, 25.69], [55.752, 25.6899], [55.7521, 25.6899], [55.7521, 25.6898], [55.7522, 25.6898], [55.7523, 25.6897], [55.7524, 25.6896], [55.7525, 25.6896], [55.7526, 25.6895], [55.7527, 25.6894], [55.7528, 25.6894], [55.7529, 25.6893], [55.7529, 25.6892], [55.753, 25.6892], [55.753, 25.6891], [55.7531, 25.6891], [55.7531, 25.689], [55.7532, 25.689], [55.7532, 25.6889], [55.7533, 25.6889], [55.7533, 25.6888], [55.7535, 25.6888], [55.7536, 25.6888], [55.7537, 25.6888], [55.7537, 25.6887], [55.7538, 25.6886], [55.7539, 25.6886], [55.754, 25.6886], [55.7542, 25.6886], [55.7544, 25.6886], [55.7545, 25.6886], [55.7546, 25.6886], [55.7547, 25.6886], [55.7548, 25.6886], [55.7549, 25.6886], [55.755, 25.6886], [55.7551, 25.6886], [55.7552, 25.6886], [55.7553, 25.6886], [55.7554, 25.6887], [55.7556, 25.6889], [55.7556, 25.689], [55.7557, 25.6891], [55.7558, 25.6891], [55.7558, 25.6892], [55.7558, 25.6893], [55.7559, 25.6893], [55.7559, 25.6894], [55.756, 25.6894], [55.756, 25.6895], [55.756, 25.6896], [55.756, 25.6897], [55.756, 25.6898], [55.756, 25.6899], [55.756, 25.69], [55.756, 25.6901], [55.756, 25.6902], [55.7559, 25.6902], [55.7559, 25.6903], [55.7559, 25.6904], [55.7559, 25.6905], [55.7558, 25.6905], [55.7558, 25.6906], [55.7558, 25.6907], [55.7557, 25.6907], [55.7557, 25.6909], [55.7557, 25.691], [55.7557, 25.6911], [55.7556, 25.6911], [55.7556, 25.6912], [55.7556, 25.6913], [55.7556, 25.6914], [55.7556, 25.6915], [55.7556, 25.6916], [55.7556, 25.6917], [55.7556, 25.6918], [55.7556, 25.6919], [55.7556, 25.692], [55.7556, 25.6921], [55.7556, 25.6922], [55.7556, 25.6923], [55.7556, 25.6924], [55.7556, 25.6925], [55.7557, 25.6926], [55.7557, 25.6927], [55.7557, 25.6928], [55.7558, 25.6929], [55.7558, 25.693], [55.7559, 25.693], [55.7559, 25.6931], [55.756, 25.6933], [55.756, 25.6934], [55.7561, 25.6934], [55.7561, 25.6935], [55.7562, 25.6935], [55.7563, 25.6936], [55.7564, 25.6936], [55.7565, 25.6936], [55.7565, 25.6937], [55.7566, 25.6937], [55.7567, 25.6938], [55.7568, 25.6938], [55.7569, 25.6939], [55.757, 25.6939], [55.757, 25.694], [55.7571, 25.694], [55.7571, 25.6941], [55.7572, 25.6941], [55.7573, 25.6942], [55.7573, 25.6943], [55.7574, 25.6943], [55.7575, 25.6944], [55.7576, 25.6945], [55.7577, 25.6945], [55.7578, 25.6945], [55.7579, 25.6945], [55.758, 25.6945], [55.7581, 25.6945], [55.7582, 25.6945], [55.7583, 25.6945], [55.7583, 25.6944], [55.7584, 25.6943], [55.7584, 25.6942], [55.7585, 25.6942], [55.7585, 25.6941], [55.7585, 25.694], [55.7584, 25.694], [55.7584, 25.6939], [55.7584, 25.6938], [55.7583, 25.6938], [55.7583, 25.6937], [55.7582, 25.6936], [55.7581, 25.6936], [55.7581, 25.6935], [55.758, 25.6934], [55.7579, 25.6934], [55.7579, 25.6933], [55.7578, 25.6933], [55.7578, 25.6932], [55.7577, 25.6932], [55.7576, 25.6931], [55.7576, 25.693], [55.7575, 25.693], [55.7575, 25.6929], [55.7574, 25.6929], [55.7571, 25.6927], [55.7568, 25.6921], [55.7567, 25.6916], [55.7567, 25.691], [55.757, 25.6906], [55.7572, 25.6903], [55.7577, 25.6899], [55.7583, 25.6899], [55.759, 25.6899], [55.7594, 25.69], [55.7601, 25.6903], [55.7609, 25.6904], [55.7612, 25.69], [55.7612, 25.6896], [55.7615, 25.6891], [55.7614, 25.689], [55.7613, 25.689], [55.7613, 25.6887], [55.761, 25.6884], [55.7605, 25.6888], [55.7598, 25.6888], [55.7593, 25.6885], [55.7587, 25.688], [55.7587, 25.6879], [55.7587, 25.6878], [55.7587, 25.6877], [55.7587, 25.6875], [55.7581, 25.6873], [55.758, 25.6868], [55.7578, 25.6859], [55.7574, 25.6851], [55.7568, 25.6836], [55.7567, 25.6835], [55.7566, 25.6835], [55.7565, 25.6834], [55.7564, 25.6833], [55.7564, 25.6832], [55.7563, 25.6832], [55.7562, 25.6831], [55.7562, 25.683], [55.7561, 25.683], [55.7561, 25.6829], [55.756, 25.6828], [55.7557, 25.6826], [55.7556, 25.6825], [55.7555, 25.6824], [55.7554, 25.6824], [55.7553, 25.6823], [55.7552, 25.6823], [55.7551, 25.6822], [55.7549, 25.6821], [55.7547, 25.682], [55.7547, 25.6819], [55.7546, 25.6819], [55.7545, 25.6819], [55.7544, 25.6818], [55.7543, 25.6818], [55.7542, 25.6817], [55.7541, 25.6817], [55.754, 25.6817], [55.754, 25.6816], [55.7539, 25.6816], [55.7538, 25.6815], [55.7537, 25.6815], [55.7536, 25.6814], [55.7535, 25.6814], [55.7535, 25.6813], [55.7534, 25.6812], [55.7533, 25.6812], [55.7532, 25.6811], [55.7531, 25.681], [55.7531, 25.6809], [55.753, 25.6809], [55.753, 25.6808], [55.753, 25.6807], [55.7531, 25.6806], [55.7531, 25.6805], [55.7531, 25.6804], [55.7532, 25.6804], [55.7532, 25.6803], [55.7533, 25.6802], [55.7533, 25.6801], [55.7534, 25.6801], [55.7534, 25.68], [55.7535, 25.6799], [55.7535, 25.6798], [55.7536, 25.6796], [55.7536, 25.6795], [55.7537, 25.6795], [55.7537, 25.6794], [55.7537, 25.6793], [55.7537, 25.6792], [55.7537, 25.6791], [55.7537, 25.679], [55.7537, 25.6789], [55.7537, 25.6788], [55.7536, 25.6787], [55.7536, 25.6786], [55.7536, 25.6785], [55.7536, 25.6784], [55.7536, 25.6783], [55.7536, 25.6782], [55.7535, 25.6782], [55.7535, 25.6781], [55.7534, 25.6781], [55.7534, 25.678], [55.7533, 25.6779], [55.7532, 25.6779], [55.7532, 25.6778], [55.7531, 25.6778], [55.753, 25.6778], [55.7529, 25.6778], [55.7528, 25.6778], [55.7527, 25.6778], [55.7526, 25.6778], [55.7525, 25.6779], [55.7524, 25.6779], [55.7523, 25.6779], [55.7523, 25.678], [55.7522, 25.678], [55.7521, 25.6781], [55.7521, 25.6782], [55.752, 25.6782], [55.752, 25.6783], [55.7519, 25.6783], [55.7519, 25.6784], [55.7518, 25.6785], [55.7516, 25.6785], [55.7514, 25.6787], [55.7514, 25.6788], [55.7513, 25.6788], [55.7512, 25.6789], [55.7511, 25.679], [55.751, 25.6791], [55.7509, 25.6791], [55.7509, 25.6792], [55.7508, 25.6792], [55.7508, 25.6793], [55.7507, 25.6793], [55.7506, 25.6794], [55.7505, 25.6794], [55.7505, 25.6795], [55.7504, 25.6795], [55.7503, 25.6795], [55.7502, 25.6795], [55.7501, 25.6796], [55.75, 25.6796], [55.7499, 25.6796], [55.7498, 25.6796], [55.7497, 25.6796], [55.7496, 25.6796], [55.7495, 25.6796], [55.7495, 25.6797], [55.7494, 25.6797], [55.7493, 25.6797], [55.7492, 25.6797], [55.7491, 25.6797], [55.749, 25.6797], [55.7489, 25.6797], [55.7488, 25.6797], [55.7487, 25.6797], [55.7486, 25.6797], [55.7485, 25.6797], [55.7485, 25.6796], [55.7484, 25.6796], [55.7483, 25.6796], [55.7482, 25.6796], [55.7482, 25.6795], [55.7481, 25.6795], [55.7481, 25.6794], [55.748, 25.6794], [55.7479, 25.6794], [55.7478, 25.6794], [55.7477, 25.6794], [55.7476, 25.6794], [55.7476, 25.6795], [55.7475, 25.6795], [55.7474, 25.6795], [55.7474, 25.6796], [55.7473, 25.6796], [55.7472, 25.6797], [55.7471, 25.6797], [55.747, 25.6798], [55.7469, 25.6798], [55.7468, 25.6799], [55.7467, 25.6799], [55.7466, 25.68], [55.7465, 25.68], [55.7464, 25.68], [55.7463, 25.68], [55.7463, 25.6801], [55.7462, 25.6801], [55.7461, 25.6801], [55.746, 25.6802], [55.7459, 25.6802], [55.7458, 25.6802], [55.7457, 25.6802], [55.7456, 25.6802], [55.7455, 25.6802], [55.7454, 25.6802], [55.7453, 25.6802], [55.7452, 25.6802], [55.7451, 25.6802], [55.745, 25.6802], [55.7449, 25.6802], [55.7448, 25.6802], [55.7447, 25.6802], [55.7446, 25.6802], [55.7445, 25.6802], [55.7444, 25.6802], [55.7444, 25.6801], [55.7443, 25.6801], [55.7442, 25.6801], [55.7441, 25.6801], [55.744, 25.6801], [55.744, 25.68], [55.7439, 25.68], [55.7438, 25.68], [55.7437, 25.68], [55.7436, 25.68], [55.7436, 25.6799], [55.7435, 25.6799], [55.7434, 25.6799], [55.7434, 25.6798], [55.7433, 25.6798], [55.7432, 25.6798], [55.7432, 25.6797], [55.7426, 25.6794], [55.7425, 25.6794], [55.7425, 25.6793], [55.7424, 25.6792], [55.7423, 25.6791], [55.7422, 25.679], [55.7422, 25.6789], [55.7421, 25.6789], [55.7421, 25.6788], [55.7421, 25.6787], [55.742, 25.6787], [55.742, 25.6786], [55.7419, 25.6785], [55.7419, 25.6784], [55.7418, 25.6783], [55.7417, 25.6782], [55.7416, 25.6781], [55.7416, 25.678], [55.7416, 25.6779], [55.7415, 25.6779], [55.7415, 25.6778], [55.7415, 25.6777], [55.7415, 25.6776], [55.7416, 25.6776], [55.7416, 25.6775], [55.7415, 25.6774], [55.7415, 25.6773], [55.7415, 25.6772], [55.7415, 25.6771], [55.7415, 25.677], [55.7415, 25.6769], [55.7415, 25.6768], [55.7415, 25.6767], [55.7415, 25.6766], [55.7415, 25.6765], [55.7415, 25.6764], [55.7415, 25.6763], [55.7416, 25.6762], [55.7417, 25.676], [55.7417, 25.6759], [55.7418, 25.6758], [55.7418, 25.6757], [55.7418, 25.6756], [55.7418, 25.6755], [55.7418, 25.6754], [55.7418, 25.6753], [55.7418, 25.6752], [55.7418, 25.6751], [55.7419, 25.6751], [55.7419, 25.675], [55.742, 25.675], [55.7421, 25.6749], [55.7421, 25.6748], [55.7422, 25.6748], [55.7422, 25.6747], [55.7423, 25.6747], [55.7424, 25.6747], [55.7424, 25.6746], [55.7423, 25.6745], [55.7423, 25.6744], [55.7423, 25.6743], [55.7422, 25.6743], [55.7422, 25.6742], [55.7422, 25.6741], [55.7422, 25.674], [55.7422, 25.6739], [55.7423, 25.6739], [55.7423, 25.6738], [55.7423, 25.6737], [55.7424, 25.6737], [55.7425, 25.6736], [55.7425, 25.6735], [55.7426, 25.6735], [55.7426, 25.6734], [55.7427, 25.6734], [55.7427, 25.6733], [55.7428, 25.6732], [55.7429, 25.6732], [55.743, 25.6732], [55.743, 25.6731], [55.743, 25.673], [55.7431, 25.673], [55.7432, 25.6729], [55.7433, 25.6729], [55.7434, 25.6729], [55.7435, 25.6728], [55.7436, 25.6728], [55.7437, 25.6727], [55.7438, 25.6727], [55.7439, 25.6727], [55.744, 25.6727], [55.7441, 25.6727], [55.7442, 25.6727], [55.7443, 25.6727], [55.7444, 25.6727], [55.7445, 25.6727], [55.7446, 25.6727], [55.7446, 25.6728], [55.7447, 25.6728], [55.7448, 25.6728], [55.7449, 25.6728], [55.745, 25.6728], [55.7451, 25.6728], [55.7452, 25.6728], [55.7453, 25.6728], [55.7454, 25.6728], [55.7454, 25.6729], [55.7455, 25.6729], [55.7456, 25.6729], [55.7457, 25.6729], [55.7458, 25.6729], [55.7459, 25.6729], [55.746, 25.673], [55.7461, 25.673], [55.7461, 25.6731], [55.7462, 25.6731], [55.7462, 25.6732], [55.7463, 25.6732], [55.7464, 25.6732], [55.7465, 25.6732], [55.7465, 25.6731], [55.7466, 25.6731], [55.7467, 25.6731], [55.7467, 25.673], [55.7467, 25.6729], [55.7467, 25.6728], [55.7467, 25.6727], [55.7466, 25.6727], [55.7466, 25.6726], [55.7466, 25.6725], [55.7466, 25.6724], [55.7466, 25.6723], [55.7466, 25.6722], [55.7467, 25.6722], [55.7467, 25.6721], [55.7468, 25.6721], [55.7469, 25.6721], [55.7469, 25.672], [55.747, 25.672], [55.747, 25.6719], [55.747, 25.6718], [55.747, 25.6717], [55.7469, 25.6717], [55.7468, 25.6717], [55.7467, 25.6717], [55.7466, 25.6717], [55.7465, 25.6717], [55.7465, 25.6716], [55.7464, 25.6716], [55.7463, 25.6715], [55.7463, 25.6714], [55.7462, 25.6713], [55.7462, 25.6712], [55.7461, 25.6712], [55.7461, 25.6711], [55.746, 25.6711], [55.746, 25.671], [55.7459, 25.6709], [55.7459, 25.6708], [55.7458, 25.6708], [55.7457, 25.6708], [55.7456, 25.6708], [55.7455, 25.6708], [55.7454, 25.6708], [55.7453, 25.6708], [55.7452, 25.6708], [55.7451, 25.6708], [55.745, 25.6708], [55.7449, 25.6708], [55.7448, 25.6707], [55.7447, 25.6707], [55.7447, 25.6706], [55.7447, 25.6705], [55.7446, 25.6705], [55.7446, 25.6704], [55.7446, 25.6703], [55.7446, 25.6702], [55.7446, 25.6701], [55.7446, 25.67], [55.7446, 25.6699], [55.7446, 25.6698], [55.7458, 25.6678], [55.751, 25.6631], [55.7524, 25.6636], [55.7566, 25.6664], [55.7575, 25.6675], [55.757, 25.668], [55.7584, 25.6687], [55.7599, 25.6704], [55.7596, 25.6708], [55.7606, 25.6712], [55.7625, 25.6734], [55.762, 25.6739], [55.7631, 25.6741], [55.7635, 25.6745], [55.7652, 25.677], [55.7649, 25.6774], [55.7657, 25.6776], [55.7664, 25.6778], [55.7684, 25.6806], [55.768, 25.6809], [55.7683, 25.6814], [55.7689, 25.6816], [55.7692, 25.6818], [55.7707, 25.6841], [55.7704, 25.6843], [55.7697, 25.6848], [55.7693, 25.6852], [55.7696, 25.6855], [55.7709, 25.6863], [55.7717, 25.6868], [55.7724, 25.6877], [55.7737, 25.6903], [55.7744, 25.6933], [55.7748, 25.6949], [55.7738, 25.6959], [55.7737, 25.696], [55.7734, 25.6966], [55.7731, 25.6971], [55.774, 25.6966], [55.7741, 25.6967], [55.7769, 25.695], [55.7766, 25.6937], [55.7761, 25.6931], [55.7755, 25.6925], [55.7753, 25.6916], [55.7758, 25.6913], [55.7768, 25.6908], [55.7776, 25.6905], [55.7779, 25.6898], [55.7785, 25.6893], [55.7794, 25.6891], [55.78, 25.6884], [55.7803, 25.6877], [55.7809, 25.6872], [55.7816, 25.6866], [55.7819, 25.6861], [55.7821, 25.686], [55.7827, 25.6871], [55.7833, 25.6874], [55.7841, 25.6879], [55.7849, 25.6886], [55.7863, 25.6895], [55.7865, 25.6896], [55.7872, 25.6903], [55.788, 25.6906], [55.7886, 25.6909], [55.7895, 25.6916], [55.79, 25.692], [55.7903, 25.6925], [55.7904, 25.6932], [55.7904, 25.6936], [55.7897, 25.694], [55.7892, 25.6944], [55.7883, 25.6948], [55.7877, 25.6952], [55.7874, 25.696], [55.7867, 25.6963], [55.7856, 25.6967], [55.7841, 25.6964], [55.7832, 25.6958], [55.7826, 25.6955], [55.7821, 25.695], [55.7814, 25.6948], [55.7806, 25.6943], [55.7796, 25.695], [55.7776, 25.6962], [55.776, 25.6971], [55.776, 25.6973], [55.7767, 25.6971], [55.7769, 25.6974], [55.7773, 25.6972], [55.7776, 25.6978], [55.7785, 25.6992], [55.7792, 25.6992], [55.7815, 25.7028], [55.7831, 25.7049], [55.7854, 25.7072], [55.7855, 25.7071], [55.7863, 25.7077], [55.7873, 25.7083], [55.7884, 25.7092], [55.7897, 25.7102], [55.7902, 25.7106], [55.7902, 25.7109], [55.7908, 25.7112], [55.7916, 25.7119], [55.7923, 25.7126], [55.7924, 25.7132], [55.793, 25.7147], [55.7919, 25.7155], [55.7927, 25.7158], [55.7936, 25.7162], [55.7946, 25.7168], [55.7957, 25.7177], [55.7967, 25.7189], [55.7968, 25.7191], [55.7993, 25.7221], [55.7998, 25.7208], [55.7996, 25.7205], [55.7993, 25.7198], [55.7995, 25.7192], [55.7981, 25.7177], [55.7968, 25.7154], [55.7967, 25.7136], [55.7974, 25.7124], [55.7986, 25.7116], [55.8, 25.7111], [55.8, 25.7114], [55.8005, 25.7121], [55.7991, 25.7132], [55.7994, 25.7135], [55.8001, 25.7135], [55.8013, 25.7158], [55.8083, 25.7134], [55.8166, 25.7153], [55.816, 25.7167], [55.8149, 25.717], [55.8133, 25.7165], [55.8108, 25.7161], [55.8088, 25.716], [55.807, 25.7164], [55.8048, 25.7168], [55.8019, 25.7168], [55.8018, 25.7171], [55.8022, 25.7184], [55.8035, 25.7189], [55.8062, 25.7189], [55.808, 25.719], [55.8087, 25.7187], [55.8112, 25.7177], [55.8122, 25.7178], [55.8161, 25.7183], [55.8169, 25.7179], [55.8175, 25.7176], [55.8183, 25.7172], [55.8211, 25.7187], [55.8218, 25.7192], [55.8217, 25.7196], [55.8215, 25.7204], [55.8215, 25.7212], [55.8215, 25.7216], [55.8218, 25.722], [55.8223, 25.7225], [55.8225, 25.7228], [55.8226, 25.7229], [55.8227, 25.7228], [55.8228, 25.7228], [55.8228, 25.7227], [55.8227, 25.7227], [55.8219, 25.7218], [55.8217, 25.7216], [55.8217, 25.7215], [55.8217, 25.7213], [55.8217, 25.7205], [55.8218, 25.72], [55.8219, 25.7194], [55.8219, 25.7193], [55.822, 25.7188], [55.8221, 25.7185], [55.8223, 25.7181], [55.8226, 25.7171], [55.8229, 25.7162], [55.823, 25.7156], [55.8232, 25.7153], [55.8237, 25.7154], [55.8247, 25.7155], [55.8254, 25.7153], [55.8258, 25.7151], [55.8261, 25.7149], [55.8266, 25.7147], [55.8278, 25.7146], [55.829, 25.7146], [55.8301, 25.7147], [55.8311, 25.715], [55.8317, 25.7153], [55.8319, 25.7152], [55.832, 25.7154], [55.8322, 25.7161], [55.8317, 25.7161], [55.8313, 25.7166], [55.8314, 25.7168], [55.8303, 25.7173], [55.8286, 25.7176], [55.8269, 25.7175], [55.8259, 25.717], [55.826, 25.7167], [55.8248, 25.7165], [55.8239, 25.7168], [55.8235, 25.7179], [55.823, 25.7196], [55.8228, 25.7217], [55.8232, 25.722], [55.8234, 25.722], [55.8234, 25.7219], [55.8232, 25.7217], [55.8232, 25.7212], [55.8234, 25.7207], [55.8238, 25.7206], [55.8243, 25.7206], [55.825, 25.7208], [55.8258, 25.7211], [55.8255, 25.722], [55.8256, 25.7223], [55.826, 25.7225], [55.8264, 25.7226], [55.8268, 25.7229], [55.827, 25.7231], [55.8272, 25.7229], [55.8271, 25.7227], [55.8267, 25.7225], [55.8263, 25.722], [55.8267, 25.7214], [55.8276, 25.7211], [55.8286, 25.7209], [55.8298, 25.7211], [55.831, 25.7217], [55.8319, 25.7225], [55.8329, 25.7236], [55.8333, 25.7243], [55.8331, 25.7244], [55.8328, 25.7245], [55.8329, 25.7249], [55.8335, 25.725], [55.834, 25.7248], [55.8344, 25.7246], [55.8348, 25.7244], [55.8353, 25.7244], [55.8357, 25.7243], [55.8354, 25.724], [55.8349, 25.7236], [55.8355, 25.7231], [55.8364, 25.7229], [55.8372, 25.7231], [55.8379, 25.7236], [55.8379, 25.7243], [55.8376, 25.7246], [55.8373, 25.7248], [55.8374, 25.7251], [55.838, 25.7253], [55.8382, 25.7254], [55.8384, 25.7257], [55.8386, 25.7262], [55.8389, 25.7264], [55.8392, 25.7262], [55.8389, 25.7258], [55.8384, 25.7249], [55.8384, 25.7246], [55.8383, 25.723], [55.8387, 25.7224], [55.8387, 25.7219], [55.8384, 25.7208], [55.8386, 25.7198], [55.8387, 25.7188], [55.8386, 25.7178], [55.8383, 25.7171], [55.8378, 25.7166], [55.8372, 25.7163], [55.8373, 25.716], [55.8369, 25.7159], [55.8368, 25.7164], [55.837, 25.7165], [55.8367, 25.7172], [55.8354, 25.7169], [55.8355, 25.7161], [55.8358, 25.7162], [55.8358, 25.7157], [55.8353, 25.7157], [55.8353, 25.7159], [55.8325, 25.7159], [55.8324, 25.7154], [55.8325, 25.7154], [55.8332, 25.7152], [55.834, 25.7149], [55.8353, 25.7146], [55.8361, 25.7147], [55.8371, 25.7149], [55.8378, 25.7151], [55.8385, 25.7155], [55.8393, 25.716], [55.84, 25.7167], [55.8401, 25.7171], [55.8402, 25.7171], [55.8403, 25.7174], [55.8406, 25.7174], [55.8405, 25.7175], [55.8406, 25.7177], [55.8408, 25.7178], [55.8408, 25.7177], [55.8411, 25.7177], [55.841, 25.7187], [55.8406, 25.7186], [55.84, 25.7189], [55.8396, 25.7192], [55.8394, 25.72], [55.8394, 25.7203], [55.8393, 25.7209], [55.8394, 25.7213], [55.8395, 25.7218], [55.8395, 25.7222], [55.8394, 25.7224], [55.8393, 25.7227], [55.8393, 25.723], [55.8392, 25.7231], [55.8392, 25.7235], [55.8392, 25.724], [55.8392, 25.7245], [55.8393, 25.7248], [55.8395, 25.7251], [55.8403, 25.726], [55.8405, 25.7263], [55.8405, 25.7264], [55.8407, 25.7265], [55.8409, 25.7265], [55.841, 25.7263], [55.841, 25.7261], [55.8408, 25.726], [55.8406, 25.7257], [55.8404, 25.7254], [55.8407, 25.7251], [55.8411, 25.7249], [55.8417, 25.7248], [55.8419, 25.7248], [55.8422, 25.7247], [55.8427, 25.7248], [55.8436, 25.725], [55.8439, 25.7252], [55.8445, 25.7257], [55.845, 25.7261], [55.8454, 25.7265], [55.8455, 25.7266], [55.8459, 25.7274], [55.8456, 25.7275], [55.8455, 25.7276], [55.8454, 25.7277], [55.8455, 25.7278], [55.8457, 25.7278], [55.8458, 25.7278], [55.8464, 25.7277], [55.8468, 25.7277], [55.8471, 25.7277], [55.8473, 25.7278], [55.8474, 25.728], [55.8475, 25.7282], [55.8477, 25.7283], [55.8479, 25.7282], [55.848, 25.7281], [55.848, 25.728], [55.8477, 25.7276], [55.8475, 25.7271], [55.8474, 25.7268], [55.8475, 25.7262], [55.8482, 25.7249], [55.8481, 25.7249], [55.8482, 25.7244], [55.848, 25.7243], [55.8479, 25.7235], [55.8476, 25.7226], [55.8471, 25.7217], [55.8465, 25.7213], [55.8454, 25.7209], [55.8446, 25.7205], [55.8439, 25.72], [55.8428, 25.7194], [55.8422, 25.7192], [55.8422, 25.7189], [55.8414, 25.7187], [55.8416, 25.718], [55.8416, 25.7178], [55.8419, 25.7179], [55.8419, 25.7181], [55.8424, 25.7181], [55.8424, 25.7177], [55.8431, 25.7176], [55.844, 25.7177], [55.8447, 25.7178], [55.8452, 25.718], [55.8458, 25.7183], [55.8463, 25.7187], [55.8466, 25.7192], [55.8471, 25.7197], [55.8479, 25.7205], [55.8485, 25.7212], [55.8489, 25.7218], [55.849, 25.7222], [55.8488, 25.7223], [55.8489, 25.7226], [55.849, 25.7227], [55.849, 25.7228], [55.8492, 25.7237], [55.8492, 25.7243], [55.8492, 25.7248], [55.8492, 25.7249], [55.8491, 25.725], [55.849, 25.7253], [55.849, 25.7256], [55.8488, 25.7263], [55.8486, 25.7268], [55.8485, 25.727], [55.8485, 25.7272], [55.8485, 25.7273], [55.8487, 25.7273], [55.8488, 25.7273], [55.8488, 25.7271], [55.8488, 25.727], [55.8489, 25.7267], [55.849, 25.7265], [55.8491, 25.7264], [55.8491, 25.7263], [55.8492, 25.7259], [55.8492, 25.7258], [55.8495, 25.7256], [55.8498, 25.7256], [55.8504, 25.7254], [55.851, 25.7255], [55.8518, 25.7258], [55.8532, 25.7264], [55.8561, 25.7281], [55.857, 25.7285], [55.8568, 25.7283], [55.857, 25.7282], [55.8571, 25.728], [55.8571, 25.7279], [55.857, 25.7277], [55.8568, 25.7275], [55.8567, 25.7275], [55.8562, 25.7273], [55.8553, 25.7271], [55.8549, 25.7267], [55.8547, 25.7267], [55.8543, 25.7266], [55.8539, 25.7264], [55.8534, 25.7262], [55.853, 25.7259], [55.8523, 25.7257], [55.8516, 25.7254], [55.8509, 25.7252], [55.8506, 25.7253], [55.8504, 25.7252], [55.8504, 25.7251], [55.8506, 25.7251], [55.8505, 25.725], [55.8506, 25.7245], [55.851, 25.7238], [55.8511, 25.7229], [55.8513, 25.7222], [55.8516, 25.7218], [55.8522, 25.721], [55.8528, 25.7205], [55.8533, 25.7194], [55.8537, 25.7186], [55.8576, 25.7196], [55.86, 25.7206], [55.8615, 25.722], [55.8642, 25.7234], [55.8661, 25.7241], [55.8678, 25.7248], [55.8699, 25.7263], [55.8721, 25.7279], [55.874, 25.7293], [55.8745, 25.7297], [55.8745, 25.7298], [55.8749, 25.7303], [55.8759, 25.7308], [55.8765, 25.7314], [55.8759, 25.7318], [55.8753, 25.7317], [55.8746, 25.7315], [55.8743, 25.7306], [55.8743, 25.7314], [55.8748, 25.7323], [55.8751, 25.7325], [55.8768, 25.7333], [55.8779, 25.7335], [55.8803, 25.7344], [55.8792, 25.7362], [55.8774, 25.7356], [55.8762, 25.7352], [55.8755, 25.7366], [55.8754, 25.7367], [55.8755, 25.7368], [55.8755, 25.7372], [55.8755, 25.7374], [55.8759, 25.7375], [55.8762, 25.7375], [55.8764, 25.7377], [55.8772, 25.7379], [55.8783, 25.738], [55.8791, 25.7386], [55.8798, 25.7387], [55.8806, 25.737], [55.8796, 25.7363], [55.8807, 25.7347], [55.8821, 25.7349], [55.8832, 25.7355], [55.8838, 25.7363], [55.8849, 25.7368], [55.8854, 25.7371], [55.8851, 25.7376], [55.885, 25.7385], [55.8849, 25.7385], [55.8838, 25.7377], [55.8829, 25.7368], [55.8816, 25.7362], [55.8815, 25.7365], [55.8827, 25.7375], [55.8821, 25.7385], [55.8831, 25.7385], [55.8841, 25.7389], [55.8853, 25.7395], [55.8872, 25.7403], [55.8887, 25.7417], [55.8895, 25.7416], [55.8917, 25.7443], [55.8924, 25.7437], [55.8927, 25.744], [55.8929, 25.744], [55.8935, 25.7444], [55.8948, 25.7452], [55.8962, 25.7463], [55.8979, 25.7475], [55.8993, 25.7487], [55.9003, 25.7497], [55.9012, 25.7508], [55.9022, 25.7518], [55.9038, 25.7532], [55.9054, 25.7547], [55.9069, 25.7561], [55.9071, 25.7563], [55.9074, 25.7567], [55.9082, 25.7576], [55.9091, 25.7587], [55.9094, 25.7592], [55.9102, 25.7607], [55.9109, 25.7615], [55.911, 25.762], [55.912, 25.7635], [55.9128, 25.7644], [55.9137, 25.7658], [55.9138, 25.7661], [55.9138, 25.7663], [55.9136, 25.7667], [55.914, 25.7665], [55.9142, 25.767], [55.9144, 25.7677], [55.9148, 25.7681], [55.9152, 25.7685], [55.9153, 25.7689], [55.9151, 25.7692], [55.9152, 25.7693], [55.9153, 25.7693], [55.9153, 25.7692], [55.9155, 25.7688], [55.9156, 25.7685], [55.9155, 25.7682], [55.9152, 25.7679], [55.9147, 25.7673], [55.9148, 25.7672], [55.9152, 25.7669], [55.9154, 25.767], [55.9159, 25.7675], [55.9161, 25.7677], [55.9162, 25.7679], [55.9158, 25.7681], [55.9159, 25.7684], [55.9158, 25.7689], [55.9155, 25.7694], [55.9157, 25.7694], [55.916, 25.7688], [55.916, 25.7683], [55.9164, 25.7683], [55.9166, 25.7684], [55.9174, 25.769], [55.9177, 25.7687], [55.9179, 25.7689], [55.9189, 25.7698], [55.9189, 25.7699], [55.9188, 25.7703], [55.9192, 25.7701], [55.9201, 25.7709], [55.9204, 25.7714], [55.9202, 25.7718], [55.9206, 25.7716], [55.9208, 25.7717], [55.9213, 25.7723], [55.9214, 25.7734], [55.9215, 25.7734], [55.9216, 25.7732], [55.9218, 25.7731], [55.9221, 25.7731], [55.9225, 25.7734], [55.9227, 25.7737], [55.9229, 25.7741], [55.9228, 25.7743], [55.9226, 25.7747], [55.9226, 25.7748], [55.9232, 25.7745], [55.9237, 25.7749], [55.924, 25.7753], [55.924, 25.7755], [55.9241, 25.7762], [55.9245, 25.7759], [55.9249, 25.7762], [55.9252, 25.7765], [55.9255, 25.7767], [55.9256, 25.777], [55.9254, 25.7774], [55.9253, 25.7777], [55.9259, 25.7772], [55.9264, 25.7776], [55.9268, 25.7783], [55.9267, 25.779], [55.9271, 25.7786], [55.9272, 25.7787], [55.9277, 25.7792], [55.9279, 25.7795], [55.9279, 25.7797], [55.9279, 25.7803], [55.9284, 25.7799], [55.9286, 25.7801], [55.9288, 25.7806], [55.9291, 25.7812], [55.929, 25.7816], [55.9289, 25.7818], [55.9294, 25.7815], [55.9296, 25.7815], [55.9298, 25.782], [55.9303, 25.783], [55.9309, 25.7827], [55.9311, 25.7829], [55.933, 25.7853], [55.9353, 25.7882], [55.9369, 25.7899], [55.9373, 25.791], [55.9375, 25.7917], [55.9375, 25.7918], [55.9376, 25.7919], [55.9386, 25.793], [55.9387, 25.7929], [55.9392, 25.7928], [55.9398, 25.7943], [55.94, 25.7952], [55.9412, 25.7947], [55.9428, 25.7964], [55.9445, 25.7982], [55.9457, 25.7995], [55.9468, 25.8014], [55.9479, 25.8036], [55.9483, 25.8043], [55.947, 25.8049], [55.9494, 25.8093], [55.9495, 25.8106], [55.9496, 25.8106], [55.9495, 25.8094], [55.9496, 25.8092], [55.9473, 25.805], [55.9484, 25.8045], [55.9492, 25.8058], [55.9503, 25.8075], [55.9497, 25.8088], [55.9499, 25.8091], [55.95, 25.809], [55.9499, 25.8088], [55.9504, 25.8077], [55.9506, 25.8075], [55.9515, 25.8057], [55.9515, 25.8056], [55.9523, 25.8039], [55.9514, 25.8025], [55.9512, 25.8015], [55.9511, 25.8012], [55.9503, 25.799], [55.9504, 25.7977], [55.9519, 25.7944], [55.9525, 25.7927], [55.9524, 25.7924], [55.9521, 25.791], [55.9498, 25.7888], [55.9453, 25.7847], [55.9422, 25.7815], [55.9406, 25.7796], [55.9391, 25.7779], [55.9381, 25.7732], [55.9382, 25.7728], [55.9389, 25.7727], [55.9394, 25.7721], [55.9394, 25.7716], [55.9408, 25.7714], [55.9425, 25.7707], [55.9439, 25.7705], [55.9453, 25.7702], [55.9455, 25.7702], [55.9464, 25.7704], [55.9486, 25.7709], [55.9501, 25.7713], [55.9508, 25.7714], [55.9503, 25.7727], [55.9495, 25.7746], [55.9479, 25.776], [55.9467, 25.7767], [55.9459, 25.7773], [55.9468, 25.7777], [55.9478, 25.777], [55.9492, 25.7763], [55.9499, 25.7765], [55.9519, 25.7767], [55.953, 25.7767], [55.9539, 25.7764], [55.9543, 25.7753], [55.9526, 25.7733], [55.952, 25.7724], [55.9523, 25.7717], [55.9551, 25.7723], [55.9549, 25.7733], [55.9619, 25.7749], [55.9638, 25.7752], [55.9652, 25.7754], [55.9658, 25.7753], [55.9658, 25.7762], [55.9656, 25.7762], [55.9656, 25.7764], [55.9659, 25.7764], [55.9662, 25.7796], [55.9659, 25.7796], [55.9659, 25.7798], [55.9663, 25.7798], [55.9663, 25.7813], [55.9661, 25.7812], [55.9655, 25.7811], [55.9653, 25.7814], [55.9653, 25.7819], [55.9651, 25.7821], [55.9651, 25.7825], [55.9645, 25.7825], [55.9645, 25.783], [55.9646, 25.7837], [55.9647, 25.7846], [55.9647, 25.7847], [55.9646, 25.7847], [55.9646, 25.7848], [55.9646, 25.785], [55.9645, 25.785], [55.9644, 25.7851], [55.9642, 25.7852], [55.9642, 25.7853], [55.9641, 25.7854], [55.964, 25.7855], [55.9638, 25.7856], [55.9638, 25.7857], [55.9641, 25.7859], [55.9642, 25.7865], [55.9639, 25.7866], [55.9636, 25.7867], [55.9553, 25.7889], [55.9544, 25.7892], [55.9542, 25.7897], [55.9537, 25.7916], [55.9541, 25.7931], [55.9542, 25.7933], [55.9547, 25.7934], [55.9549, 25.7933], [55.9568, 25.7928], [55.9628, 25.7912], [55.9656, 25.7905], [55.9657, 25.7908], [55.9659, 25.7914], [55.966, 25.7916], [55.9666, 25.7937], [55.9672, 25.7952], [55.9671, 25.7952], [55.9654, 25.7953], [55.9617, 25.7955], [55.9587, 25.7957], [55.9576, 25.7958], [55.9571, 25.7958], [55.9567, 25.7957], [55.9563, 25.7957], [55.956, 25.7957], [55.956, 25.796], [55.9538, 25.796], [55.9528, 25.7968], [55.9523, 25.7973], [55.952, 25.7978], [55.952, 25.7982], [55.9523, 25.7991], [55.9523, 25.7992], [55.9526, 25.8003], [55.9538, 25.8024], [55.9543, 25.8034], [55.9542, 25.8037], [55.9541, 25.8044], [55.9541, 25.8045], [55.9539, 25.8049], [55.9532, 25.8064], [55.953, 25.8067], [55.9526, 25.8077], [55.9508, 25.8111], [55.9507, 25.8112], [55.9507, 25.8113], [55.9506, 25.8113], [55.9506, 25.8114], [55.9506, 25.8115], [55.9507, 25.8115], [55.9507, 25.8114], [55.9508, 25.8115], [55.9508, 25.8114], [55.9509, 25.8114], [55.951, 25.8114], [55.951, 25.8116], [55.951, 25.8117], [55.9512, 25.8124], [55.9514, 25.8132], [55.9517, 25.8139], [55.9519, 25.8144], [55.9519, 25.8145], [55.952, 25.8146], [55.9521, 25.8146], [55.9521, 25.8145], [55.952, 25.8145], [55.9519, 25.814], [55.9515, 25.813], [55.9512, 25.812], [55.9512, 25.8119], [55.9513, 25.8118], [55.9515, 25.8117], [55.9518, 25.8115], [55.9523, 25.8114], [55.9527, 25.8114], [55.9528, 25.8114], [55.953, 25.8114], [55.9534, 25.8114], [55.9538, 25.8114], [55.9544, 25.8116], [55.9549, 25.8118], [55.9554, 25.8121], [55.9553, 25.8122], [55.9556, 25.8124], [55.9559, 25.8127], [55.9561, 25.813], [55.9563, 25.8133], [55.9564, 25.8136], [55.9563, 25.8138], [55.9563, 25.8139], [55.9562, 25.814], [55.956, 25.814], [55.9556, 25.8138], [55.956, 25.8141], [55.956, 25.8143], [55.9563, 25.8145], [55.9564, 25.8148], [55.9565, 25.815], [55.9566, 25.8153], [55.9569, 25.8162], [55.9567, 25.8164], [55.9557, 25.8168], [55.9556, 25.8169], [55.9552, 25.8169], [55.955, 25.8169], [55.955, 25.817], [55.9551, 25.817], [55.9553, 25.817], [55.9556, 25.817], [55.9558, 25.8169], [55.9565, 25.8166], [55.957, 25.8163], [55.9577, 25.8159], [55.9578, 25.8161], [55.958, 25.8164], [55.9582, 25.8166], [55.9583, 25.8167], [55.9584, 25.8166], [55.9583, 25.8164], [55.9582, 25.8163], [55.9578, 25.8158], [55.958, 25.8158], [55.9588, 25.8154], [55.9594, 25.8153], [55.9601, 25.8157], [55.9609, 25.8165], [55.9612, 25.8171], [55.9608, 25.8179], [55.9607, 25.8181], [55.9603, 25.8177], [55.9602, 25.8176], [55.9601, 25.8175], [55.9601, 25.8178], [55.9604, 25.8184], [55.9606, 25.8187], [55.9609, 25.8192], [55.961, 25.8192], [55.9611, 25.8193], [55.9615, 25.82], [55.962, 25.8207], [55.9621, 25.8207], [55.9618, 25.82], [55.9622, 25.8198], [55.9622, 25.8197], [55.9629, 25.8198], [55.9636, 25.82], [55.9639, 25.8205], [55.9642, 25.8215], [55.964, 25.8227], [55.9632, 25.8231], [55.9628, 25.8224], [55.9626, 25.8223], [55.9652, 25.8273], [55.9654, 25.8272], [55.9652, 25.8267], [55.966, 25.8265], [55.9672, 25.827], [55.9676, 25.8277], [55.9676, 25.8288], [55.9675, 25.8295], [55.9668, 25.83], [55.9666, 25.8295], [55.9664, 25.8295], [55.9675, 25.8318], [55.9678, 25.8321], [55.9684, 25.8324], [55.9689, 25.8324], [55.9698, 25.832], [55.9765, 25.8292], [55.9766, 25.8291], [55.9763, 25.8278], [55.9757, 25.8265], [55.9747, 25.8251], [55.9735, 25.8236], [55.9735, 25.8235], [55.9734, 25.8235], [55.9732, 25.8234], [55.9731, 25.8232], [55.9733, 25.8232], [55.9734, 25.8231], [55.9734, 25.823], [55.973, 25.823], [55.9727, 25.8229], [55.9723, 25.823], [55.969, 25.8213], [55.9679, 25.8206], [55.967, 25.8201], [55.9663, 25.8194], [55.9657, 25.8189], [55.9656, 25.8186], [55.9654, 25.8186], [55.9653, 25.8183], [55.9654, 25.8178], [55.9655, 25.8167], [55.9657, 25.8166], [55.9662, 25.8169], [55.9668, 25.8172], [55.9673, 25.8174], [55.9681, 25.8177], [55.969, 25.8182], [55.9702, 25.8189], [55.9713, 25.8196], [55.9721, 25.8203], [55.9727, 25.8207], [55.9732, 25.821], [55.9736, 25.8214], [55.9738, 25.8217], [55.9744, 25.8218], [55.9748, 25.8219], [55.9752, 25.8221], [55.9755, 25.8223], [55.9755, 25.8225], [55.9757, 25.8228], [55.9757, 25.8232], [55.9748, 25.8231], [55.9747, 25.823], [55.9746, 25.8229], [55.9745, 25.823], [55.9743, 25.823], [55.9742, 25.8231], [55.9742, 25.8232], [55.9744, 25.8232], [55.9745, 25.8232], [55.9757, 25.8233], [55.9758, 25.8233], [55.9765, 25.8233], [55.9773, 25.8243], [55.9775, 25.8244], [55.9777, 25.8248], [55.9781, 25.8252], [55.9784, 25.8255], [55.9785, 25.8259], [55.9791, 25.8264], [55.9795, 25.8269], [55.98, 25.8274], [55.9806, 25.828], [55.9807, 25.8284], [55.9809, 25.829], [55.981, 25.8291], [55.9813, 25.8299], [55.9815, 25.8301], [55.9816, 25.8303], [55.9819, 25.8303], [55.9824, 25.8306], [55.9829, 25.8313], [55.9831, 25.8317], [55.9832, 25.8319], [55.9833, 25.8321], [55.9833, 25.8322], [55.9834, 25.8323], [55.9836, 25.8326], [55.9836, 25.8327], [55.9837, 25.8327], [55.9839, 25.8329], [55.984, 25.833], [55.9841, 25.8331], [55.9842, 25.8331], [55.9844, 25.8331], [55.9845, 25.8332], [55.9847, 25.8333], [55.9846, 25.8331], [55.9844, 25.8329], [55.9843, 25.8329], [55.9841, 25.8325], [55.9842, 25.8324], [55.9846, 25.8323], [55.9853, 25.8333], [55.9854, 25.8335], [55.9858, 25.8337], [55.9859, 25.8339], [55.9862, 25.8341], [55.9865, 25.8343], [55.9866, 25.8344], [55.9868, 25.8346], [55.987, 25.8348], [55.9872, 25.8348], [55.9875, 25.8352], [55.9877, 25.8354], [55.9886, 25.8366], [55.9895, 25.8377], [55.9902, 25.8384], [55.9904, 25.8389], [55.9907, 25.8399], [55.9913, 25.8408], [55.9921, 25.8418], [55.9925, 25.8427], [55.9919, 25.8444], [55.9932, 25.8457], [55.9952, 25.8481], [55.9958, 25.8491], [55.9975, 25.8509], [55.9979, 25.8532], [55.9996, 25.8542], [56.0003, 25.8553], [56.0009, 25.8566], [56.0015, 25.8571], [56.0025, 25.8571], [56.0031, 25.8571], [56.0032, 25.8572], [56.0033, 25.8575], [56.0031, 25.8578], [56.0028, 25.858], [56.0024, 25.858], [56.0025, 25.8581], [56.0023, 25.8582], [56.0022, 25.8583], [56.0021, 25.8583], [56.0021, 25.8584], [56.002, 25.8584], [56.0019, 25.8584], [56.0019, 25.8585], [56.0019, 25.8586], [56.0019, 25.8587], [56.0019, 25.8588], [56.002, 25.8588], [56.002, 25.8589], [56.0021, 25.859], [56.0021, 25.8591], [56.0021, 25.8592], [56.0022, 25.8592], [56.0022, 25.8593], [56.0022, 25.8594], [56.0023, 25.8595], [56.0024, 25.8596], [56.0025, 25.8597], [56.0027, 25.8599], [56.0028, 25.86], [56.0028, 25.8601], [56.0029, 25.8602], [56.003, 25.8604], [56.003, 25.8605], [56.0032, 25.8607], [56.0033, 25.8608], [56.0033, 25.8609], [56.0034, 25.861], [56.0034, 25.8611], [56.0035, 25.8612], [56.0036, 25.8612], [56.0036, 25.8613], [56.0037, 25.8615], [56.0037, 25.8617], [56.0038, 25.8617], [56.0038, 25.8618], [56.0039, 25.8618], [56.0039, 25.8619], [56.004, 25.862], [56.0041, 25.862], [56.0041, 25.8621], [56.0042, 25.8622], [56.0042, 25.8623], [56.0043, 25.8624], [56.0043, 25.8625], [56.0044, 25.8626], [56.0045, 25.8628], [56.0046, 25.8628], [56.0046, 25.8629], [56.0047, 25.863], [56.0047, 25.8631], [56.0048, 25.8631], [56.0048, 25.8632], [56.0048, 25.8633], [56.0049, 25.8633], [56.0049, 25.8634], [56.0051, 25.8634], [56.0052, 25.8634], [56.0052, 25.8633], [56.0053, 25.8633], [56.0054, 25.8632], [56.0054, 25.8631], [56.0055, 25.8631], [56.0055, 25.863], [56.0056, 25.863], [56.0061, 25.8635], [56.0067, 25.8637], [56.007, 25.8633], [56.0073, 25.8631], [56.0079, 25.8628], [56.0085, 25.8629], [56.0087, 25.8632], [56.0091, 25.8638], [56.0087, 25.864], [56.0082, 25.8642], [56.0075, 25.8642], [56.0067, 25.8645], [56.0064, 25.8649], [56.0061, 25.8653], [56.0063, 25.8656], [56.0065, 25.8657], [56.0058, 25.8661], [56.0062, 25.8667], [56.0062, 25.8671], [56.0062, 25.8672], [56.006, 25.8674], [56.0064, 25.8682], [56.0066, 25.8683], [56.0067, 25.8684], [56.0068, 25.8685], [56.0068, 25.8686], [56.0075, 25.8702], [56.0075, 25.8705], [56.008, 25.8713], [56.0081, 25.8721], [56.0082, 25.8724], [56.0089, 25.8728], [56.0097, 25.8748], [56.0105, 25.8751], [56.0111, 25.8765], [56.0117, 25.8789], [56.0129, 25.8817], [56.0143, 25.8832], [56.0148, 25.8842], [56.0159, 25.8856], [56.0159, 25.8857], [56.0158, 25.8857], [56.0157, 25.8857], [56.0156, 25.8857], [56.016, 25.8861], [56.016, 25.886], [56.0159, 25.886], [56.0159, 25.8859], [56.0162, 25.8857], [56.017, 25.8852], [56.0171, 25.8852], [56.0173, 25.8854], [56.0175, 25.8858], [56.0182, 25.8858], [56.0184, 25.8864], [56.0238, 25.8848], [56.0237, 25.884], [56.0234, 25.8828], [56.0237, 25.8825], [56.024, 25.8826], [56.0242, 25.8828], [56.0244, 25.883], [56.025, 25.8829], [56.025, 25.8826], [56.0327, 25.8819], [56.0336, 25.8824], [56.0346, 25.883], [56.0357, 25.8838], [56.036, 25.8844], [56.0354, 25.8864], [56.0361, 25.8871], [56.0364, 25.8872], [56.0366, 25.8873], [56.0365, 25.8874], [56.0365, 25.8875], [56.0362, 25.8879], [56.0361, 25.8881], [56.0358, 25.8883], [56.0357, 25.8884], [56.0356, 25.8885], [56.0355, 25.8884], [56.0354, 25.8883], [56.0353, 25.8883], [56.0351, 25.8883], [56.035, 25.8884], [56.035, 25.8885], [56.0349, 25.8886], [56.0347, 25.8887], [56.0346, 25.8889], [56.0345, 25.8891], [56.0344, 25.8893], [56.0345, 25.8895], [56.0346, 25.8896], [56.0348, 25.8897], [56.0349, 25.8899], [56.035, 25.8899], [56.0351, 25.8898], [56.0353, 25.8895], [56.0355, 25.8892], [56.0359, 25.8887], [56.036, 25.8886], [56.0361, 25.8886], [56.036, 25.8885], [56.0361, 25.8883], [56.0366, 25.8876], [56.0368, 25.8874], [56.037, 25.8875], [56.0372, 25.8876], [56.0373, 25.8877], [56.0374, 25.8877], [56.0375, 25.888], [56.0375, 25.8881], [56.0376, 25.8885], [56.0367, 25.8897], [56.0366, 25.8899], [56.0367, 25.8901], [56.037, 25.8904], [56.0378, 25.8908], [56.0378, 25.8919], [56.0383, 25.8922], [56.0398, 25.8926], [56.0408, 25.8924], [56.041, 25.8919], [56.0411, 25.8916], [56.0413, 25.8913], [56.0422, 25.8913], [56.0429, 25.8913], [56.0449, 25.8914], [56.0456, 25.8912], [56.0457, 25.8911], [56.0459, 25.8907], [56.046, 25.8904], [56.0467, 25.8903], [56.0473, 25.8903], [56.0477, 25.8899], [56.0481, 25.8903], [56.0486, 25.8905], [56.049, 25.8905], [56.0492, 25.8903], [56.0493, 25.8901], [56.0495, 25.8903], [56.0499, 25.8902], [56.0501, 25.8901], [56.0505, 25.8897], [56.0507, 25.8892], [56.0505, 25.8885], [56.0508, 25.8883], [56.051, 25.8886], [56.0513, 25.8896], [56.0514, 25.8899], [56.0514, 25.8908], [56.0513, 25.8913], [56.0509, 25.8913], [56.0498, 25.8915], [56.0491, 25.8918], [56.0482, 25.8921], [56.0475, 25.8925], [56.0473, 25.893], [56.0477, 25.8935], [56.0479, 25.8942], [56.0485, 25.8949], [56.0501, 25.8946], [56.0504, 25.8956], [56.0509, 25.8966], [56.0515, 25.8975], [56.0525, 25.8987], [56.0532, 25.8992], [56.0539, 25.8996], [56.0545, 25.9002], [56.056, 25.9014], [56.0563, 25.9017], [56.0563, 25.9018], [56.0552, 25.9045], [56.056, 25.9047], [56.0525, 25.9128], [56.0518, 25.9153], [56.0516, 25.9154], [56.0515, 25.9156], [56.0514, 25.9159], [56.0513, 25.9162], [56.0508, 25.9163], [56.05, 25.9164], [56.0499, 25.9164], [56.0495, 25.9164], [56.0487, 25.9168], [56.0479, 25.9172], [56.0474, 25.9175], [56.0473, 25.9177], [56.0487, 25.919], [56.0493, 25.9199], [56.0497, 25.9212], [56.05, 25.9228], [56.05, 25.9229], [56.0504, 25.9245], [56.0505, 25.9254], [56.0505, 25.9259], [56.0507, 25.9269], [56.0509, 25.9279], [56.0509, 25.9286], [56.0511, 25.9294], [56.0509, 25.9294], [56.0505, 25.929], [56.0505, 25.9288], [56.0504, 25.9278], [56.0503, 25.9273], [56.0502, 25.9268], [56.0501, 25.9265], [56.05, 25.9262], [56.05, 25.926], [56.05, 25.9258], [56.0499, 25.9255], [56.0498, 25.9252], [56.0498, 25.925], [56.0497, 25.9248], [56.0495, 25.9244], [56.0493, 25.9242], [56.049, 25.9239], [56.049, 25.9237], [56.0481, 25.9214], [56.0481, 25.9212], [56.0478, 25.9211], [56.0476, 25.921], [56.0475, 25.9207], [56.0474, 25.9204], [56.0472, 25.92], [56.0469, 25.9197], [56.0468, 25.9193], [56.0466, 25.9189], [56.0465, 25.9185], [56.0463, 25.9182], [56.0463, 25.9178], [56.046, 25.9172], [56.0458, 25.9168], [56.0458, 25.9165], [56.0458, 25.9163], [56.0458, 25.9156], [56.0458, 25.9154], [56.0452, 25.9141], [56.0444, 25.9134], [56.0443, 25.9134], [56.0439, 25.9133], [56.0435, 25.913], [56.0431, 25.9128], [56.0427, 25.9126], [56.0425, 25.9124], [56.0424, 25.912], [56.0423, 25.9118], [56.0417, 25.9113], [56.0412, 25.9114], [56.0406, 25.9114], [56.0402, 25.9113], [56.0398, 25.9111], [56.0393, 25.9106], [56.0389, 25.9101], [56.0389, 25.9099], [56.0385, 25.9095], [56.0377, 25.9079], [56.0377, 25.9065], [56.0389, 25.9052], [56.0401, 25.9046], [56.0395, 25.9041], [56.0388, 25.9032], [56.0383, 25.9027], [56.0383, 25.9017], [56.0379, 25.901], [56.0368, 25.9004], [56.0359, 25.8999], [56.0353, 25.8998], [56.0351, 25.8999], [56.0345, 25.8992], [56.034, 25.8984], [56.0337, 25.8984], [56.0339, 25.8979], [56.0337, 25.8975], [56.0332, 25.8972], [56.0327, 25.8971], [56.0325, 25.8972], [56.0323, 25.8971], [56.0321, 25.8968], [56.0319, 25.8965], [56.0319, 25.8963], [56.0317, 25.8961], [56.0313, 25.8959], [56.0312, 25.8958], [56.0311, 25.8956], [56.031, 25.8955], [56.0309, 25.8953], [56.0306, 25.8952], [56.0305, 25.895], [56.0305, 25.8947], [56.0305, 25.8946], [56.0301, 25.894], [56.03, 25.8934], [56.0297, 25.892], [56.0296, 25.892], [56.0295, 25.8919], [56.0295, 25.8915], [56.0296, 25.8911], [56.0293, 25.8898], [56.0287, 25.889], [56.0285, 25.889], [56.0284, 25.8888], [56.0285, 25.8886], [56.0285, 25.8885], [56.0284, 25.8882], [56.0287, 25.8879], [56.0291, 25.8877], [56.0291, 25.8875], [56.0289, 25.8869], [56.029, 25.8864], [56.0292, 25.8858], [56.0296, 25.8855], [56.0296, 25.8854], [56.0295, 25.8848], [56.0294, 25.8848], [56.029, 25.8848], [56.0286, 25.885], [56.0281, 25.8853], [56.0278, 25.8854], [56.0274, 25.8855], [56.0272, 25.8858], [56.0271, 25.8861], [56.0267, 25.8865], [56.0261, 25.8868], [56.0253, 25.8872], [56.0248, 25.8874], [56.0244, 25.8873], [56.0242, 25.8874], [56.0239, 25.8876], [56.0237, 25.8879], [56.0227, 25.8885], [56.0221, 25.8888], [56.0217, 25.8892], [56.0215, 25.8896], [56.0216, 25.8898], [56.0219, 25.89], [56.0221, 25.8904], [56.0223, 25.8907], [56.0228, 25.8911], [56.0225, 25.8914], [56.0226, 25.8917], [56.0226, 25.8918], [56.0227, 25.8923], [56.0227, 25.8928], [56.0227, 25.893], [56.0225, 25.8934], [56.0225, 25.8937], [56.0226, 25.8939], [56.0227, 25.894], [56.0227, 25.8941], [56.0228, 25.8942], [56.023, 25.8945], [56.0232, 25.8947], [56.0235, 25.8948], [56.0237, 25.8948], [56.0238, 25.8948], [56.0239, 25.8949], [56.0241, 25.895], [56.0241, 25.8951], [56.0244, 25.8953], [56.0245, 25.8954], [56.0244, 25.8956], [56.0242, 25.8958], [56.0245, 25.8962], [56.0246, 25.8966], [56.0248, 25.8976], [56.0244, 25.897], [56.0232, 25.8956], [56.0228, 25.895], [56.0223, 25.8943], [56.0214, 25.893], [56.0216, 25.8921], [56.0215, 25.8916], [56.0211, 25.8916], [56.021, 25.8914], [56.0209, 25.8912], [56.0209, 25.8911], [56.0204, 25.8916], [56.0204, 25.8912], [56.0201, 25.8908], [56.0198, 25.8907], [56.0197, 25.8903], [56.0198, 25.8899], [56.02, 25.8895], [56.0201, 25.8893], [56.0202, 25.8892], [56.0203, 25.8891], [56.0202, 25.889], [56.0201, 25.8889], [56.0188, 25.8884], [56.0175, 25.8883], [56.0093, 25.8889], [56.0081, 25.8896], [56.0075, 25.89], [56.0076, 25.8901], [56.0082, 25.8898], [56.0093, 25.8891], [56.0172, 25.8885], [56.0172, 25.8886], [56.0177, 25.8885], [56.018, 25.8892], [56.019, 25.8907], [56.0195, 25.8917], [56.0208, 25.8937], [56.0218, 25.8954], [56.0228, 25.8967], [56.0239, 25.8984], [56.0249, 25.9], [56.0258, 25.9019], [56.0262, 25.9029], [56.0266, 25.9036], [56.03, 25.911], [56.0306, 25.9119], [56.0311, 25.9126], [56.0312, 25.913], [56.0317, 25.9139], [56.032, 25.9147], [56.0321, 25.9151], [56.0325, 25.916], [56.0329, 25.9172], [56.0334, 25.9181], [56.0336, 25.9183], [56.034, 25.9189], [56.0343, 25.9197], [56.0347, 25.9207], [56.035, 25.9217], [56.0353, 25.9225], [56.0356, 25.923], [56.0357, 25.9235], [56.0361, 25.9238], [56.0363, 25.9243], [56.037, 25.9259], [56.0382, 25.9286], [56.0386, 25.9296], [56.0388, 25.93], [56.039, 25.9303], [56.0393, 25.9309], [56.0395, 25.9316], [56.04, 25.9326], [56.0405, 25.9339], [56.041, 25.9347], [56.0415, 25.9358], [56.0421, 25.9374], [56.0426, 25.9386], [56.0433, 25.9404], [56.0434, 25.941], [56.0435, 25.9417], [56.0443, 25.9437], [56.0472, 25.9537], [56.0486, 25.9596], [56.048, 25.9596], [56.0477, 25.9598], [56.0477, 25.9601], [56.0474, 25.9604], [56.0476, 25.9606], [56.0476, 25.9605], [56.048, 25.9602], [56.0482, 25.9602], [56.0486, 25.9604], [56.0488, 25.9606], [56.0497, 25.9637], [56.0485, 25.9652], [56.0471, 25.967], [56.0473, 25.9671], [56.0487, 25.9655], [56.0519, 25.9618], [56.052, 25.9618], [56.0521, 25.9617], [56.0527, 25.9611], [56.0527, 25.961], [56.0544, 25.9592], [56.0545, 25.9591], [56.0541, 25.9588], [56.0551, 25.9579], [56.0551, 25.9578], [56.0553, 25.9576], [56.0559, 25.957], [56.0565, 25.9564], [56.0571, 25.9557], [56.0572, 25.9555], [56.0573, 25.9548], [56.0573, 25.9543], [56.0572, 25.9536], [56.0564, 25.9505], [56.0562, 25.9497], [56.0558, 25.948], [56.0565, 25.9477], [56.0583, 25.9469], [56.0553, 25.9408], [56.0576, 25.9399], [56.0603, 25.9455], [56.0602, 25.9466], [56.0598, 25.9491], [56.0594, 25.9524], [56.0591, 25.9545], [56.059, 25.9565], [56.0588, 25.9571], [56.0584, 25.9571], [56.058, 25.9572], [56.0578, 25.9581], [56.0573, 25.9588], [56.0551, 25.9607], [56.0552, 25.9608], [56.055, 25.9611], [56.0551, 25.9614], [56.0539, 25.9623], [56.0541, 25.9626], [56.0528, 25.9636], [56.0509, 25.965], [56.0514, 25.9665], [56.0515, 25.9668], [56.0516, 25.967], [56.0517, 25.9672], [56.0514, 25.9674], [56.0515, 25.9677], [56.0517, 25.9679], [56.052, 25.9678], [56.0521, 25.9681], [56.0521, 25.9684], [56.0523, 25.9689], [56.0526, 25.9709], [56.0525, 25.9716], [56.0493, 25.9726], [56.0456, 25.9745], [56.0456, 25.9749], [56.0457, 25.975], [56.0472, 25.9794], [56.0468, 25.9809], [56.0465, 25.9819], [56.047, 25.9816], [56.0477, 25.9791], [56.0462, 25.975], [56.0542, 25.9747], [56.0591, 25.9804], [56.0579, 25.9813], [56.0526, 25.9788], [56.0518, 25.9801], [56.0494, 25.9798], [56.0494, 25.9803], [56.0496, 25.9802], [56.0515, 25.9805], [56.0556, 25.9826], [56.0569, 25.9834], [56.0576, 25.9832], [56.0614, 25.9809], [56.0618, 25.9809], [56.0621, 25.9807], [56.0652, 25.9848], [56.0676, 25.9885], [56.0701, 25.9885], [56.0701, 25.9896], [56.0718, 25.9931], [56.0729, 25.9975], [56.0745, 26.0023], [56.0762, 26.0074], [56.0774, 26.0113], [56.0775, 26.0118], [56.0789, 26.0166], [56.0802, 26.0215], [56.0806, 26.0254], [56.0826, 26.0314], [56.0837, 26.0362], [56.0846, 26.0419], [56.0848, 26.0465], [56.0855, 26.0505], [56.086, 26.0505], [56.087, 26.0506], [56.0878, 26.0507], [56.0894, 26.051], [56.1025, 26.0533], [56.103, 26.0534], [56.1058, 26.0544], [56.1064, 26.0549], [56.1071, 26.0556], [56.1106, 26.0543], [56.1155, 26.0513], [56.1166, 26.0506], [56.1194, 26.0508], [56.1205, 26.0514], [56.1223, 26.051], [56.124, 26.0517], [56.1241, 26.0531], [56.1255, 26.0548], [56.1262, 26.0556], [56.1263, 26.0556], [56.1286, 26.0566], [56.1332, 26.0559], [56.1348, 26.0568], [56.1349, 26.0569], [56.135, 26.0569], [56.1382, 26.0604], [56.1404, 26.0645], [56.142, 26.067], [56.1432, 26.0675], [56.1454, 26.0682], [56.1478, 26.0682], [56.1527, 26.0693], [56.1531, 26.0693], [56.1551, 26.068], [56.156, 26.0674], [56.1562, 26.0665], [56.1568, 26.0636], [56.1593, 26.0602], [56.1615, 26.0562], [56.1616, 26.056], [56.1638, 26.0546], [56.1623, 26.0514], [56.1613, 26.0493], [56.162, 26.0476], [56.1621, 26.0473], [56.1624, 26.0467], [56.164, 26.0439], [56.1651, 26.0413], [56.1685, 26.0355], [56.1701, 26.0316], [56.1705, 26.0306], [56.1718, 26.0275], [56.1718, 26.0274], [56.1724, 26.0265], [56.1731, 26.0256], [56.1731, 26.0255], [56.1712, 26.0233], [56.1817, 26.019], [56.1817, 26.0163], [56.1817, 26.0131], [56.1817, 26.0055], [56.1804, 25.9953], [56.1828, 25.9925], [56.1876, 25.9866], [56.1913, 25.972], [56.1898, 25.9692], [56.1805, 25.9529], [56.1727, 25.948], [56.1707, 25.9468], [56.1699, 25.9469], [56.1697, 25.947], [56.1687, 25.9408], [56.1684, 25.9384], [56.1682, 25.9374], [56.168, 25.9356], [56.1687, 25.9345], [56.1693, 25.9334], [56.1702, 25.9323], [56.1729, 25.9284], [56.1729, 25.9278], [56.1731, 25.9206], [56.1731, 25.9203], [56.1731, 25.9188], [56.1797, 25.9171], [56.1781, 25.8924], [56.1732, 25.8895], [56.1693, 25.8872], [56.16, 25.8755], [56.1643, 25.8653], [56.1642, 25.8647], [56.1641, 25.8645], [56.1629, 25.8579], [56.153, 25.8484], [56.1526, 25.848], [56.1523, 25.8462], [56.1511, 25.8411], [56.1511, 25.841], [56.147, 25.8354], [56.1433, 25.8302], [56.1424, 25.829], [56.1416, 25.8278], [56.1416, 25.8277], [56.1416, 25.8272], [56.1416, 25.8268], [56.1414, 25.8126], [56.1427, 25.8112], [56.1549, 25.798], [56.1558, 25.7757], [56.1559, 25.7745], [56.1559, 25.7737], [56.1559, 25.7736], [56.156, 25.7714], [56.1562, 25.7654], [56.1564, 25.7612], [56.158, 25.7589], [56.1599, 25.7562], [56.1604, 25.7555], [56.1604, 25.7554], [56.1606, 25.7549], [56.1676, 25.7258], [56.1557, 25.6868], [56.1566, 25.6843], [56.1582, 25.6799], [56.1586, 25.6789], [56.1594, 25.6766], [56.1611, 25.672], [56.1628, 25.6673], [56.1642, 25.6636], [56.1672, 25.6552], [56.1734, 25.6383], [56.1797, 25.621], [56.1802, 25.621], [56.1947, 25.6205], [56.203, 25.6192], [56.2073, 25.6157], [56.2163, 25.6155], [56.2284, 25.6099], [56.2341, 25.6081], [56.2533, 25.6023], [56.2649, 25.606], [56.2662, 25.6064], [56.2664, 25.6064], [56.2671, 25.6079], [56.2614, 25.6106], [56.2604, 25.6148], [56.2596, 25.6172], [56.2592, 25.6175], [56.2594, 25.6183], [56.2604, 25.6186], [56.2606, 25.6188], [56.2615, 25.6196], [56.2619, 25.62], [56.2621, 25.6199], [56.2623, 25.6198], [56.2624, 25.6198], [56.2625, 25.6198], [56.2626, 25.6198], [56.2626, 25.6202], [56.2626, 25.6204], [56.2629, 25.6204], [56.2633, 25.6204], [56.2635, 25.6202], [56.2643, 25.6207], [56.2639, 25.6213], [56.2643, 25.6216], [56.2642, 25.622], [56.2646, 25.6222], [56.2644, 25.623], [56.2632, 25.6227], [56.2633, 25.623], [56.2634, 25.6236], [56.2634, 25.6238], [56.2635, 25.6242], [56.2639, 25.6242], [56.2645, 25.6244], [56.2651, 25.6245], [56.2657, 25.6247], [56.2662, 25.6249], [56.2668, 25.6253], [56.2668, 25.6252], [56.267, 25.625], [56.2674, 25.6251], [56.2675, 25.625], [56.2679, 25.6252], [56.268, 25.6251], [56.2684, 25.6253], [56.2687, 25.6254], [56.2688, 25.6254], [56.2689, 25.6255], [56.2691, 25.6256], [56.2696, 25.6257], [56.2701, 25.6257], [56.2705, 25.6258], [56.2708, 25.6259], [56.2709, 25.6259], [56.271, 25.6257], [56.271, 25.6255], [56.2711, 25.6253], [56.2719, 25.6254], [56.2727, 25.6254], [56.2734, 25.6256], [56.2733, 25.6249], [56.2727, 25.6244], [56.2726, 25.6247], [56.2722, 25.6248], [56.2719, 25.6247], [56.2724, 25.6231], [56.2725, 25.6231], [56.2726, 25.6231], [56.2726, 25.6233], [56.2729, 25.6233], [56.2729, 25.623], [56.2732, 25.6224], [56.2734, 25.6221], [56.2736, 25.6217], [56.275, 25.6226], [56.2751, 25.622], [56.2757, 25.6224], [56.2786, 25.6238], [56.2804, 25.6239], [56.2811, 25.6234], [56.2819, 25.6226], [56.2838, 25.6192], [56.2835, 25.6191], [56.2833, 25.6196], [56.2828, 25.6202], [56.282, 25.6208], [56.2815, 25.6209], [56.2808, 25.6204], [56.2802, 25.6201], [56.2803, 25.6192], [56.2813, 25.618], [56.2813, 25.6177], [56.2791, 25.6163], [56.2789, 25.6158], [56.2797, 25.615], [56.2822, 25.6164], [56.2823, 25.6171], [56.2821, 25.6184], [56.2816, 25.6193], [56.2819, 25.6192], [56.2827, 25.6182], [56.2827, 25.6162], [56.2819, 25.6149], [56.2795, 25.6132], [56.2805, 25.6131], [56.2849, 25.6094], [56.2876, 25.6084], [56.2882, 25.6074], [56.2894, 25.6069], [56.2908, 25.6066], [56.292, 25.6073], [56.2927, 25.6078], [56.2924, 25.6082], [56.2919, 25.6088], [56.2914, 25.6096], [56.2911, 25.6106], [56.2915, 25.6113], [56.2932, 25.612], [56.2943, 25.6125], [56.2948, 25.6125], [56.2948, 25.6122], [56.2934, 25.6114], [56.2922, 25.6104], [56.2922, 25.6101], [56.2924, 25.6097], [56.2927, 25.6092], [56.293, 25.6087], [56.2933, 25.6081], [56.2945, 25.6082], [56.2958, 25.6088], [56.2972, 25.6091], [56.2983, 25.6097], [56.2994, 25.6102], [56.2999, 25.6106], [56.2999, 25.6113], [56.3004, 25.6113], [56.3012, 25.6114], [56.3014, 25.6117], [56.3003, 25.6127], [56.2993, 25.6135], [56.2976, 25.6146], [56.2958, 25.6156], [56.2969, 25.6157], [56.2976, 25.6154], [56.2984, 25.6151], [56.2989, 25.6147], [56.2996, 25.6143], [56.3004, 25.6136], [56.3018, 25.6125], [56.3031, 25.6101], [56.3038, 25.6101], [56.3046, 25.6101], [56.3049, 25.6106], [56.3055, 25.6108], [56.307, 25.6108], [56.3083, 25.6105], [56.3097, 25.6101], [56.3111, 25.6091], [56.3125, 25.6089], [56.314, 25.6086], [56.3159, 25.6077], [56.317, 25.607], [56.3194, 25.6064], [56.322, 25.6052], [56.323, 25.6049], [56.3237, 25.606], [56.3238, 25.6068], [56.3245, 25.6068], [56.3245, 25.606], [56.3245, 25.6052], [56.3246, 25.6047], [56.3253, 25.604], [56.3267, 25.6033], [56.3274, 25.6033], [56.3277, 25.6036], [56.3293, 25.603], [56.3307, 25.6028], [56.3321, 25.6026], [56.3332, 25.6026], [56.3336, 25.6029], [56.3341, 25.6033], [56.3345, 25.6038], [56.3354, 25.6046], [56.3358, 25.6048], [56.3365, 25.6046], [56.3378, 25.6028], [56.3394, 25.6013], [56.3409, 25.6005], [56.3423, 25.6002], [56.3436, 25.6003], [56.3441, 25.6007], [56.3445, 25.6009], [56.3449, 25.6007], [56.3456, 25.5997], [56.3464, 25.5982], [56.3485, 25.5964], [56.3499, 25.5966], [56.3513, 25.5973], [56.3543, 25.5962], [56.3556, 25.595], [56.3564, 25.5933], [56.3564, 25.5907], [56.3564, 25.5883], [56.3566, 25.586], [56.3568, 25.5829], [56.356, 25.576], [56.3553, 25.5681], [56.3565, 25.5598], [56.3583, 25.5537], [56.3619, 25.5487], [56.3634, 25.5462], [56.3638, 25.5433], [56.3649, 25.5404], [56.3676, 25.538], [56.3699, 25.5358], [56.3717, 25.5337], [56.3716, 25.5266], [56.3714, 25.5204], [56.3678, 25.512], [56.3654, 25.5051], [56.365, 25.5037], [56.3635, 25.4956], [56.3629, 25.4909], [56.3647, 25.4863], [56.3652, 25.4808], [56.3648, 25.4711], [56.3643, 25.4629], [56.3639, 25.4608], [56.3627, 25.4536], [56.3618, 25.4478], [56.3619, 25.443], [56.3618, 25.4391], [56.3628, 25.4351], [56.3649, 25.4326], [56.3717, 25.4336], [56.3717, 25.4312], [56.3668, 25.4306], [56.3667, 25.4226], [56.3673, 25.4177], [56.3679, 25.4147], [56.3689, 25.4114], [56.3655, 25.4126], [56.3656, 25.4125], [56.3662, 25.4114], [56.3665, 25.4103], [56.3666, 25.4076], [56.3661, 25.404], [56.366, 25.4031], [56.3659, 25.4022], [56.3657, 25.4014], [56.3655, 25.4009], [56.3655, 25.4006], [56.3654, 25.3996], [56.3655, 25.3994], [56.3652, 25.3978], [56.3649, 25.3961], [56.3648, 25.396], [56.3646, 25.396], [56.3641, 25.3949], [56.3641, 25.3945], [56.3654, 25.3942], [56.3658, 25.3935], [56.3657, 25.3934], [56.3655, 25.3935], [56.3655, 25.3936], [56.3654, 25.3938], [56.3653, 25.3936], [56.3644, 25.3939], [56.3642, 25.3939], [56.3641, 25.3937], [56.3641, 25.3935], [56.364, 25.393], [56.3635, 25.3917], [56.3633, 25.3912], [56.3633, 25.3911], [56.3635, 25.391], [56.3637, 25.3909], [56.364, 25.3908], [56.3643, 25.3909], [56.3646, 25.391], [56.3649, 25.3911], [56.3652, 25.3913], [56.3656, 25.3916], [56.3658, 25.3918], [56.3659, 25.392], [56.3661, 25.3927], [56.3662, 25.393], [56.3664, 25.3933], [56.3668, 25.3938], [56.367, 25.3938], [56.367, 25.3936], [56.367, 25.3935], [56.3665, 25.3929], [56.3664, 25.3928], [56.366, 25.3916], [56.3655, 25.3912], [56.3649, 25.3908], [56.364, 25.3906], [56.3638, 25.3903], [56.3636, 25.3903], [56.3638, 25.3906], [56.3634, 25.3907], [56.363, 25.3905], [56.363, 25.3903], [56.3626, 25.3895], [56.3616, 25.3873], [56.3611, 25.386], [56.3606, 25.3844], [56.3604, 25.3836], [56.36, 25.3817], [56.3598, 25.3808], [56.3592, 25.379], [56.3588, 25.3776], [56.3589, 25.3774], [56.3588, 25.3772], [56.3586, 25.377], [56.3584, 25.3769], [56.358, 25.3766], [56.3577, 25.376], [56.3577, 25.3759], [56.3577, 25.3756], [56.3578, 25.3754], [56.3578, 25.3753], [56.3577, 25.3751], [56.3572, 25.3748], [56.3572, 25.3746], [56.3573, 25.3744], [56.3572, 25.3743], [56.3571, 25.3739], [56.357, 25.3736], [56.3569, 25.3735], [56.3566, 25.3735], [56.3556, 25.3742], [56.3548, 25.3749], [56.3535, 25.3746], [56.3528, 25.3741], [56.3525, 25.3736], [56.3523, 25.3728], [56.3508, 25.3729], [56.3503, 25.3722], [56.3498, 25.3703], [56.3494, 25.3677], [56.3493, 25.3662], [56.3493, 25.3632], [56.35, 25.3596], [56.3511, 25.3568], [56.352, 25.3555], [56.3528, 25.3547], [56.3542, 25.3532], [56.3555, 25.3521], [56.357, 25.3508], [56.3576, 25.3504], [56.3579, 25.3504], [56.3582, 25.3501], [56.3588, 25.3499], [56.3596, 25.3498], [56.3603, 25.3496], [56.3605, 25.3494], [56.3607, 25.3491], [56.3609, 25.3485], [56.361, 25.3486], [56.3614, 25.3487], [56.3618, 25.3489], [56.3623, 25.3491], [56.3627, 25.3491], [56.3628, 25.3489], [56.3625, 25.3488], [56.3619, 25.3487], [56.3612, 25.3484], [56.3613, 25.3483], [56.3613, 25.3482], [56.3612, 25.348], [56.3612, 25.3479], [56.3614, 25.3478], [56.3616, 25.3476], [56.3619, 25.3474], [56.3621, 25.3472], [56.3624, 25.3471], [56.3626, 25.347], [56.3629, 25.347], [56.3636, 25.347], [56.3637, 25.347], [56.3638, 25.3471], [56.3644, 25.3475], [56.3636, 25.3489], [56.3645, 25.3496], [56.3667, 25.349], [56.3673, 25.3513], [56.3668, 25.3521], [56.3659, 25.3536], [56.3643, 25.3563], [56.3634, 25.3577], [56.3653, 25.3587], [56.3658, 25.3578], [56.3659, 25.3576], [56.3661, 25.3574], [56.3662, 25.3571], [56.3664, 25.3567], [56.3666, 25.3564], [56.3667, 25.3563], [56.3668, 25.3561], [56.3669, 25.3559], [56.367, 25.3558], [56.3671, 25.3557], [56.3671, 25.3556], [56.3672, 25.3555], [56.3672, 25.3554], [56.3673, 25.3554], [56.3673, 25.3553], [56.3675, 25.3549], [56.3676, 25.3548], [56.3677, 25.3547], [56.3677, 25.3545], [56.3679, 25.3542], [56.3681, 25.354], [56.3682, 25.3538], [56.3683, 25.3535], [56.3685, 25.3533], [56.3687, 25.353], [56.3689, 25.3528], [56.3691, 25.3525], [56.3692, 25.3524], [56.3693, 25.3523], [56.3694, 25.3521], [56.3696, 25.3519], [56.3697, 25.3518], [56.37, 25.3515], [56.3702, 25.3513], [56.3706, 25.3511], [56.3711, 25.3506], [56.3715, 25.3504], [56.3717, 25.3503], [56.3719, 25.3502], [56.372, 25.3503], [56.3722, 25.3503], [56.3723, 25.3503], [56.3724, 25.3503], [56.3725, 25.3502], [56.3724, 25.3502], [56.3724, 25.3501], [56.3724, 25.35], [56.3726, 25.3497], [56.3727, 25.3496], [56.3728, 25.3493], [56.373, 25.3492], [56.3732, 25.3491], [56.3735, 25.3491], [56.3736, 25.3491], [56.3738, 25.3491], [56.374, 25.3491], [56.3742, 25.3491], [56.3743, 25.349], [56.3746, 25.349], [56.3748, 25.3488], [56.375, 25.3488], [56.3753, 25.3488], [56.3754, 25.3489], [56.3756, 25.3489], [56.3758, 25.3488], [56.376, 25.3488], [56.376, 25.3487], [56.3757, 25.3487], [56.3756, 25.3484], [56.3757, 25.3483], [56.3759, 25.3482], [56.3758, 25.3481], [56.3756, 25.3481], [56.3755, 25.348], [56.3756, 25.348], [56.3758, 25.348], [56.3759, 25.348], [56.376, 25.348], [56.376, 25.3479], [56.3759, 25.3478], [56.3758, 25.3478], [56.3757, 25.3478], [56.3756, 25.3479], [56.3753, 25.348], [56.375, 25.3481], [56.375, 25.348], [56.3752, 25.348], [56.3753, 25.3479], [56.3756, 25.3478], [56.3756, 25.3477], [56.3755, 25.3476], [56.3756, 25.3476], [56.3756, 25.3475], [56.3755, 25.3475], [56.3754, 25.3473], [56.3754, 25.3465], [56.3753, 25.3463], [56.3753, 25.3457], [56.3753, 25.3456], [56.3754, 25.3454], [56.3756, 25.3452], [56.3756, 25.345], [56.3757, 25.3449], [56.3759, 25.3445], [56.376, 25.3442], [56.3761, 25.3441], [56.3761, 25.344], [56.3761, 25.3439], [56.3762, 25.3438], [56.3762, 25.3437], [56.3762, 25.3436], [56.3761, 25.3436], [56.3761, 25.3437], [56.3759, 25.3439], [56.3758, 25.3441], [56.3758, 25.3442], [56.3756, 25.3446], [56.3755, 25.3447], [56.3754, 25.3448], [56.3752, 25.3447], [56.375, 25.3446], [56.3748, 25.3446], [56.3748, 25.3444], [56.3747, 25.3445], [56.3745, 25.3444], [56.3744, 25.3444], [56.3743, 25.3444], [56.3741, 25.3444], [56.3739, 25.3443], [56.3736, 25.3443], [56.3734, 25.3442], [56.3733, 25.3441], [56.3732, 25.3439], [56.3732, 25.3437], [56.3732, 25.3433], [56.3732, 25.3429], [56.3732, 25.3426], [56.3734, 25.3423], [56.3736, 25.3419], [56.374, 25.3415], [56.3743, 25.3412], [56.3748, 25.3409], [56.3752, 25.3408], [56.3756, 25.3407], [56.376, 25.3406], [56.3764, 25.3406], [56.3769, 25.3405], [56.3776, 25.3404], [56.3778, 25.3403], [56.378, 25.3401], [56.378, 25.3399], [56.3774, 25.3394], [56.3773, 25.3392], [56.3774, 25.3389], [56.3775, 25.3385], [56.3777, 25.3385], [56.3781, 25.3385], [56.3783, 25.3383], [56.3784, 25.3383], [56.3784, 25.3381], [56.3785, 25.338], [56.3787, 25.3381], [56.3791, 25.3382], [56.3797, 25.3383], [56.3799, 25.3383], [56.3803, 25.3378], [56.3803, 25.3376], [56.3802, 25.3376], [56.3802, 25.3374], [56.3805, 25.3371], [56.3806, 25.3367], [56.3807, 25.3365], [56.3809, 25.336], [56.3809, 25.3359], [56.381, 25.3358], [56.3811, 25.3357], [56.3812, 25.3355], [56.3811, 25.3354], [56.381, 25.3353], [56.3809, 25.3352], [56.3808, 25.3352], [56.3807, 25.3351], [56.3806, 25.335], [56.3805, 25.335], [56.3803, 25.335], [56.3801, 25.335], [56.3799, 25.3351], [56.3796, 25.3353], [56.3793, 25.3355], [56.379, 25.3357], [56.3788, 25.3356], [56.3785, 25.3357], [56.378, 25.3355], [56.3776, 25.3351], [56.3773, 25.3348], [56.3773, 25.3346], [56.3772, 25.3344], [56.3772, 25.3342], [56.3771, 25.3341], [56.377, 25.3338], [56.3771, 25.3337], [56.3771, 25.3335], [56.3768, 25.3334], [56.3766, 25.3327], [56.3766, 25.3325], [56.3764, 25.3318], [56.3763, 25.3315], [56.3762, 25.3308], [56.3765, 25.3302], [56.3773, 25.3293], [56.3788, 25.3279], [56.38, 25.327], [56.3804, 25.3266], [56.3805, 25.3265], [56.3812, 25.3253], [56.381, 25.3239], [56.3776, 25.3222], [56.376, 25.3194], [56.3755, 25.3148], [56.3735, 25.297], [56.3733, 25.2955], [56.374, 25.2948], [56.375, 25.2935], [56.3741, 25.2841], [56.3735, 25.2782], [56.3718, 25.2688], [56.3696, 25.2602], [56.3687, 25.2545], [56.3666, 25.2475], [56.3654, 25.238], [56.3639, 25.2298], [56.3637, 25.229], [56.3628, 25.2196], [56.3607, 25.199], [56.3606, 25.1971], [56.3605, 25.1868], [56.3604, 25.1831], [56.3598, 25.1685], [56.3597, 25.164], [56.3585, 25.135], [56.36, 25.1286], [56.3602, 25.1128], [56.3606, 25.0989], [56.3591, 25.0981], [56.3591, 25.098], [56.359, 25.0968], [56.359, 25.093], [56.3592, 25.0905], [56.3594, 25.0866], [56.3595, 25.0844], [56.3597, 25.0825], [56.3602, 25.0813], [56.3624, 25.0815], [56.3628, 25.0812], [56.3628, 25.0809], [56.3626, 25.0809], [56.3625, 25.0812], [56.3623, 25.0813], [56.36, 25.0811], [56.3601, 25.081], [56.3604, 25.081], [56.3604, 25.0808], [56.3607, 25.0808], [56.3608, 25.0799], [56.3601, 25.0798], [56.3603, 25.0793], [56.3603, 25.0788], [56.3604, 25.0782], [56.3608, 25.0777], [56.3623, 25.0778], [56.3632, 25.0785], [56.3637, 25.0794], [56.3635, 25.0809], [56.3637, 25.0816], [56.364, 25.0816], [56.3637, 25.0808], [56.3638, 25.0805], [56.3639, 25.0793], [56.3634, 25.0784], [56.3625, 25.0777], [56.3621, 25.0776], [56.3615, 25.0776], [56.3615, 25.0774], [56.3613, 25.0766], [56.3613, 25.0752], [56.3611, 25.0728], [56.361, 25.0708], [56.361, 25.0682], [56.3609, 25.0679], [56.3613, 25.0635], [56.3616, 25.0593], [56.3618, 25.0577], [56.3623, 25.0539], [56.3624, 25.0528], [56.3631, 25.0481], [56.3637, 25.0442], [56.3642, 25.0418], [56.3649, 25.0378], [56.3653, 25.0349], [56.3655, 25.0338], [56.3665, 25.032], [56.3671, 25.0306], [56.3673, 25.0303], [56.3674, 25.0301], [56.3677, 25.0301], [56.3692, 25.0304], [56.3699, 25.0305], [56.3716, 25.0304], [56.375, 25.0302], [56.375, 25.0301], [56.3718, 25.0303], [56.3709, 25.0303], [56.3698, 25.0304], [56.369, 25.0303], [56.3682, 25.0301], [56.3672, 25.0296], [56.3667, 25.0293], [56.3667, 25.029], [56.3664, 25.0281], [56.366, 25.0275], [56.3656, 25.0269], [56.3654, 25.0264], [56.3652, 25.026], [56.3652, 25.0259], [56.3648, 25.0251], [56.3645, 25.0248], [56.3643, 25.0244], [56.3641, 25.024], [56.364, 25.0235], [56.3639, 25.0226], [56.3637, 25.0208], [56.3632, 25.0193], [56.3627, 25.0179], [56.3622, 25.0169], [56.362, 25.0166], [56.3622, 25.0165], [56.3618, 25.0159], [56.3617, 25.0161], [56.3615, 25.0157], [56.3612, 25.0153], [56.3607, 25.0148], [56.3604, 25.0146], [56.3603, 25.0146], [56.36, 25.0143], [56.3597, 25.0141], [56.3591, 25.0138], [56.3587, 25.0138], [56.3583, 25.014], [56.3582, 25.0142], [56.3582, 25.0145], [56.3586, 25.0147], [56.3593, 25.015], [56.3597, 25.0152], [56.3598, 25.0154], [56.3597, 25.0157], [56.3594, 25.0161], [56.359, 25.0164], [56.3586, 25.0164], [56.3585, 25.0162], [56.3582, 25.0158], [56.3578, 25.015], [56.3577, 25.015], [56.3575, 25.0151], [56.3573, 25.0153], [56.3572, 25.0156], [56.3571, 25.0159], [56.3569, 25.0161], [56.3567, 25.0165], [56.3568, 25.0169], [56.3569, 25.0172], [56.3567, 25.0174], [56.3563, 25.0182], [56.3561, 25.0187], [56.3559, 25.0193], [56.3554, 25.0202], [56.3552, 25.0209], [56.3551, 25.0215], [56.3554, 25.0219], [56.3556, 25.0223], [56.3557, 25.0227], [56.3559, 25.0229], [56.3562, 25.0232], [56.3563, 25.0236], [56.3563, 25.0243], [56.3563, 25.0249], [56.3562, 25.0254], [56.3561, 25.0256], [56.3558, 25.0256], [56.3555, 25.0256], [56.3555, 25.0253], [56.3554, 25.025], [56.3555, 25.0246], [56.3554, 25.0243], [56.3555, 25.024], [56.3556, 25.0238], [56.3554, 25.0234], [56.3551, 25.0232], [56.3548, 25.023], [56.3546, 25.023], [56.3541, 25.0231], [56.3541, 25.0229], [56.3544, 25.0229], [56.3544, 25.0227], [56.3543, 25.0226], [56.3543, 25.0225], [56.3543, 25.0223], [56.3543, 25.0222], [56.3545, 25.0221], [56.3545, 25.022], [56.3545, 25.0217], [56.3544, 25.0212], [56.3543, 25.0206], [56.3543, 25.0196], [56.3545, 25.0192], [56.3547, 25.0185], [56.3547, 25.018], [56.3549, 25.0177], [56.3553, 25.0172], [56.3556, 25.0165], [56.3561, 25.0157], [56.3565, 25.015], [56.3567, 25.0145], [56.3568, 25.0142], [56.3581, 25.013], [56.3584, 25.0128], [56.3593, 25.013], [56.3593, 25.0123], [56.3594, 25.0113], [56.3596, 25.0108], [56.3595, 25.0104], [56.3593, 25.0098], [56.3592, 25.0088], [56.3591, 25.0081], [56.3592, 25.0061], [56.3592, 25.005], [56.3596, 25.0034], [56.36, 25.0015], [56.36, 25.0002], [56.3598, 24.9994], [56.3599, 24.9993], [56.3594, 24.9986], [56.3595, 24.9983], [56.3597, 24.9979], [56.3602, 24.9977], [56.3608, 24.9982], [56.3612, 24.9989], [56.3615, 25.0002], [56.3614, 25.0008], [56.3613, 25.0017], [56.3612, 25.0026], [56.361, 25.0031], [56.3608, 25.0034], [56.3606, 25.0038], [56.3604, 25.0044], [56.3604, 25.005], [56.3604, 25.0059], [56.3605, 25.0064], [56.3606, 25.0069], [56.3606, 25.0073], [56.3604, 25.008], [56.3601, 25.0087], [56.3599, 25.009], [56.3602, 25.0099], [56.3606, 25.0101], [56.3612, 25.0095], [56.3617, 25.0095], [56.3621, 25.0095], [56.3623, 25.0092], [56.3624, 25.0094], [56.3625, 25.0095], [56.3629, 25.0095], [56.3635, 25.0092], [56.3639, 25.008], [56.3638, 25.007], [56.3644, 25.0062], [56.3646, 25.0061], [56.3651, 25.0057], [56.3654, 25.0049], [56.3658, 25.0038], [56.366, 25.0032], [56.3659, 25.0026], [56.3656, 25.002], [56.3648, 25.0005], [56.3646, 24.9996], [56.3647, 24.9987], [56.3649, 24.998], [56.365, 24.9978], [56.3653, 24.998], [56.3657, 24.9981], [56.366, 24.9984], [56.3662, 24.9987], [56.3663, 24.999], [56.3665, 24.999], [56.3668, 24.9986], [56.3672, 24.9975], [56.367, 24.9968], [56.3664, 24.9953], [56.3663, 24.9947], [56.3665, 24.9942], [56.3668, 24.9941], [56.3671, 24.9944], [56.3673, 24.9949], [56.3675, 24.9951], [56.3676, 24.9951], [56.3679, 24.9945], [56.3679, 24.9941], [56.3677, 24.9938], [56.3673, 24.9936], [56.367, 24.9933], [56.367, 24.9929], [56.3671, 24.9924], [56.3673, 24.9922], [56.3674, 24.9917], [56.3672, 24.9913], [56.3668, 24.9906], [56.366, 24.9893], [56.3661, 24.9887], [56.3664, 24.9887], [56.3668, 24.9888], [56.3672, 24.9888], [56.3679, 24.989], [56.3688, 24.9892], [56.3689, 24.9892], [56.3692, 24.989], [56.3693, 24.9886], [56.3695, 24.9881], [56.3697, 24.9874], [56.3698, 24.9872], [56.3699, 24.987], [56.37, 24.9869], [56.3701, 24.9867], [56.3702, 24.9863], [56.3703, 24.986], [56.3703, 24.9856], [56.3704, 24.9851], [56.3704, 24.9846], [56.3702, 24.9839], [56.37, 24.9835], [56.3698, 24.983], [56.3698, 24.9826], [56.37, 24.9819], [56.3698, 24.9816], [56.3695, 24.9813], [56.3692, 24.9809], [56.3691, 24.9805], [56.3691, 24.9801], [56.3694, 24.98], [56.3699, 24.9799], [56.3704, 24.9798], [56.3707, 24.9796], [56.3571, 24.9765], [56.3512, 24.9763], [56.3455, 24.9731], [56.3445, 24.9725], [56.3434, 24.9719], [56.3344, 24.9723], [56.3308, 24.9724], [56.3293, 24.9724], [56.3267, 24.9724], [56.3236, 24.9724], [56.3236, 24.9722], [56.3237, 24.972], [56.3239, 24.9717], [56.3243, 24.971], [56.3276, 24.9645], [56.3277, 24.9643], [56.329, 24.9618], [56.3302, 24.9598], [56.3369, 24.949], [56.3395, 24.9448], [56.3412, 24.9421], [56.3436, 24.9399], [56.3501, 24.9339], [56.3474, 24.9293], [56.341, 24.918], [56.3389, 24.9144], [56.3365, 24.9114], [56.3296, 24.9027], [56.3269, 24.8993], [56.3266, 24.8989], [56.3261, 24.8982], [56.3054, 24.8842], [56.2806, 24.8842], [56.2806, 24.8844], [56.2802, 24.8747], [56.2764, 24.872], [56.2591, 24.8599], [56.2365, 24.8558], [56.2146, 24.8519], [56.2093, 24.8509], [56.208, 24.8507], [56.2059, 24.8503], [56.2056, 24.8462], [56.2054, 24.8437], [56.204, 24.8238], [56.2028, 24.8066], [56.2028, 24.8062], [56.2027, 24.806], [56.2027, 24.8058], [56.2012, 24.7844], [56.1895, 24.7783], [56.1663, 24.7662], [56.1637, 24.7648], [56.1611, 24.7635], [56.155, 24.7604], [56.1533, 24.7594], [56.1213, 24.7428], [56.1127, 24.7382], [56.1121, 24.7383], [56.0916, 24.7416], [56.0811, 24.7433], [56.078, 24.748], [56.0761, 24.7507], [56.0558, 24.7813], [56.0491, 24.7913], [56.046, 24.796], [56.0362, 24.8108], [56.0303, 24.8179], [56.0299, 24.8184], [56.0288, 24.8198], [56.0276, 24.8212], [56.0269, 24.8222], [56.0272, 24.8278], [56.025, 24.8309], [56.018, 24.8359], [56.012, 24.8405], [56.005, 24.849], [56.0021, 24.8527], [56.0001, 24.8551], [55.9984, 24.8543], [55.9959, 24.8561], [55.995, 24.8568], [55.9964, 24.8597], [55.995, 24.861], [55.9848, 24.871], [55.9841, 24.8717], [55.978, 24.8777], [55.9798, 24.895], [55.9882, 24.8926], [55.9947, 24.8908], [55.9955, 24.8905], [56.0176, 24.884], [56.052, 24.8739], [56.0605, 24.8715], [56.0537, 24.8751], [56.051, 24.8765], [56.0475, 24.8812], [56.0426, 24.8878], [56.0419, 24.8888], [56.0418, 24.8897], [56.0408, 24.9065], [56.0407, 24.9089], [56.0427, 24.9123], [56.0445, 24.9154], [56.0463, 24.9185], [56.0499, 24.9247], [56.0584, 24.9393], [56.0594, 24.9409], [56.0613, 24.9443], [56.0632, 24.9476], [56.0414, 24.9465], [56.0416, 24.9477], [56.046, 24.9682], [56.0414, 24.9696], [56.0356, 24.9715], [56.03, 24.9734], [56.0092, 24.9924], [56.0087, 24.9928], [56.0067, 24.9945], [56.0028, 24.9952], [55.9627, 25.0052], [55.9612, 25.0057], [55.9611, 25.0057], [55.9603, 25.006], [55.9597, 25.0056], [55.9568, 25.0032], [55.9212, 24.9738], [55.9181, 24.9713], [55.917, 24.9704], [55.9108, 24.9653], [55.9022, 24.9653], [55.8835, 24.9653], [55.8735, 24.9654], [55.8674, 24.9654], [55.8658, 24.9654], [55.8615, 24.9654], [55.8514, 24.9654], [55.8509, 24.9647], [55.8425, 24.9528], [55.8367, 24.9447], [55.8168, 24.9166], [55.8135, 24.9119], [55.8126, 24.9107], [55.8126, 24.9101], [55.8126, 24.9099], [55.8127, 24.9083], [55.8133, 24.88], [55.815, 24.8006], [55.815, 24.7998], [55.815, 24.7995], [55.815, 24.7994], [55.8152, 24.7994], [55.8155, 24.7994], [55.8168, 24.7995], [55.82, 24.7997], [55.8204, 24.7945], [55.8206, 24.7946], [55.8207, 24.7936], [55.8224, 24.7897], [55.8261, 24.787], [55.8288, 24.783], [55.8321, 24.7802], [55.8323, 24.7759], [55.8332, 24.7716], [55.8331, 24.7674], [55.8324, 24.7637], [55.8324, 24.7598], [55.8315, 24.7561], [55.8319, 24.7509], [55.8316, 24.7462], [55.8303, 24.7421], [55.8289, 24.7383], [55.8292, 24.7338], [55.8278, 24.73], [55.8278, 24.7253], [55.8279, 24.7214], [55.8292, 24.7169], [55.829, 24.713], [55.8289, 24.7091], [55.829, 24.7046], [55.8301, 24.7004], [55.8315, 24.6962], [55.8331, 24.6925], [55.8348, 24.6884], [55.8355, 24.6841], [55.8356, 24.68], [55.8364, 24.676], [55.8371, 24.6709], [55.8366, 24.6705], [55.8112, 24.6504], [55.7943, 24.6369], [55.8168, 24.6153], [55.8127, 24.6117], [55.7755, 24.5789], [55.7681, 24.5724], [55.7653, 24.5296], [55.7697, 24.5203], [55.7698, 24.5201], [55.7858, 24.4862], [55.7976, 24.4707], [55.8209, 24.4403], [55.8238, 24.4278], [55.8279, 24.41], [55.8347, 24.41], [55.8346, 24.3946], [55.8346, 24.3924], [55.8345, 24.3589], [55.8345, 24.3416], [55.8344, 24.3366], [55.8344, 24.3334], [55.831, 24.3296], [55.8293, 24.3275], [55.8263, 24.3222], [55.8157, 24.3154], [55.808, 24.3104], [55.7986, 24.2926], [55.7916, 24.2794], [55.7829, 24.2727], [55.7812, 24.2714], [55.7696, 24.2633], [55.7679, 24.2622], [55.7673, 24.2621], [55.767, 24.2621], [55.7655, 24.2619], [55.7595, 24.2611], [55.7574, 24.2563], [55.7563, 24.253], [55.7559, 24.2519], [55.7539, 24.2463], [55.7533, 24.239], [55.7533, 24.2382], [55.7533, 24.2381], [55.753, 24.2349], [55.7558, 24.2343], [55.7657, 24.2323], [55.7695, 24.2328], [55.7696, 24.2328], [55.7758, 24.2349], [55.7768, 24.2349], [55.7776, 24.2344], [55.7785, 24.2339], [55.7794, 24.2335], [55.7802, 24.233], [55.781, 24.2325], [55.7818, 24.232], [55.7826, 24.2315], [55.7835, 24.231], [55.7842, 24.2304], [55.7848, 24.2299], [55.7871, 24.228], [55.7878, 24.2273], [55.7884, 24.2266], [55.7892, 24.2261], [55.7901, 24.2258], [55.7909, 24.2252], [55.7915, 24.2245], [55.7929, 24.2232], [55.7937, 24.2227], [55.7954, 24.2219], [55.7963, 24.2216], [55.7982, 24.2211], [55.7992, 24.2208], [55.8001, 24.2204], [55.8005, 24.2196], [55.8012, 24.2189], [55.8019, 24.2182], [55.8033, 24.217], [55.8041, 24.2164], [55.8048, 24.2158], [55.8055, 24.2152], [55.8062, 24.2146], [55.8074, 24.2132], [55.8082, 24.2121], [55.8094, 24.211], [55.8098, 24.2117], [55.8112, 24.2118], [55.8139, 24.2114], [55.8147, 24.211], [55.8156, 24.2105], [55.8165, 24.2101], [55.8174, 24.2098], [55.8183, 24.2094], [55.8191, 24.209], [55.82, 24.2085], [55.8208, 24.2081], [55.8217, 24.2075], [55.8226, 24.2072], [55.8232, 24.2068], [55.8234, 24.2067], [55.8241, 24.2061], [55.825, 24.2057], [55.826, 24.2056], [55.8278, 24.2047], [55.8286, 24.2043], [55.8295, 24.2038], [55.8303, 24.2034], [55.8312, 24.203], [55.832, 24.2024], [55.8334, 24.2013], [55.8534, 24.2113], [55.8584, 24.2125], [55.8647, 24.2123], [55.8719, 24.2137], [55.8754, 24.2159], [55.9222, 24.2202], [55.9312, 24.221], [55.9552, 24.2232], [55.9512, 24.2141], [55.9553, 24.2152], [55.9633, 24.2174], [55.9686, 24.1981], [55.9723, 24.1851], [55.9613, 24.1703], [55.9752, 24.1462], [55.9814, 24.1401], [55.992, 24.1297], [55.9939, 24.1276], [55.9956, 24.1255], [55.9968, 24.1228], [56.0003, 24.1177], [56.0012, 24.1155], [56.0028, 24.1118], [56.0045, 24.1091], [56.0149, 24.0899], [56.0132, 24.0877], [56.0168, 24.0719], [56.0181, 24.066], [55.9918, 24.0628], [55.982, 24.0621], [55.9813, 24.0621], [55.9599, 24.0605], [55.9436, 24.0551], [55.9417, 24.0544], [55.9274, 24.0517], [55.924, 24.051], [55.9235, 24.0507], [55.9231, 24.0505], [55.9227, 24.0503], [55.9219, 24.0498], [55.9214, 24.0498], [55.9209, 24.05], [55.9204, 24.05], [55.92, 24.0498], [55.9196, 24.0496], [55.9192, 24.0493], [55.9188, 24.049], [55.9183, 24.0489], [55.9178, 24.049], [55.9173, 24.0489], [55.9169, 24.049], [55.9164, 24.0493], [55.916, 24.0494], [55.915, 24.0493], [55.9146, 24.0491], [55.9142, 24.0487], [55.9138, 24.0486], [55.9133, 24.0485], [55.9128, 24.0483], [55.9124, 24.048], [55.912, 24.0479], [55.911, 24.048], [55.9105, 24.0478], [55.9101, 24.0476], [55.9097, 24.0473], [55.9092, 24.0472], [55.9087, 24.047], [55.9083, 24.0471], [55.9078, 24.0469], [55.9073, 24.0468], [55.9069, 24.0466], [55.9064, 24.0465], [55.9059, 24.0466], [55.9054, 24.0466], [55.905, 24.0465], [55.9045, 24.0466], [55.904, 24.0468], [55.9035, 24.0467], [55.9031, 24.0466], [55.9026, 24.0465], [55.9021, 24.0463], [55.9016, 24.0462], [55.9012, 24.0459], [55.9009, 24.0456], [55.9005, 24.0454], [55.9, 24.0452], [55.8995, 24.0452], [55.899, 24.0451], [55.8987, 24.0448], [55.8984, 24.0444], [55.898, 24.0441], [55.8977, 24.0439], [55.8972, 24.0438], [55.8962, 24.0439], [55.8957, 24.0431], [55.8952, 24.043], [55.8951, 24.0429], [55.8918, 24.0408], [55.8914, 24.0408], [55.8906, 24.0403], [55.8901, 24.0401], [55.8897, 24.04], [55.8892, 24.0399], [55.8887, 24.0398], [55.8882, 24.0397], [55.8878, 24.0396], [55.8869, 24.0391], [55.8867, 24.0387], [55.8863, 24.0385], [55.8859, 24.0382], [55.8855, 24.038], [55.8851, 24.0378], [55.8846, 24.0377], [55.8841, 24.0376], [55.8834, 24.037], [55.8831, 24.0366], [55.8826, 24.0365], [55.8822, 24.0364], [55.8817, 24.0363], [55.8812, 24.0364], [55.8807, 24.0366], [55.8798, 24.0361], [55.8791, 24.0355], [55.8786, 24.0354], [55.8777, 24.0352], [55.8772, 24.0352], [55.8767, 24.0352], [55.876, 24.0346], [55.8754, 24.0338], [55.875, 24.0335], [55.8745, 24.0328], [55.8743, 24.0324], [55.8739, 24.0321], [55.8729, 24.032], [55.8725, 24.0318], [55.8721, 24.0316], [55.8716, 24.0315], [55.8712, 24.0312], [55.8708, 24.031], [55.8703, 24.0308], [55.8699, 24.0306], [55.8692, 24.03], [55.8687, 24.0298], [55.8682, 24.0297], [55.8678, 24.0295], [55.8674, 24.0293], [55.8669, 24.0291], [55.8663, 24.029], [55.8658, 24.0289], [55.8649, 24.0287], [55.8645, 24.0284], [55.8641, 24.028], [55.8633, 24.0275], [55.8629, 24.0273], [55.8626, 24.027], [55.8622, 24.0267], [55.8619, 24.0263], [55.8617, 24.0259], [55.861, 24.0253], [55.8606, 24.025], [55.8602, 24.0248], [55.8599, 24.0244], [55.859, 24.0242], [55.8585, 24.024], [55.8582, 24.0236], [55.8579, 24.0233], [55.8576, 24.0229], [55.8572, 24.0227], [55.8567, 24.0226], [55.8558, 24.0223], [55.8554, 24.0221], [55.8549, 24.022], [55.8544, 24.0221], [55.8539, 24.0222], [55.8534, 24.0221], [55.8529, 24.0222], [55.8525, 24.0222], [55.852, 24.0223], [55.8515, 24.0223], [55.851, 24.0221], [55.8506, 24.0219], [55.8496, 24.0217], [55.8492, 24.0215], [55.8487, 24.0215], [55.8483, 24.0218], [55.8479, 24.0219], [55.8474, 24.022], [55.8473, 24.0219], [55.847, 24.0217], [55.8467, 24.0214], [55.8463, 24.021], [55.8458, 24.021], [55.8454, 24.0209], [55.8449, 24.0208], [55.8444, 24.0208], [55.8439, 24.0207], [55.8429, 24.0207], [55.8421, 24.0202], [55.8418, 24.0198], [55.8412, 24.0191], [55.8408, 24.0188], [55.8405, 24.0185], [55.84, 24.0183], [55.8396, 24.0182], [55.8388, 24.0176], [55.8383, 24.0176], [55.8378, 24.0174], [55.8376, 24.017], [55.8373, 24.0166], [55.8364, 24.0166], [55.8355, 24.0162], [55.8351, 24.016], [55.8349, 24.0155], [55.8345, 24.0152], [55.8341, 24.0149], [55.8339, 24.0145], [55.8336, 24.0142], [55.8337, 24.0138], [55.8252, 24.0181], [55.8198, 24.0209], [55.808, 24.0248], [55.8019, 24.025], [55.7909, 24.0403], [55.7802, 24.0553], [55.7735, 24.055], [55.7584, 24.0513], [55.7459, 24.0561], [55.7432, 24.057], [55.7431, 24.0572], [55.7428, 24.0567], [55.7423, 24.0566], [55.742, 24.0563], [55.7417, 24.056], [55.7412, 24.0559], [55.7402, 24.0558], [55.7399, 24.0559], [55.7395, 24.0561], [55.7387, 24.0563], [55.7378, 24.0567], [55.737, 24.0573], [55.7368, 24.0576], [55.7363, 24.0578], [55.7358, 24.0579], [55.7354, 24.058], [55.7349, 24.058], [55.7344, 24.0579], [55.7334, 24.0578], [55.7329, 24.0578], [55.7324, 24.0579], [55.732, 24.0577], [55.7313, 24.0576], [55.7311, 24.0575], [55.7308, 24.057], [55.7305, 24.0572], [55.7293, 24.0567], [55.7149, 24.0501], [55.7071, 24.0467], [55.6887, 24.0391], [55.6795, 24.0356], [55.6585, 24.0285], [55.6584, 24.0285], [55.6395, 24.0222], [55.6334, 24.0201], [55.6246, 24.0161], [55.616, 24.0117], [55.6072, 24.0077], [55.5985, 24.0034], [55.5923, 24.0001], [55.5864, 23.997], [55.5852, 23.9964], [55.5824, 23.9933], [55.5808, 23.9915], [55.5802, 23.9908], [55.5788, 23.9897], [55.5776, 23.9889], [55.5746, 23.9874], [55.5391, 23.9724], [55.5303, 23.9684], [55.5216, 23.9643], [55.5125, 23.9609], [55.5033, 23.9576], [55.4948, 23.9532], [55.4904, 23.9499], [55.4876, 23.9471], [55.4851, 23.9443], [55.4844, 23.9421], [55.4844, 23.942], [55.4849, 23.94], [55.4866, 23.938], [55.4934, 23.9315], [55.4963, 23.928], [55.4981, 23.9245], [55.4985, 23.9238], [55.4997, 23.9195], [55.5, 23.9148], [55.4997, 23.9077], [55.5002, 23.9058], [55.506, 23.8985], [55.5103, 23.8962], [55.5124, 23.8948], [55.5139, 23.8933], [55.5196, 23.8857], [55.5246, 23.8772], [55.5275, 23.8694], [55.5304, 23.8606], [55.5314, 23.8575], [55.5331, 23.8521], [55.5352, 23.8433], [55.5343, 23.8341], [55.5335, 23.8285], [55.533, 23.8253], [55.5322, 23.8163], [55.5318, 23.8074], [55.5328, 23.7984], [55.5339, 23.7894], [55.5343, 23.7858], [55.535, 23.7804], [55.5359, 23.7712], [55.5354, 23.7686], [55.533, 23.7628], [55.5323, 23.7608], [55.5318, 23.7595], [55.5322, 23.7574], [55.5335, 23.7558], [55.5356, 23.7541], [55.5541, 23.739], [55.5577, 23.7361], [55.5601, 23.7341], [55.5624, 23.7319], [55.5642, 23.7294], [55.5687, 23.7214], [55.5697, 23.7185], [55.5703, 23.7155], [55.5708, 23.7126], [55.5715, 23.708], [55.5722, 23.7036], [55.5719, 23.7006], [55.5715, 23.6975], [55.5709, 23.6946], [55.5703, 23.6917], [55.5701, 23.6887], [55.5716, 23.6542], [55.5727, 23.6315], [55.5726, 23.6297], [55.5722, 23.628], [55.5716, 23.6261], [55.57, 23.6228], [55.5677, 23.6186], [55.5654, 23.6148], [55.5623, 23.6113], [55.5592, 23.6078], [55.5528, 23.601], [55.546, 23.5941], [55.544, 23.5921], [55.5403, 23.5871], [55.5374, 23.5831], [55.5349, 23.5793], [55.5312, 23.5716], [55.5254, 23.5587], [55.5234, 23.5548], [55.5215, 23.5528], [55.5162, 23.5482], [55.506, 23.5392], [55.5024, 23.5365], [55.4983, 23.5334], [55.4955, 23.5292], [55.4902, 23.5216], [55.4845, 23.5142], [55.4843, 23.5138], [55.4829, 23.5118], [55.4802, 23.5061], [55.4761, 23.4987], [55.4709, 23.4902], [55.4653, 23.4827], [55.4604, 23.475], [55.4547, 23.4676], [55.4519, 23.4638], [55.4495, 23.46], [55.4472, 23.4559], [55.4463, 23.4514], [55.4402, 23.4249], [55.4382, 23.4163], [55.4369, 23.4117], [55.4351, 23.4075], [55.433, 23.4033], [55.4307, 23.3994], [55.4248, 23.3922], [55.4164, 23.382], [55.4017, 23.3923], [55.3976, 23.3852], [55.393, 23.3772], [55.3887, 23.3696], [55.3847, 23.3617], [55.3805, 23.3537], [55.3764, 23.3459], [55.3752, 23.3439], [55.3726, 23.3393], [55.3688, 23.3324], [55.3652, 23.3258], [55.3601, 23.3162], [55.3557, 23.3086], [55.3517, 23.3009], [55.348, 23.293], [55.3434, 23.2846], [55.3394, 23.2777], [55.3348, 23.2692], [55.3303, 23.2616], [55.3255, 23.2542], [55.3215, 23.2464], [55.3171, 23.2389], [55.3123, 23.2309], [55.3078, 23.2231], [55.3037, 23.2151], [55.2991, 23.2069], [55.2937, 23.199], [55.2896, 23.1924], [55.2847, 23.1847], [55.2833, 23.1822], [55.2804, 23.177], [55.2743, 23.1699], [55.2689, 23.1631], [55.2632, 23.1565], [55.2575, 23.1487], [55.252, 23.1419], [55.2473, 23.1354], [55.2413, 23.1269], [55.2365, 23.119], [55.2325, 23.1104], [55.231, 23.1035], [55.2305, 23.0947], [55.2314, 23.0853], [55.2287, 23.0788], [55.2256, 23.0724], [55.2273, 23.0636], [55.2303, 23.0556], [55.2302, 23.0504], [55.2301, 23.0479], [55.2278, 23.0442], [55.2242, 23.04], [55.2185, 23.0333], [55.2166, 23.0262], [55.2171, 23.0209], [55.2174, 23.0179], [55.2174, 23.0097], [55.2188, 23.0041], [55.2196, 23.0011], [55.2205, 22.9945], [55.2187, 22.9899], [55.2187, 22.9891], [55.2189, 22.9843], [55.219, 22.9813], [55.22, 22.9783], [55.2193, 22.9733], [55.2193, 22.9732], [55.2187, 22.9692], [55.2176, 22.9606], [55.2186, 22.9534], [55.2188, 22.952], [55.2182, 22.951], [55.2145, 22.9442], [55.2136, 22.9356], [55.2153, 22.9265], [55.216, 22.9183], [55.2158, 22.9155], [55.2167, 22.917], [55.2177, 22.9113], [55.2187, 22.9033], [55.2186, 22.9032], [55.219, 22.9002], [55.219, 22.8985], [55.2233, 22.8929], [55.2256, 22.8849], [55.2257, 22.8754], [55.2247, 22.8669], [55.2233, 22.8593], [55.2214, 22.8562], [55.2182, 22.851], [55.2188, 22.8455], [55.2192, 22.8415], [55.2219, 22.8327], [55.2224, 22.8319], [55.2266, 22.8251], [55.2237, 22.8173], [55.2239, 22.8131], [55.2242, 22.8115], [55.2241, 22.8107], [55.2243, 22.8075], [55.2281, 22.7915], [55.2251, 22.7817], [55.2226, 22.7735], [55.2207, 22.7649], [55.2192, 22.7533], [55.2184, 22.7449], [55.2173, 22.7364], [55.2158, 22.7271], [55.2147, 22.7184], [55.2138, 22.7094], [55.2135, 22.7022], [55.2114, 22.7054], [55.2111, 22.7059], [55.2109, 22.7061], [55.2092, 22.7088], [55.2088, 22.7086], [55.2086, 22.7085], [55.2085, 22.7086], [55.2084, 22.7086], [55.2083, 22.7086], [55.2082, 22.7086], [55.2081, 22.7086], [55.208, 22.7085], [55.208, 22.7084], [55.208, 22.7083], [55.2062, 22.7068], [55.2029, 22.7041], [55.1942, 22.6945], [55.1922, 22.6924], [55.1908, 22.6907], [55.1904, 22.6909], [55.1878, 22.6879], [55.1852, 22.685], [55.1744, 22.673], [55.1489, 22.6445], [55.1373, 22.6316], [55.0664, 22.6407], [55.0474, 22.6432], [55.0473, 22.6432], [55.0154, 22.6473], [54.9562, 22.6548], [54.9473, 22.6559], [54.8946, 22.6627], [54.8475, 22.6688], [54.6485, 22.6934], [54.64, 22.6945], [54.6396, 22.6946], [54.6248, 22.6964], [54.5376, 22.7076], [54.38, 22.7269], [54.2308, 22.7453], [54.2024, 22.749], [54.202, 22.749], [54.1805, 22.7518], [54.1597, 22.7542], [54.1541, 22.7548], [54.148, 22.7556], [54.1474, 22.7556], [54.1465, 22.7557], [54.1448, 22.7559], [53.9444, 22.7802], [53.8704, 22.7891], [53.8074, 22.7968], [53.658, 22.8147], [53.3313, 22.8533], [52.5861, 22.9386], [52.584, 22.9389], [52.581, 22.9392], [52.581, 22.9393], [52.5802, 22.9402], [52.5801, 22.9404], [52.5795, 22.941], [52.5132, 23.0211], [52.4981, 23.0394], [52.464, 23.0807], [52.3737, 23.1897], [52.3423, 23.2275], [52.3379, 23.2328], [52.2505, 23.3379], [52.1815, 23.4209], [52.1634, 23.4426], [52.111, 23.5062], [52.0846, 23.5383], [51.9202, 23.7377], [51.7581, 23.9306], [51.6994, 23.9991], [51.6749, 24.0278], [51.6481, 24.0591], [51.61, 24.1041], [51.6062, 24.1085], [51.5999, 24.116], [51.5988, 24.1173], [51.5978, 24.1184], [51.5942, 24.1226], [51.5904, 24.127], [51.5901, 24.1361], [51.59, 24.1992], [51.59, 24.2267], [51.59, 24.2412], [51.59, 24.2432], [51.59, 24.2447], [51.5899, 24.2536], [51.5896, 24.2535], [51.5893, 24.2536], [51.5893, 24.2537], [51.5892, 24.2538], [51.5892, 24.254], [51.5891, 24.2542], [51.5891, 24.2543], [51.5891, 24.2544], [51.5891, 24.2545], [51.589, 24.2545], [51.5894, 24.2547], [51.5898, 24.2549], [51.5902, 24.2545], [51.5904, 24.254], [51.5907, 24.2538], [51.5908, 24.2538], [51.591, 24.2671], [51.5909, 24.2671], [51.5907, 24.2676], [51.5922, 24.2682], [51.5927, 24.2677], [51.5917, 24.267], [51.5912, 24.2539], [51.5914, 24.2539], [51.5921, 24.2542], [51.5933, 24.2549], [51.5961, 24.2565], [51.5967, 24.2571], [51.5969, 24.2579], [51.5974, 24.2584], [51.598, 24.2586], [51.5987, 24.2587], [51.5991, 24.2588], [51.599, 24.2597], [51.5988, 24.26], [51.5984, 24.26], [51.5978, 24.2594], [51.5968, 24.259], [51.5961, 24.2591], [51.5954, 24.2592], [51.5952, 24.2595], [51.596, 24.2597], [51.5972, 24.26], [51.5981, 24.2604], [51.5986, 24.261], [51.5989, 24.2617], [51.5986, 24.2627], [51.5983, 24.2634], [51.5978, 24.2638], [51.5974, 24.2639], [51.5971, 24.2638], [51.5976, 24.2645], [51.5979, 24.2653], [51.5977, 24.2663], [51.5974, 24.2669], [51.5971, 24.2674], [51.5972, 24.2683], [51.5972, 24.269], [51.5972, 24.2694], [51.5977, 24.2697], [51.5979, 24.27], [51.5979, 24.2706], [51.5974, 24.2706], [51.5972, 24.2707], [51.5973, 24.2711], [51.5975, 24.2713], [51.5977, 24.2716], [51.5982, 24.2721], [51.5985, 24.2721], [51.5987, 24.2718], [51.5989, 24.2721], [51.5989, 24.2724], [51.5992, 24.2726], [51.5994, 24.2725], [51.5995, 24.2721], [51.5998, 24.2716], [51.6002, 24.2716], [51.6006, 24.272], [51.6006, 24.2726], [51.6004, 24.2728], [51.6, 24.273], [51.5996, 24.2732], [51.5992, 24.2736], [51.5993, 24.2741], [51.6, 24.2747], [51.6026, 24.2771], [51.6038, 24.2792], [51.6044, 24.2803], [51.6046, 24.2814], [51.6044, 24.2823], [51.6038, 24.2831], [51.6027, 24.2839], [51.6009, 24.2853], [51.5999, 24.286], [51.5994, 24.2866], [51.5992, 24.2872], [51.5992, 24.2913], [51.5994, 24.2922], [51.5996, 24.2927], [51.5995, 24.2932], [51.5994, 24.2939], [51.5994, 24.2979], [51.5992, 24.2988], [51.5983, 24.3003], [51.5977, 24.3009], [51.5974, 24.3011], [51.5972, 24.3013], [51.5973, 24.3017], [51.5974, 24.3021], [51.5975, 24.303], [51.5975, 24.3037], [51.5972, 24.304], [51.5968, 24.3043], [51.5966, 24.3044], [51.5966, 24.3047], [51.5969, 24.3052], [51.5971, 24.3059], [51.5974, 24.3066], [51.5974, 24.3075], [51.5973, 24.3083], [51.597, 24.309], [51.5965, 24.3095], [51.596, 24.3097], [51.5947, 24.3098], [51.5931, 24.3098], [51.5932, 24.3118], [51.5937, 24.3123], [51.5937, 24.3128], [51.5936, 24.3132], [51.5935, 24.3137], [51.5933, 24.3139], [51.5934, 24.3144], [51.5938, 24.3148], [51.5943, 24.3155], [51.5948, 24.3164], [51.5949, 24.3171], [51.5948, 24.3178], [51.5946, 24.318], [51.5948, 24.3203], [51.5949, 24.3205], [51.595, 24.3215], [51.5948, 24.3218], [51.5942, 24.3219], [51.5936, 24.3221], [51.5937, 24.3247], [51.5938, 24.3254], [51.5937, 24.3261], [51.5935, 24.3265], [51.5926, 24.3267], [51.5919, 24.3268], [51.5919, 24.328], [51.5918, 24.3304], [51.5915, 24.3308], [51.5914, 24.3311], [51.5914, 24.3314], [51.5911, 24.3317], [51.5912, 24.3325], [51.5914, 24.3328], [51.5915, 24.3337], [51.5917, 24.3342], [51.5925, 24.3351], [51.5925, 24.3354], [51.5928, 24.3356], [51.5944, 24.3379], [51.5955, 24.34], [51.596, 24.341], [51.5961, 24.3421], [51.5959, 24.3432], [51.5954, 24.3443], [51.5946, 24.3452], [51.5943, 24.3456], [51.5939, 24.3456], [51.5936, 24.3463], [51.5935, 24.3473], [51.5934, 24.3511], [51.5929, 24.3528], [51.5924, 24.3537], [51.5919, 24.3543], [51.5912, 24.3544], [51.5906, 24.3546], [51.5902, 24.3551], [51.5894, 24.3554], [51.5886, 24.3554], [51.5876, 24.3552], [51.5872, 24.355], [51.5869, 24.3549], [51.5865, 24.3548], [51.5862, 24.3548], [51.5859, 24.3546], [51.5859, 24.3543], [51.5858, 24.3543], [51.5856, 24.3543], [51.5852, 24.3546], [51.585, 24.3552], [51.5843, 24.3557], [51.5838, 24.3562], [51.5843, 24.3591], [51.5843, 24.36], [51.5836, 24.3604], [51.5828, 24.3612], [51.5825, 24.3615], [51.5823, 24.362], [51.5824, 24.3627], [51.583, 24.3631], [51.5834, 24.3634], [51.5837, 24.3637], [51.5838, 24.364], [51.5851, 24.3641], [51.587, 24.3649], [51.588, 24.3652], [51.5884, 24.3653], [51.5895, 24.3662], [51.5908, 24.3668], [51.5919, 24.3676], [51.5923, 24.3682], [51.5925, 24.3689], [51.5923, 24.3696], [51.5911, 24.3709], [51.5904, 24.372], [51.59, 24.3732], [51.5895, 24.3755], [51.5897, 24.3759], [51.5902, 24.3767], [51.5906, 24.377], [51.5908, 24.3768], [51.5912, 24.3765], [51.5919, 24.3765], [51.5926, 24.3767], [51.5934, 24.377], [51.5944, 24.3778], [51.5951, 24.3786], [51.5954, 24.3793], [51.5955, 24.3799], [51.593, 24.3811], [51.5896, 24.3824], [51.5876, 24.383], [51.5795, 24.3844], [51.579, 24.3829], [51.5788, 24.3824], [51.5785, 24.3818], [51.5781, 24.3814], [51.5778, 24.3813], [51.578, 24.3815], [51.5783, 24.3819], [51.5783, 24.3822], [51.5777, 24.3825], [51.5768, 24.3821], [51.5767, 24.3817], [51.5769, 24.3814], [51.5768, 24.3813], [51.575, 24.3824], [51.5738, 24.3838], [51.5736, 24.3841], [51.5736, 24.3849], [51.5742, 24.3848], [51.5747, 24.3846], [51.5754, 24.3845], [51.5759, 24.3846], [51.5761, 24.385], [51.5766, 24.3851], [51.5769, 24.3853], [51.5772, 24.3853], [51.5776, 24.3853], [51.5806, 24.3847], [51.5831, 24.3843], [51.5854, 24.3839], [51.5886, 24.3831], [51.5903, 24.3826], [51.5922, 24.3819], [51.5933, 24.3815], [51.5943, 24.3814], [51.595, 24.3811], [51.5959, 24.3804], [51.597, 24.3799], [51.5975, 24.3797], [51.5972, 24.3794], [51.5967, 24.3787], [51.5964, 24.3777], [51.5964, 24.3758], [51.5966, 24.375], [51.5975, 24.3736], [51.5995, 24.3718], [51.6005, 24.3712], [51.6015, 24.371], [51.6018, 24.371], [51.6019, 24.3703], [51.6027, 24.3697], [51.6033, 24.3695], [51.6044, 24.3694], [51.6048, 24.3695], [51.605, 24.3701], [51.6051, 24.3703], [51.6052, 24.3705], [51.6054, 24.3704], [51.6054, 24.3698], [51.6056, 24.3694], [51.6057, 24.3692], [51.6058, 24.3692], [51.6057, 24.369], [51.6055, 24.3689], [51.6056, 24.3686], [51.6057, 24.3684], [51.6053, 24.3682], [51.6048, 24.3682], [51.6045, 24.3678], [51.6046, 24.3671], [51.6051, 24.3662], [51.6053, 24.3658], [51.6053, 24.3656], [51.6051, 24.3656], [51.6049, 24.3655], [51.6049, 24.3649], [51.6053, 24.3643], [51.6053, 24.3638], [51.6058, 24.363], [51.6061, 24.3626], [51.6061, 24.3612], [51.6074, 24.3599], [51.6086, 24.3585], [51.6089, 24.3578], [51.6091, 24.3568], [51.6092, 24.3564], [51.6108, 24.3557], [51.6168, 24.3559], [51.6193, 24.3532], [51.6212, 24.3513], [51.6216, 24.3508], [51.6222, 24.3492], [51.6235, 24.3468], [51.6239, 24.3462], [51.6242, 24.3457], [51.6244, 24.3452], [51.6246, 24.3448], [51.6251, 24.3439], [51.6254, 24.3428], [51.6261, 24.3413], [51.6264, 24.3407], [51.6269, 24.3399], [51.627, 24.3394], [51.627, 24.3385], [51.6276, 24.3374], [51.6291, 24.336], [51.6302, 24.3347], [51.6306, 24.3337], [51.631, 24.3329], [51.6311, 24.3325], [51.6312, 24.3324], [51.6312, 24.3319], [51.631, 24.3318], [51.6308, 24.3317], [51.6307, 24.3313], [51.6306, 24.3308], [51.6302, 24.3301], [51.6303, 24.3287], [51.63, 24.3279], [51.6294, 24.3272], [51.6288, 24.3271], [51.6284, 24.3266], [51.6284, 24.3261], [51.6287, 24.3253], [51.6291, 24.3247], [51.6295, 24.3243], [51.6296, 24.324], [51.6295, 24.3238], [51.6291, 24.3238], [51.6289, 24.3236], [51.6289, 24.3233], [51.629, 24.3227], [51.6293, 24.3221], [51.6307, 24.3213], [51.6316, 24.3208], [51.6317, 24.3205], [51.6317, 24.3201], [51.6318, 24.3198], [51.6323, 24.3194], [51.6332, 24.3187], [51.6343, 24.3184], [51.6355, 24.3176], [51.6364, 24.3166], [51.6369, 24.3158], [51.6371, 24.3152], [51.6367, 24.3147], [51.6357, 24.3139], [51.6352, 24.3134], [51.6351, 24.3132], [51.6349, 24.3124], [51.6347, 24.312], [51.6342, 24.3118], [51.6342, 24.3106], [51.6337, 24.3103], [51.6337, 24.3096], [51.6339, 24.3081], [51.6336, 24.3073], [51.6329, 24.3067], [51.6323, 24.3058], [51.6317, 24.3044], [51.6316, 24.3036], [51.6317, 24.3025], [51.6326, 24.3011], [51.6332, 24.3], [51.634, 24.3001], [51.6355, 24.3001], [51.6367, 24.3001], [51.6375, 24.2999], [51.638, 24.2997], [51.6387, 24.2997], [51.639, 24.2999], [51.6395, 24.2996], [51.6401, 24.2994], [51.6405, 24.2991], [51.6402, 24.2988], [51.6398, 24.2988], [51.639, 24.299], [51.6387, 24.2991], [51.6381, 24.2991], [51.6375, 24.2992], [51.6369, 24.2995], [51.6367, 24.2998], [51.6359, 24.2999], [51.6343, 24.2995], [51.6331, 24.2988], [51.6328, 24.2983], [51.6324, 24.2979], [51.6319, 24.2978], [51.6319, 24.2973], [51.6317, 24.297], [51.6316, 24.2967], [51.6316, 24.2964], [51.6318, 24.2961], [51.6317, 24.2958], [51.6315, 24.2954], [51.6315, 24.2949], [51.6316, 24.294], [51.6318, 24.2934], [51.6326, 24.2912], [51.633, 24.2896], [51.6333, 24.2882], [51.6331, 24.2871], [51.633, 24.2866], [51.6325, 24.2862], [51.6318, 24.2861], [51.6309, 24.2857], [51.6302, 24.2854], [51.6297, 24.285], [51.6289, 24.2839], [51.6284, 24.283], [51.6282, 24.2824], [51.6279, 24.281], [51.6278, 24.2801], [51.6274, 24.2798], [51.6273, 24.2795], [51.6275, 24.2789], [51.6277, 24.2783], [51.6276, 24.2778], [51.6273, 24.2775], [51.627, 24.2772], [51.627, 24.2759], [51.6273, 24.2753], [51.6274, 24.2747], [51.6278, 24.2741], [51.6283, 24.2726], [51.6285, 24.2719], [51.6286, 24.2691], [51.6289, 24.2684], [51.629, 24.2669], [51.6287, 24.266], [51.6288, 24.2647], [51.6289, 24.2639], [51.629, 24.2636], [51.6284, 24.2631], [51.6282, 24.2625], [51.6283, 24.2618], [51.6285, 24.2614], [51.6285, 24.261], [51.6286, 24.2604], [51.6289, 24.2595], [51.6294, 24.2584], [51.6298, 24.2578], [51.6298, 24.257], [51.6309, 24.2554], [51.6316, 24.2547], [51.6321, 24.2539], [51.6326, 24.2527], [51.6331, 24.2516], [51.6334, 24.2512], [51.6338, 24.2498], [51.6341, 24.2496], [51.6342, 24.2494], [51.6341, 24.249], [51.6339, 24.2486], [51.6337, 24.2479], [51.6338, 24.2476], [51.634, 24.247], [51.6341, 24.2465], [51.6339, 24.2461], [51.6337, 24.246], [51.6336, 24.2448], [51.634, 24.2444], [51.6345, 24.2438], [51.6347, 24.2423], [51.6348, 24.2407], [51.6348, 24.2391], [51.6344, 24.2371], [51.6336, 24.2353], [51.6319, 24.2333], [51.6317, 24.2323], [51.6319, 24.2314], [51.6328, 24.23], [51.6335, 24.2293], [51.6335, 24.2286], [51.6335, 24.2279], [51.6339, 24.2274], [51.6344, 24.2258], [51.6346, 24.2251], [51.635, 24.2244], [51.6351, 24.224], [51.6356, 24.2235], [51.6357, 24.2228], [51.6365, 24.2201], [51.6367, 24.2186], [51.6369, 24.2166], [51.6371, 24.2158], [51.6376, 24.2147], [51.6377, 24.2136], [51.6375, 24.2129], [51.6369, 24.2126], [51.6341, 24.2127], [51.6319, 24.2119], [51.6312, 24.2112], [51.6306, 24.2103], [51.6302, 24.2093], [51.6303, 24.2077], [51.6309, 24.2068], [51.631, 24.2059], [51.6328, 24.2039], [51.6329, 24.2038], [51.635, 24.2031], [51.6365, 24.203], [51.6394, 24.2033], [51.6423, 24.204], [51.6457, 24.2052], [51.6464, 24.206], [51.6463, 24.2077], [51.6463, 24.2083], [51.6466, 24.2087], [51.6472, 24.2101], [51.6481, 24.2117], [51.6493, 24.2129], [51.6502, 24.2134], [51.6523, 24.2138], [51.6527, 24.2141], [51.6529, 24.2145], [51.6541, 24.215], [51.6552, 24.2153], [51.6556, 24.2155], [51.6567, 24.2167], [51.6571, 24.2174], [51.6575, 24.2182], [51.6581, 24.2187], [51.6586, 24.2193], [51.6589, 24.2196], [51.659, 24.2202], [51.6592, 24.221]], [[56.2476, 25.2404], [56.2477, 25.2401], [56.2489, 25.2374], [56.249, 25.2374], [56.2502, 25.2367], [56.2523, 25.2376], [56.254, 25.2367], [56.2548, 25.2376], [56.2584, 25.2379], [56.2583, 25.2415], [56.2589, 25.2424], [56.2607, 25.2431], [56.2721, 25.2426], [56.274, 25.2395], [56.2822, 25.2367], [56.2833, 25.2381], [56.2843, 25.2411], [56.2852, 25.2417], [56.2901, 25.2427], [56.2904, 25.2461], [56.2927, 25.2478], [56.2947, 25.2484], [56.2994, 25.2537], [56.3007, 25.2544], [56.3049, 25.2579], [56.3097, 25.2582], [56.3129, 25.2587], [56.3213, 25.2612], [56.3224, 25.2631], [56.3286, 25.2668], [56.3312, 25.2662], [56.3334, 25.2683], [56.3354, 25.269], [56.3377, 25.2729], [56.3409, 25.2733], [56.3449, 25.2744], [56.3461, 25.2806], [56.3465, 25.2828], [56.3465, 25.2829], [56.3478, 25.2894], [56.3482, 25.2916], [56.3489, 25.2951], [56.3497, 25.2993], [56.3501, 25.3015], [56.3506, 25.3043], [56.3502, 25.3049], [56.349, 25.3065], [56.3227, 25.3099], [56.3198, 25.3025], [56.3174, 25.3048], [56.3158, 25.3054], [56.3144, 25.307], [56.314, 25.313], [56.3093, 25.3153], [56.3097, 25.3219], [56.3068, 25.3271], [56.3069, 25.3295], [56.3033, 25.3299], [56.3011, 25.3282], [56.3011, 25.327], [56.2993, 25.3257], [56.2961, 25.3268], [56.2936, 25.3257], [56.2911, 25.3252], [56.2888, 25.3276], [56.2869, 25.3295], [56.2826, 25.3304], [56.2806, 25.3311], [56.2805, 25.3349], [56.276, 25.3373], [56.2719, 25.3379], [56.2677, 25.3375], [56.2657, 25.3344], [56.261, 25.3323], [56.2578, 25.3303], [56.2563, 25.3295], [56.2563, 25.3294], [56.2561, 25.3278], [56.2544, 25.3271], [56.2509, 25.3266], [56.2504, 25.3256], [56.2481, 25.325], [56.2481, 25.3249], [56.2485, 25.3214], [56.2481, 25.3204], [56.2463, 25.3198], [56.2454, 25.318], [56.244, 25.3171], [56.2441, 25.3171], [56.2466, 25.3155], [56.2466, 25.3143], [56.249, 25.3117], [56.2495, 25.3105], [56.2514, 25.3088], [56.2509, 25.3068], [56.2507, 25.3032], [56.2524, 25.3031], [56.2586, 25.2965], [56.2586, 25.2947], [56.2579, 25.2866], [56.2554, 25.2824], [56.2535, 25.2819], [56.2496, 25.2833], [56.2469, 25.2819], [56.238, 25.2728], [56.2329, 25.2702], [56.2264, 25.2658], [56.2234, 25.2623], [56.2234, 25.2622], [56.224, 25.2566], [56.2241, 25.2554], [56.2244, 25.2488], [56.2282, 25.2474], [56.2311, 25.2485], [56.2343, 25.2479], [56.2362, 25.2468], [56.2427, 25.2433], [56.2432, 25.2431], [56.2475, 25.2406], [56.2476, 25.2404]]], [[[55.3489, 25.2219], [55.349, 25.2219], [55.349, 25.222], [55.3491, 25.222], [55.3492, 25.222], [55.3492, 25.2219], [55.3493, 25.2219], [55.3493, 25.2218], [55.3492, 25.2217], [55.3491, 25.2217], [55.349, 25.2217], [55.349, 25.2218], [55.3489, 25.2218], [55.3489, 25.2219]]], [[[55.3331, 25.3111], [55.3332, 25.3111], [55.3332, 25.311], [55.3331, 25.311], [55.3331, 25.3111]]], [[[55.3385, 25.3148], [55.3385, 25.3149], [55.3385, 25.315], [55.3386, 25.315], [55.3386, 25.3149], [55.3386, 25.3148], [55.3385, 25.3148]]], [[[55.3378, 25.3136], [55.3379, 25.3136], [55.3379, 25.3135], [55.3378, 25.3135], [55.3378, 25.3136]]], [[[55.3852, 25.3345], [55.3853, 25.3347], [55.3854, 25.3348], [55.3855, 25.3349], [55.3856, 25.3349], [55.3857, 25.335], [55.3859, 25.3352], [55.3858, 25.3351], [55.3858, 25.335], [55.3857, 25.3349], [55.3856, 25.3348], [55.3855, 25.3347], [55.3854, 25.3347], [55.3854, 25.3346], [55.3853, 25.3346], [55.3852, 25.3345]]], [[[55.3847, 25.334], [55.3843, 25.3344], [55.3838, 25.3345], [55.3833, 25.3348], [55.3832, 25.3352], [55.3833, 25.3354], [55.3835, 25.3355], [55.3838, 25.3356], [55.3843, 25.3353], [55.3851, 25.3347], [55.3852, 25.3345], [55.3852, 25.3344], [55.3857, 25.3339], [55.386, 25.3338], [55.386, 25.3335], [55.3858, 25.3332], [55.3856, 25.333], [55.3853, 25.333], [55.3851, 25.3334], [55.3847, 25.334]]], [[[55.3587, 25.3367], [55.3586, 25.3367], [55.3587, 25.3368], [55.3587, 25.3367]]], [[[55.3626, 25.3422], [55.3625, 25.3422], [55.3625, 25.3423], [55.3626, 25.3422]]], [[[55.3898, 25.3744], [55.3899, 25.3744], [55.3899, 25.3743], [55.3899, 25.374], [55.3898, 25.3741], [55.3898, 25.3743], [55.3898, 25.3744]]], [[[55.4126, 25.3902], [55.4128, 25.3902], [55.4131, 25.3902], [55.4132, 25.3902], [55.4134, 25.3901], [55.4135, 25.3899], [55.4133, 25.39], [55.4132, 25.3901], [55.413, 25.3901], [55.4126, 25.3901], [55.4123, 25.3902], [55.4122, 25.3902], [55.4122, 25.3903], [55.4123, 25.3903], [55.4126, 25.3902]]], [[[55.4198, 25.3949], [55.4197, 25.395], [55.4198, 25.3951], [55.4199, 25.3949], [55.4198, 25.3949]]], [[[55.4211, 25.3962], [55.4213, 25.396], [55.4212, 25.396], [55.4211, 25.396], [55.4211, 25.3961], [55.421, 25.3961], [55.421, 25.3962], [55.4209, 25.3962], [55.4209, 25.3963], [55.421, 25.3963], [55.4211, 25.3962]]], [[[55.9641, 25.7845], [55.964, 25.7845], [55.9639, 25.7845], [55.964, 25.7846], [55.9641, 25.7846], [55.9646, 25.7847], [55.9642, 25.7845], [55.9641, 25.7845]]], [[[54.343, 24.3495], [54.3377, 24.3467], [54.3344, 24.3446], [54.3328, 24.3436], [54.3312, 24.342], [54.3303, 24.3404], [54.3296, 24.3382], [54.3291, 24.3362], [54.329, 24.3357], [54.3282, 24.3336], [54.3269, 24.3317], [54.3262, 24.3297], [54.3255, 24.3274], [54.3259, 24.3234], [54.3255, 24.3229], [54.3242, 24.3224], [54.32, 24.3212], [54.3164, 24.3196], [54.3149, 24.3179], [54.3146, 24.3167], [54.3146, 24.3154], [54.3144, 24.313], [54.3148, 24.3096], [54.3115, 24.3126], [54.3093, 24.315], [54.3077, 24.3169], [54.3066, 24.3192], [54.3052, 24.3217], [54.3031, 24.3246], [54.3027, 24.3259], [54.3027, 24.3272], [54.3029, 24.3282], [54.3005, 24.331], [54.2992, 24.335], [54.2996, 24.3384], [54.3001, 24.3392], [54.3026, 24.3398], [54.3016, 24.3432], [54.2986, 24.3467], [54.2977, 24.3505], [54.2984, 24.3528], [54.2982, 24.355], [54.2975, 24.3587], [54.2977, 24.3619], [54.2994, 24.363], [54.2965, 24.3678], [54.2929, 24.3701], [54.2922, 24.3723], [54.2943, 24.3729], [54.2954, 24.3741], [54.2939, 24.3766], [54.2946, 24.3782], [54.2967, 24.3785], [54.2986, 24.3763], [54.2996, 24.3749], [54.3028, 24.3738], [54.3056, 24.3724], [54.3058, 24.3723], [54.3058, 24.3722], [54.3074, 24.3708], [54.3081, 24.3699], [54.3085, 24.3681], [54.3098, 24.3675], [54.3105, 24.3675], [54.3114, 24.3675], [54.3114, 24.3665], [54.3114, 24.3655], [54.3108, 24.365], [54.3105, 24.3639], [54.3104, 24.3607], [54.311, 24.3614], [54.3112, 24.363], [54.3118, 24.3643], [54.3133, 24.3648], [54.3134, 24.3649], [54.3141, 24.3651], [54.3148, 24.3657], [54.3147, 24.3671], [54.3145, 24.3692], [54.314, 24.3702], [54.3133, 24.3707], [54.3121, 24.3708], [54.3109, 24.3723], [54.3079, 24.3748], [54.3039, 24.3768], [54.2996, 24.3788], [54.2952, 24.38], [54.2909, 24.3811], [54.2898, 24.3839], [54.289, 24.3851], [54.2903, 24.3876], [54.2919, 24.3906], [54.2922, 24.3929], [54.2926, 24.3954], [54.2919, 24.396], [54.2926, 24.3979], [54.2944, 24.3979], [54.2948, 24.3968], [54.2978, 24.3963], [54.3002, 24.3965], [54.3035, 24.397], [54.3056, 24.3963], [54.3062, 24.3963], [54.3094, 24.3961], [54.3097, 24.3951], [54.3105, 24.3926], [54.3115, 24.3903], [54.3126, 24.3881], [54.3133, 24.3877], [54.313, 24.3872], [54.3142, 24.3854], [54.3165, 24.3844], [54.3193, 24.3832], [54.3218, 24.383], [54.3224, 24.3822], [54.3241, 24.3785], [54.3264, 24.376], [54.3302, 24.3723], [54.3334, 24.369], [54.337, 24.3686], [54.3392, 24.3664], [54.3396, 24.3635], [54.344, 24.3598], [54.3446, 24.3591], [54.3476, 24.3571], [54.3494, 24.355], [54.3511, 24.3537], [54.3534, 24.3526], [54.3529, 24.3525], [54.3504, 24.3535], [54.3484, 24.3529], [54.3463, 24.3516], [54.343, 24.3495]]], [[[54.415, 24.3581], [54.4204, 24.3566], [54.4205, 24.3566], [54.4208, 24.3559], [54.421, 24.3554], [54.4217, 24.3541], [54.4216, 24.3532], [54.42, 24.3524], [54.4194, 24.3513], [54.4194, 24.3506], [54.4192, 24.3505], [54.4193, 24.3495], [54.4195, 24.3485], [54.4194, 24.3481], [54.4187, 24.3478], [54.4166, 24.3476], [54.4153, 24.3477], [54.4141, 24.3479], [54.4122, 24.3486], [54.4104, 24.3497], [54.4088, 24.3511], [54.4078, 24.3524], [54.4068, 24.3527], [54.4054, 24.353], [54.4044, 24.3531], [54.3988, 24.3575], [54.3996, 24.3589], [54.3981, 24.3604], [54.3981, 24.3617], [54.3986, 24.3641], [54.4004, 24.3643], [54.4037, 24.3639], [54.4075, 24.3626], [54.4079, 24.3614], [54.4109, 24.361], [54.4131, 24.3598], [54.415, 24.3581]]], [[[54.2789, 24.3735], [54.282, 24.3732], [54.285, 24.3711], [54.2869, 24.3682], [54.2877, 24.3677], [54.2881, 24.3671], [54.2882, 24.3656], [54.2882, 24.3641], [54.2882, 24.3631], [54.2878, 24.3628], [54.2868, 24.3629], [54.2864, 24.3631], [54.286, 24.3635], [54.2853, 24.3641], [54.2852, 24.3639], [54.2829, 24.3658], [54.281, 24.366], [54.2805, 24.3657], [54.2798, 24.365], [54.2794, 24.3651], [54.279, 24.3655], [54.2784, 24.3662], [54.2776, 24.3663], [54.2767, 24.3673], [54.2769, 24.3676], [54.2768, 24.3683], [54.2764, 24.3689], [54.2758, 24.3701], [54.2753, 24.3706], [54.2747, 24.3715], [54.2742, 24.3718], [54.274, 24.3727], [54.2741, 24.3732], [54.2743, 24.3737], [54.2745, 24.3746], [54.275, 24.375], [54.2753, 24.3752], [54.278, 24.3735], [54.2789, 24.3735]]], [[[54.1981, 24.3723], [54.2043, 24.3732], [54.2084, 24.3732], [54.2084, 24.3721], [54.2075, 24.3721], [54.2037, 24.3723], [54.2002, 24.371], [54.2, 24.3679], [54.2028, 24.3668], [54.2058, 24.3673], [54.2079, 24.3692], [54.2092, 24.3682], [54.2073, 24.3661], [54.2043, 24.3657], [54.2, 24.3665], [54.1966, 24.3678], [54.1964, 24.369], [54.1962, 24.3706], [54.1981, 24.3723]]], [[[54.3398, 24.3735], [54.3398, 24.3743], [54.3427, 24.373], [54.3445, 24.3756], [54.344, 24.3771], [54.3423, 24.378], [54.3442, 24.3806], [54.348, 24.382], [54.3491, 24.3829], [54.3492, 24.3821], [54.3497, 24.3811], [54.3498, 24.38], [54.3484, 24.3796], [54.3465, 24.3795], [54.3472, 24.3787], [54.3498, 24.3785], [54.3496, 24.3781], [54.3459, 24.3787], [54.3454, 24.3779], [54.3452, 24.3761], [54.3441, 24.3739], [54.3434, 24.3729], [54.3447, 24.3711], [54.344, 24.3711], [54.3398, 24.3735]]], [[[54.3727, 24.3711], [54.3718, 24.3701], [54.3701, 24.3709], [54.3705, 24.3733], [54.3695, 24.3742], [54.3701, 24.376], [54.3697, 24.377], [54.3731, 24.3803], [54.375, 24.381], [54.3768, 24.3806], [54.3779, 24.3805], [54.3829, 24.3845], [54.3855, 24.3825], [54.3871, 24.3804], [54.3873, 24.3771], [54.3846, 24.3724], [54.3828, 24.3716], [54.3819, 24.3702], [54.3803, 24.371], [54.3784, 24.3717], [54.3771, 24.3717], [54.3759, 24.3716], [54.3747, 24.3714], [54.3727, 24.3711]]], [[[54.2217, 24.3721], [54.2141, 24.3725], [54.2092, 24.3751], [54.206, 24.3776], [54.2015, 24.3777], [54.1962, 24.3738], [54.1943, 24.3714], [54.1934, 24.3681], [54.1945, 24.3658], [54.1947, 24.3644], [54.1915, 24.3658], [54.1892, 24.3692], [54.1892, 24.3729], [54.1924, 24.3777], [54.1966, 24.3825], [54.2034, 24.3842], [54.2087, 24.3855], [54.2128, 24.3879], [54.2179, 24.3895], [54.2225, 24.3938], [54.2245, 24.3953], [54.2268, 24.3971], [54.2317, 24.4019], [54.2361, 24.4068], [54.2391, 24.4109], [54.2419, 24.413], [54.2441, 24.4131], [54.2491, 24.4144], [54.2535, 24.4152], [54.2581, 24.4151], [54.2601, 24.4142], [54.2593, 24.4129], [54.2586, 24.4133], [54.2577, 24.4134], [54.2569, 24.413], [54.2562, 24.4124], [54.2561, 24.4117], [54.2561, 24.411], [54.2565, 24.4105], [54.2579, 24.4096], [54.2572, 24.4096], [54.2552, 24.4034], [54.2473, 24.4003], [54.2446, 24.3972], [54.2435, 24.3936], [54.2437, 24.3902], [54.2433, 24.387], [54.2427, 24.3843], [54.2446, 24.3806], [54.2457, 24.377], [54.2499, 24.3736], [54.2546, 24.3702], [54.2588, 24.3662], [54.2633, 24.3611], [54.2656, 24.3566], [54.2614, 24.3564], [54.2595, 24.3529], [54.2574, 24.3526], [54.251, 24.3574], [54.2474, 24.3604], [54.2421, 24.3618], [54.2347, 24.3669], [54.2321, 24.3687], [54.2272, 24.3706], [54.2217, 24.3721]]], [[[54.3333, 24.3779], [54.3312, 24.3785], [54.3274, 24.3807], [54.3255, 24.3822], [54.3232, 24.3851], [54.3229, 24.3879], [54.323, 24.3904], [54.3239, 24.391], [54.324, 24.3905], [54.3235, 24.39], [54.3233, 24.3894], [54.3236, 24.3887], [54.3245, 24.3883], [54.3246, 24.388], [54.3247, 24.3878], [54.3241, 24.3876], [54.3236, 24.3867], [54.3235, 24.3858], [54.3237, 24.3849], [54.3246, 24.3839], [54.3251, 24.3831], [54.3258, 24.3827], [54.326, 24.3827], [54.3261, 24.3826], [54.3284, 24.3826], [54.3286, 24.3838], [54.3285, 24.3855], [54.3287, 24.3856], [54.329, 24.3843], [54.3305, 24.3841], [54.3315, 24.3845], [54.3321, 24.3856], [54.3318, 24.3841], [54.3331, 24.383], [54.3325, 24.3828], [54.3325, 24.3822], [54.3329, 24.3823], [54.3329, 24.3818], [54.3331, 24.3816], [54.3332, 24.3813], [54.3324, 24.381], [54.3311, 24.3815], [54.3284, 24.3821], [54.3278, 24.381], [54.3298, 24.3797], [54.3318, 24.3786], [54.333, 24.3784], [54.3336, 24.3788], [54.3341, 24.3791], [54.3344, 24.3794], [54.3354, 24.3769], [54.3338, 24.3781], [54.3333, 24.3779]]], [[[54.3983, 24.3956], [54.4188, 24.4039], [54.4571, 24.3913], [54.459, 24.3911], [54.4589, 24.3902], [54.4583, 24.3897], [54.4595, 24.3884], [54.4618, 24.3802], [54.4589, 24.3695], [54.4409, 24.3726], [54.3983, 24.3956]]], [[[54.4761, 24.3935], [54.4773, 24.3941], [54.4775, 24.3943], [54.4792, 24.3932], [54.4801, 24.3928], [54.4804, 24.3928], [54.4804, 24.3922], [54.481, 24.3917], [54.4814, 24.3912], [54.4815, 24.3905], [54.481, 24.3899], [54.4805, 24.3894], [54.4795, 24.3887], [54.4784, 24.3886], [54.4779, 24.3888], [54.4779, 24.3895], [54.4777, 24.3909], [54.4776, 24.3916], [54.4769, 24.3913], [54.4762, 24.3912], [54.476, 24.3916], [54.4745, 24.3912], [54.474, 24.3908], [54.474, 24.3906], [54.4744, 24.3903], [54.474, 24.3902], [54.4734, 24.3898], [54.4732, 24.3895], [54.4734, 24.3888], [54.4732, 24.3886], [54.4728, 24.3884], [54.4726, 24.3884], [54.4725, 24.3888], [54.4724, 24.3896], [54.4726, 24.3903], [54.4735, 24.391], [54.4745, 24.3916], [54.4752, 24.3921], [54.4756, 24.3927], [54.4757, 24.3931], [54.4761, 24.3935]]], [[[54.3471, 24.4057], [54.3495, 24.3994], [54.3507, 24.3933], [54.353, 24.389], [54.3461, 24.3953], [54.3372, 24.4042], [54.3388, 24.4053], [54.3401, 24.4061], [54.3436, 24.408], [54.3471, 24.4057]]], [[[54.3387, 24.4156], [54.3375, 24.4149], [54.3365, 24.4145], [54.3356, 24.4146], [54.3345, 24.4148], [54.3311, 24.4159], [54.3289, 24.4168], [54.3278, 24.4177], [54.3236, 24.4403], [54.3229, 24.4451], [54.323, 24.4455], [54.3237, 24.446], [54.3244, 24.446], [54.3251, 24.4464], [54.3256, 24.4472], [54.3255, 24.4476], [54.3273, 24.4475], [54.3276, 24.4463], [54.3282, 24.4456], [54.3282, 24.4446], [54.3283, 24.4427], [54.3393, 24.4416], [54.3403, 24.4412], [54.3517, 24.4324], [54.3519, 24.432], [54.3519, 24.4316], [54.3525, 24.4312], [54.3531, 24.4311], [54.3535, 24.4311], [54.3591, 24.4263], [54.3617, 24.424], [54.3637, 24.4226], [54.366, 24.4217], [54.3685, 24.4209], [54.3693, 24.4207], [54.3699, 24.4202], [54.3707, 24.4196], [54.3711, 24.4196], [54.3718, 24.4196], [54.3724, 24.4197], [54.3848, 24.4154], [54.3848, 24.4152], [54.3852, 24.4149], [54.3853, 24.4148], [54.386, 24.4148], [54.3864, 24.415], [54.4171, 24.4045], [54.3965, 24.3962], [54.377, 24.4016], [54.3735, 24.4032], [54.3681, 24.4055], [54.3672, 24.4055], [54.3663, 24.4058], [54.3655, 24.4062], [54.364, 24.4067], [54.3633, 24.4073], [54.362, 24.4083], [54.3596, 24.4096], [54.3568, 24.4105], [54.3528, 24.4115], [54.3494, 24.4125], [54.3477, 24.4128], [54.347, 24.4132], [54.3466, 24.4137], [54.3459, 24.4144], [54.3451, 24.415], [54.3441, 24.4157], [54.3426, 24.4159], [54.3413, 24.4159], [54.3398, 24.4158], [54.3387, 24.4156]]], [[[54.2717, 24.4412], [54.272, 24.4413], [54.2725, 24.4413], [54.2729, 24.4412], [54.2728, 24.4409], [54.2725, 24.4408], [54.2722, 24.4407], [54.2719, 24.4404], [54.2718, 24.4395], [54.2718, 24.439], [54.272, 24.4388], [54.2721, 24.4385], [54.2725, 24.4384], [54.2726, 24.4381], [54.2733, 24.4378], [54.2736, 24.4378], [54.2742, 24.4377], [54.2743, 24.4376], [54.2742, 24.4374], [54.2738, 24.4372], [54.2737, 24.4369], [54.2737, 24.4367], [54.2738, 24.4363], [54.2739, 24.4359], [54.274, 24.4354], [54.2743, 24.4351], [54.2746, 24.4349], [54.2748, 24.4347], [54.2747, 24.4344], [54.2746, 24.4343], [54.2746, 24.4341], [54.2748, 24.4339], [54.275, 24.4337], [54.2749, 24.4333], [54.2747, 24.4333], [54.2744, 24.4334], [54.2739, 24.4336], [54.2733, 24.4341], [54.2731, 24.4345], [54.2729, 24.4349], [54.2727, 24.4354], [54.2723, 24.4361], [54.2716, 24.4372], [54.2715, 24.4376], [54.2713, 24.4379], [54.2713, 24.4389], [54.2712, 24.4404], [54.271, 24.4409], [54.2709, 24.4418], [54.271, 24.4425], [54.2714, 24.443], [54.2719, 24.4435], [54.2725, 24.4441], [54.2737, 24.4449], [54.2793, 24.4479], [54.2802, 24.448], [54.2809, 24.4481], [54.2817, 24.4481], [54.2823, 24.448], [54.283, 24.4477], [54.2836, 24.4475], [54.2843, 24.4471], [54.2848, 24.4465], [54.285, 24.4461], [54.285, 24.4458], [54.2849, 24.4456], [54.2847, 24.4456], [54.2846, 24.4456], [54.2845, 24.4458], [54.2845, 24.446], [54.2842, 24.4463], [54.2838, 24.4466], [54.2834, 24.4466], [54.2824, 24.4466], [54.2821, 24.4467], [54.2818, 24.4469], [54.2814, 24.447], [54.2811, 24.447], [54.2807, 24.4469], [54.2798, 24.4462], [54.2793, 24.4459], [54.2788, 24.4456], [54.2784, 24.4455], [54.2778, 24.4453], [54.2772, 24.4448], [54.2757, 24.4439], [54.2748, 24.4432], [54.2733, 24.4426], [54.2724, 24.4422], [54.2718, 24.4418], [54.2714, 24.4415], [54.2715, 24.4413], [54.2717, 24.4412]]], [[[54.4101, 24.4607], [54.4099, 24.4602], [54.4099, 24.4597], [54.4101, 24.4591], [54.4103, 24.4585], [54.4105, 24.4579], [54.4108, 24.4573], [54.411, 24.4568], [54.411, 24.4563], [54.4109, 24.4556], [54.4107, 24.4551], [54.4107, 24.4547], [54.411, 24.4541], [54.411, 24.4535], [54.4112, 24.4532], [54.4115, 24.4527], [54.4118, 24.4523], [54.4122, 24.4519], [54.4126, 24.4517], [54.4128, 24.4513], [54.413, 24.4509], [54.4128, 24.4507], [54.4125, 24.4503], [54.4123, 24.4499], [54.4122, 24.4495], [54.4124, 24.4492], [54.4127, 24.4487], [54.4125, 24.4484], [54.4119, 24.4486], [54.4101, 24.4495], [54.4089, 24.4504], [54.4081, 24.4513], [54.4078, 24.4522], [54.4074, 24.4528], [54.4068, 24.454], [54.4062, 24.455], [54.4057, 24.4559], [54.4055, 24.4563], [54.4053, 24.4566], [54.4049, 24.4578], [54.4044, 24.4586], [54.4043, 24.459], [54.4041, 24.4595], [54.4043, 24.4598], [54.4047, 24.4603], [54.4053, 24.461], [54.4059, 24.4616], [54.4064, 24.462], [54.4075, 24.4632], [54.4086, 24.4639], [54.4092, 24.4643], [54.4097, 24.4643], [54.41, 24.4643], [54.4101, 24.464], [54.4101, 24.4633], [54.4103, 24.4624], [54.4103, 24.4616], [54.4104, 24.4609], [54.4101, 24.4607]]], [[[54.4454, 24.4483], [54.4454, 24.4479], [54.4451, 24.4477], [54.4449, 24.4474], [54.4448, 24.4469], [54.4444, 24.4468], [54.4436, 24.4471], [54.4431, 24.4471], [54.442, 24.447], [54.4412, 24.447], [54.4406, 24.4467], [54.4398, 24.4463], [54.4394, 24.4464], [54.4387, 24.4467], [54.4377, 24.447], [54.437, 24.4469], [54.4357, 24.4467], [54.4335, 24.4462], [54.4326, 24.4461], [54.4319, 24.446], [54.4292, 24.4455], [54.4263, 24.4449], [54.4245, 24.4447], [54.4233, 24.4446], [54.4218, 24.4449], [54.4133, 24.4482], [54.4132, 24.4484], [54.4131, 24.4486], [54.4128, 24.449], [54.4125, 24.4494], [54.4124, 24.4497], [54.4125, 24.45], [54.4128, 24.4501], [54.4131, 24.4504], [54.4134, 24.4508], [54.4134, 24.4512], [54.413, 24.4516], [54.4125, 24.452], [54.412, 24.4527], [54.4116, 24.4531], [54.4112, 24.4539], [54.411, 24.4546], [54.4109, 24.4551], [54.4113, 24.4557], [54.4114, 24.4565], [54.4113, 24.4571], [54.411, 24.4579], [54.4109, 24.4584], [54.4108, 24.4585], [54.4106, 24.4592], [54.4105, 24.4601], [54.4106, 24.4609], [54.4109, 24.4613], [54.4109, 24.4619], [54.4107, 24.4629], [54.4106, 24.4636], [54.4106, 24.4644], [54.4104, 24.4654], [54.4102, 24.4655], [54.41, 24.4659], [54.41, 24.4664], [54.4101, 24.4669], [54.41, 24.4675], [54.4105, 24.4678], [54.4112, 24.4682], [54.4124, 24.4692], [54.4135, 24.47], [54.4144, 24.4701], [54.4155, 24.4701], [54.416, 24.47], [54.4168, 24.4702], [54.4172, 24.4703], [54.4176, 24.4702], [54.4177, 24.4699], [54.4177, 24.4696], [54.418, 24.4695], [54.4184, 24.4696], [54.4185, 24.4699], [54.4188, 24.47], [54.4192, 24.4701], [54.42, 24.4702], [54.4205, 24.4702], [54.4208, 24.4706], [54.4215, 24.471], [54.4223, 24.471], [54.4231, 24.4708], [54.424, 24.4705], [54.4246, 24.4702], [54.4253, 24.4697], [54.4261, 24.4699], [54.4265, 24.4699], [54.4273, 24.4695], [54.4281, 24.4692], [54.4287, 24.469], [54.4294, 24.4683], [54.4308, 24.4676], [54.432, 24.4669], [54.4332, 24.4664], [54.4346, 24.4653], [54.4356, 24.4643], [54.4373, 24.4623], [54.438, 24.4598], [54.4391, 24.4591], [54.4399, 24.4588], [54.4411, 24.4584], [54.4425, 24.4578], [54.4433, 24.4573], [54.4441, 24.4564], [54.445, 24.4554], [54.4464, 24.4527], [54.4466, 24.4521], [54.4463, 24.4518], [54.4459, 24.4517], [54.4456, 24.4515], [54.4454, 24.451], [54.4448, 24.4503], [54.4445, 24.4495], [54.4445, 24.449], [54.4447, 24.4486], [54.4449, 24.4485], [54.4451, 24.4484], [54.4454, 24.4483]]], [[[54.2985, 24.4479], [54.2978, 24.4476], [54.2971, 24.4476], [54.2962, 24.4477], [54.2955, 24.4481], [54.2948, 24.4486], [54.294, 24.4496], [54.2933, 24.451], [54.2928, 24.4521], [54.2921, 24.4539], [54.2917, 24.4553], [54.2914, 24.4567], [54.2912, 24.4584], [54.2911, 24.4589], [54.2909, 24.4592], [54.2904, 24.4592], [54.2898, 24.4591], [54.2896, 24.4589], [54.2898, 24.4571], [54.2899, 24.4563], [54.2902, 24.4551], [54.2906, 24.454], [54.2908, 24.4529], [54.2911, 24.4522], [54.2918, 24.4506], [54.2922, 24.4495], [54.2924, 24.449], [54.2928, 24.4482], [54.2933, 24.4477], [54.2935, 24.4474], [54.2935, 24.4469], [54.2933, 24.4465], [54.2925, 24.4461], [54.292, 24.446], [54.2915, 24.4459], [54.2911, 24.4458], [54.2908, 24.4456], [54.2904, 24.4454], [54.2901, 24.4455], [54.2898, 24.4457], [54.2895, 24.4456], [54.2893, 24.4452], [54.2891, 24.4448], [54.2891, 24.4441], [54.289, 24.4436], [54.2883, 24.4426], [54.2873, 24.4411], [54.2867, 24.4406], [54.286, 24.4405], [54.2856, 24.4405], [54.2855, 24.4407], [54.2859, 24.4412], [54.2866, 24.4425], [54.2872, 24.4441], [54.288, 24.4452], [54.2885, 24.4458], [54.2886, 24.4465], [54.2885, 24.4472], [54.2879, 24.4487], [54.2873, 24.4504], [54.2869, 24.4516], [54.2861, 24.4529], [54.2858, 24.4537], [54.286, 24.4541], [54.2862, 24.4548], [54.2861, 24.4554], [54.286, 24.4559], [54.286, 24.4562], [54.2862, 24.4563], [54.2864, 24.4566], [54.2867, 24.4573], [54.2869, 24.4582], [54.2868, 24.4585], [54.2865, 24.4589], [54.2866, 24.4593], [54.287, 24.4599], [54.2878, 24.4607], [54.2889, 24.4615], [54.2897, 24.462], [54.2901, 24.4622], [54.2906, 24.4622], [54.2911, 24.4624], [54.2915, 24.4693], [54.2917, 24.4732], [54.2993, 24.4775], [54.2997, 24.4775], [54.3, 24.4773], [54.3, 24.4771], [54.292, 24.4729], [54.292, 24.4723], [54.2915, 24.4624], [54.2916, 24.4618], [54.2921, 24.4614], [54.2929, 24.4611], [54.2934, 24.4607], [54.2938, 24.4598], [54.294, 24.459], [54.2944, 24.458], [54.2949, 24.4573], [54.2953, 24.4564], [54.2954, 24.4558], [54.2955, 24.4553], [54.2958, 24.4548], [54.2961, 24.4544], [54.2965, 24.4537], [54.2968, 24.4534], [54.2969, 24.4531], [54.2975, 24.4526], [54.2978, 24.4524], [54.2983, 24.4521], [54.2988, 24.4514], [54.2991, 24.4508], [54.2998, 24.4502], [54.3006, 24.4495], [54.3012, 24.4492], [54.3014, 24.4489], [54.3015, 24.4484], [54.301, 24.4481], [54.3007, 24.448], [54.3001, 24.4482], [54.3, 24.4484], [54.3, 24.4487], [54.3002, 24.4488], [54.3001, 24.449], [54.3, 24.449], [54.2997, 24.449], [54.2994, 24.4488], [54.2992, 24.4483], [54.2985, 24.4479]]], [[[54.3998, 24.4211], [54.4, 24.4225], [54.3997, 24.4239], [54.3988, 24.4256], [54.3984, 24.4262], [54.3956, 24.4275], [54.3925, 24.4281], [54.3859, 24.43], [54.3811, 24.4313], [54.3808, 24.4304], [54.3856, 24.4289], [54.3964, 24.426], [54.3974, 24.4256], [54.3983, 24.4248], [54.3989, 24.4234], [54.3989, 24.4222], [54.3984, 24.4209], [54.3977, 24.4195], [54.3892, 24.422], [54.381, 24.425], [54.3811, 24.4265], [54.3775, 24.4277], [54.3753, 24.4285], [54.3745, 24.4282], [54.3731, 24.4287], [54.3721, 24.4289], [54.3717, 24.4291], [54.3716, 24.4292], [54.3709, 24.429], [54.3702, 24.4294], [54.3699, 24.4297], [54.3679, 24.4303], [54.3682, 24.4305], [54.3674, 24.4309], [54.3669, 24.4301], [54.3651, 24.4314], [54.3605, 24.4356], [54.3575, 24.4378], [54.3548, 24.4399], [54.3537, 24.4407], [54.3511, 24.4429], [54.3459, 24.4467], [54.342, 24.4494], [54.3418, 24.4502], [54.3419, 24.4507], [54.3426, 24.4509], [54.3448, 24.4509], [54.3469, 24.4506], [54.3476, 24.4508], [54.3477, 24.4515], [54.3475, 24.4522], [54.3471, 24.4527], [54.3454, 24.4533], [54.3412, 24.4543], [54.3392, 24.454], [54.339, 24.4525], [54.3406, 24.4524], [54.3407, 24.4505], [54.3389, 24.4505], [54.3387, 24.4503], [54.3387, 24.4499], [54.3389, 24.4489], [54.3388, 24.4483], [54.3385, 24.448], [54.3372, 24.448], [54.3371, 24.4483], [54.3373, 24.4485], [54.3372, 24.4486], [54.3361, 24.4485], [54.3355, 24.4485], [54.3346, 24.4487], [54.3346, 24.4491], [54.3341, 24.4496], [54.3319, 24.4497], [54.3315, 24.4493], [54.3306, 24.449], [54.3297, 24.4489], [54.3293, 24.4492], [54.329, 24.4495], [54.3288, 24.45], [54.3292, 24.45], [54.3293, 24.4497], [54.3298, 24.4493], [54.3305, 24.4493], [54.3311, 24.4496], [54.3313, 24.4497], [54.3315, 24.4498], [54.3312, 24.4499], [54.331, 24.4496], [54.3307, 24.4496], [54.3305, 24.4498], [54.3306, 24.4499], [54.3306, 24.4502], [54.3304, 24.4502], [54.3301, 24.4502], [54.3301, 24.4505], [54.3302, 24.4508], [54.3308, 24.4513], [54.3335, 24.4514], [54.3338, 24.4522], [54.3343, 24.4525], [54.3377, 24.4527], [54.3381, 24.4528], [54.3385, 24.4539], [54.3385, 24.4541], [54.3359, 24.4537], [54.3349, 24.4535], [54.3344, 24.4533], [54.3327, 24.4532], [54.3319, 24.4532], [54.3304, 24.4542], [54.3296, 24.4547], [54.3295, 24.4548], [54.3288, 24.455], [54.3282, 24.4547], [54.3267, 24.4551], [54.3267, 24.4554], [54.3253, 24.4557], [54.3247, 24.4557], [54.3245, 24.4552], [54.324, 24.4547], [54.3231, 24.4544], [54.322, 24.4545], [54.3214, 24.4548], [54.3212, 24.4552], [54.3214, 24.4558], [54.3218, 24.4562], [54.3225, 24.4564], [54.3235, 24.4563], [54.3248, 24.4563], [54.3267, 24.4559], [54.3269, 24.4565], [54.3254, 24.4574], [54.3247, 24.4577], [54.3219, 24.4576], [54.3198, 24.456], [54.32, 24.4555], [54.319, 24.4552], [54.3181, 24.4553], [54.3176, 24.4556], [54.317, 24.4553], [54.3163, 24.4548], [54.3162, 24.4541], [54.316, 24.4533], [54.3148, 24.453], [54.3145, 24.4511], [54.3091, 24.451], [54.3093, 24.4527], [54.309, 24.4531], [54.3084, 24.4534], [54.3075, 24.4536], [54.3068, 24.454], [54.3052, 24.4547], [54.3045, 24.4553], [54.3041, 24.4555], [54.304, 24.4558], [54.3039, 24.4559], [54.3034, 24.4562], [54.3034, 24.4567], [54.3028, 24.4577], [54.3024, 24.4584], [54.3023, 24.4596], [54.3024, 24.4603], [54.3023, 24.4609], [54.302, 24.4609], [54.3018, 24.4606], [54.3018, 24.4602], [54.3017, 24.4597], [54.3016, 24.4592], [54.3014, 24.459], [54.3014, 24.4588], [54.3014, 24.4586], [54.3014, 24.4585], [54.3014, 24.4584], [54.3019, 24.4575], [54.3022, 24.4573], [54.3023, 24.457], [54.3024, 24.4568], [54.3026, 24.4564], [54.3029, 24.4562], [54.303, 24.4559], [54.3028, 24.4557], [54.3026, 24.4556], [54.3028, 24.4555], [54.303, 24.4555], [54.3032, 24.4556], [54.3033, 24.4554], [54.3034, 24.4553], [54.3036, 24.455], [54.3034, 24.4548], [54.3028, 24.455], [54.3022, 24.4557], [54.3017, 24.4568], [54.301, 24.4584], [54.3009, 24.4585], [54.301, 24.4586], [54.3013, 24.4586], [54.3013, 24.4588], [54.301, 24.4588], [54.3009, 24.4588], [54.3006, 24.4591], [54.3003, 24.4591], [54.3006, 24.4583], [54.3005, 24.4582], [54.3004, 24.4583], [54.3003, 24.4585], [54.3002, 24.4588], [54.3002, 24.4592], [54.3004, 24.4593], [54.3005, 24.4594], [54.3007, 24.4597], [54.301, 24.4605], [54.3015, 24.4616], [54.3015, 24.4631], [54.3016, 24.4653], [54.3014, 24.4654], [54.3014, 24.4656], [54.3015, 24.4657], [54.3016, 24.4671], [54.3027, 24.4677], [54.3028, 24.4675], [54.3019, 24.4671], [54.3018, 24.4664], [54.3021, 24.4665], [54.3022, 24.4663], [54.3019, 24.4661], [54.3017, 24.4646], [54.3019, 24.4646], [54.3021, 24.4645], [54.3024, 24.4644], [54.3028, 24.4644], [54.303, 24.4645], [54.3032, 24.4644], [54.3034, 24.4644], [54.3035, 24.4645], [54.3036, 24.4657], [54.3038, 24.4656], [54.3044, 24.4657], [54.3045, 24.4657], [54.3046, 24.4657], [54.3049, 24.4657], [54.3054, 24.4657], [54.3059, 24.4658], [54.3063, 24.466], [54.3068, 24.4661], [54.3071, 24.4662], [54.3076, 24.4663], [54.3081, 24.4665], [54.3081, 24.4669], [54.3081, 24.4678], [54.3082, 24.4678], [54.3084, 24.4678], [54.3086, 24.4678], [54.3088, 24.4678], [54.3091, 24.4678], [54.3091, 24.4677], [54.3083, 24.4677], [54.3083, 24.4668], [54.3088, 24.4667], [54.3089, 24.4666], [54.3092, 24.4666], [54.3094, 24.4667], [54.3096, 24.4668], [54.3099, 24.4671], [54.3102, 24.4677], [54.3106, 24.4682], [54.3111, 24.4687], [54.3114, 24.4688], [54.3114, 24.4691], [54.3118, 24.4693], [54.3121, 24.4692], [54.3123, 24.4689], [54.3122, 24.4686], [54.3119, 24.4684], [54.3116, 24.4685], [54.3113, 24.4682], [54.311, 24.4677], [54.3107, 24.4667], [54.3106, 24.4658], [54.3107, 24.465], [54.311, 24.4642], [54.3113, 24.4643], [54.3115, 24.4639], [54.3119, 24.4636], [54.3123, 24.4634], [54.3128, 24.4633], [54.3135, 24.4633], [54.314, 24.4634], [54.3156, 24.4637], [54.3166, 24.464], [54.3179, 24.4645], [54.3185, 24.4648], [54.3192, 24.4656], [54.3196, 24.4661], [54.32, 24.4668], [54.3204, 24.4674], [54.3207, 24.4678], [54.3212, 24.4683], [54.3216, 24.4689], [54.3219, 24.4696], [54.3219, 24.4703], [54.3218, 24.4703], [54.3216, 24.4704], [54.3213, 24.4707], [54.3212, 24.471], [54.3212, 24.4713], [54.321, 24.4714], [54.3169, 24.4722], [54.3164, 24.4723], [54.3159, 24.4726], [54.3158, 24.4731], [54.3157, 24.4734], [54.3117, 24.4766], [54.3113, 24.4772], [54.311, 24.4775], [54.3108, 24.4781], [54.3108, 24.4787], [54.3114, 24.4799], [54.3124, 24.4812], [54.3136, 24.4826], [54.3149, 24.4839], [54.3157, 24.4848], [54.3161, 24.4848], [54.3167, 24.4847], [54.317, 24.4846], [54.3172, 24.4843], [54.3171, 24.484], [54.3168, 24.4836], [54.3156, 24.4823], [54.3139, 24.4804], [54.3135, 24.4801], [54.3134, 24.4794], [54.3133, 24.4783], [54.3134, 24.4778], [54.3137, 24.4774], [54.3146, 24.4767], [54.3154, 24.4762], [54.3166, 24.4752], [54.3169, 24.4751], [54.3186, 24.4767], [54.3166, 24.4791], [54.3169, 24.4795], [54.3174, 24.4797], [54.318, 24.4794], [54.3184, 24.479], [54.3187, 24.4788], [54.3194, 24.479], [54.3195, 24.4797], [54.3194, 24.4809], [54.3196, 24.4815], [54.3206, 24.4822], [54.3216, 24.4823], [54.3218, 24.4821], [54.3218, 24.4818], [54.3214, 24.4818], [54.321, 24.4818], [54.321, 24.4816], [54.321, 24.4814], [54.3208, 24.4813], [54.3205, 24.4814], [54.3203, 24.4814], [54.3201, 24.4814], [54.32, 24.4812], [54.3201, 24.4799], [54.3204, 24.4791], [54.3205, 24.479], [54.3209, 24.4786], [54.3215, 24.4789], [54.3223, 24.4793], [54.3238, 24.4799], [54.3242, 24.4801], [54.3243, 24.4803], [54.3243, 24.4804], [54.3242, 24.4805], [54.3241, 24.4807], [54.3244, 24.4809], [54.3246, 24.4809], [54.3251, 24.4807], [54.3255, 24.4805], [54.3256, 24.4802], [54.3255, 24.48], [54.3262, 24.4797], [54.327, 24.4792], [54.3278, 24.4786], [54.3284, 24.4783], [54.3284, 24.4781], [54.3284, 24.4779], [54.3273, 24.4774], [54.3269, 24.4772], [54.3263, 24.477], [54.3258, 24.4764], [54.3254, 24.4762], [54.3248, 24.4759], [54.3246, 24.4754], [54.3251, 24.4745], [54.3254, 24.4743], [54.3257, 24.4743], [54.3288, 24.4763], [54.3288, 24.4767], [54.329, 24.4772], [54.3295, 24.4778], [54.3298, 24.478], [54.33, 24.4777], [54.3294, 24.4773], [54.3293, 24.477], [54.3293, 24.4767], [54.3322, 24.4791], [54.3337, 24.4786], [54.334, 24.4786], [54.334, 24.4784], [54.3336, 24.4784], [54.3325, 24.4767], [54.3316, 24.4761], [54.3305, 24.4755], [54.3299, 24.4756], [54.3297, 24.4755], [54.3241, 24.4715], [54.3227, 24.4703], [54.3226, 24.4703], [54.3228, 24.4692], [54.323, 24.4692], [54.3231, 24.4691], [54.3233, 24.4691], [54.3233, 24.4689], [54.3233, 24.4688], [54.3233, 24.4687], [54.3233, 24.4686], [54.3232, 24.4685], [54.3231, 24.4684], [54.323, 24.4684], [54.3234, 24.4653], [54.3235, 24.4652], [54.3236, 24.4652], [54.3235, 24.4651], [54.3235, 24.465], [54.3235, 24.4648], [54.3237, 24.4647], [54.3239, 24.4646], [54.3242, 24.4647], [54.3245, 24.4648], [54.3245, 24.4649], [54.3247, 24.465], [54.3249, 24.465], [54.3253, 24.465], [54.3256, 24.4651], [54.3266, 24.4657], [54.3265, 24.4659], [54.3266, 24.4658], [54.3267, 24.4658], [54.3269, 24.4658], [54.3272, 24.4658], [54.3275, 24.4659], [54.3278, 24.466], [54.3289, 24.4665], [54.3302, 24.4671], [54.3307, 24.4673], [54.3311, 24.4675], [54.3313, 24.4676], [54.3315, 24.4677], [54.3316, 24.4677], [54.3317, 24.4678], [54.3319, 24.4681], [54.3319, 24.4687], [54.3323, 24.469], [54.3329, 24.469], [54.3362, 24.4708], [54.3373, 24.4714], [54.3396, 24.4729], [54.3399, 24.4731], [54.3401, 24.4739], [54.341, 24.4741], [54.3414, 24.4741], [54.343, 24.4753], [54.3446, 24.4775], [54.3449, 24.478], [54.3451, 24.4791], [54.3453, 24.4793], [54.3454, 24.4797], [54.3454, 24.4802], [54.3456, 24.4805], [54.3459, 24.4808], [54.3461, 24.4811], [54.3461, 24.4821], [54.3462, 24.4825], [54.3468, 24.483], [54.3472, 24.4836], [54.3475, 24.4841], [54.3477, 24.4852], [54.3484, 24.486], [54.3487, 24.4867], [54.3487, 24.4872], [54.3496, 24.4883], [54.3498, 24.4889], [54.3507, 24.4902], [54.3513, 24.4906], [54.3515, 24.4912], [54.3517, 24.4916], [54.3518, 24.4918], [54.3523, 24.4918], [54.3527, 24.4922], [54.353, 24.4925], [54.3537, 24.493], [54.354, 24.4934], [54.3547, 24.4938], [54.3569, 24.4953], [54.3573, 24.496], [54.3574, 24.4965], [54.3579, 24.4969], [54.3586, 24.4969], [54.359, 24.497], [54.3618, 24.4994], [54.3641, 24.501], [54.3648, 24.5017], [54.3648, 24.5019], [54.3657, 24.5026], [54.366, 24.5026], [54.3663, 24.503], [54.367, 24.5041], [54.3675, 24.5044], [54.3681, 24.5047], [54.3688, 24.5055], [54.369, 24.506], [54.37, 24.5064], [54.3705, 24.5068], [54.3713, 24.508], [54.3722, 24.5088], [54.3731, 24.5096], [54.3758, 24.5121], [54.3763, 24.5126], [54.3759, 24.5129], [54.375, 24.5128], [54.3727, 24.5108], [54.3694, 24.5089], [54.3678, 24.5107], [54.3712, 24.5133], [54.3748, 24.5159], [54.3736, 24.5171], [54.3665, 24.512], [54.36, 24.5173], [54.3629, 24.524], [54.3617, 24.5355], [54.359, 24.5357], [54.359, 24.536], [54.3618, 24.5366], [54.3622, 24.537], [54.3628, 24.5374], [54.3635, 24.5376], [54.3787, 24.5411], [54.3793, 24.5412], [54.3798, 24.5411], [54.3803, 24.5409], [54.3831, 24.5396], [54.3839, 24.5409], [54.3841, 24.5407], [54.3832, 24.5391], [54.3846, 24.5384], [54.3855, 24.5378], [54.3859, 24.5372], [54.386, 24.5366], [54.3867, 24.5358], [54.3831, 24.5297], [54.3797, 24.5281], [54.3775, 24.529], [54.3764, 24.5271], [54.3781, 24.526], [54.3788, 24.5268], [54.381, 24.5254], [54.3838, 24.5234], [54.3855, 24.5224], [54.3861, 24.5225], [54.3864, 24.5228], [54.3868, 24.5225], [54.3864, 24.5222], [54.3869, 24.5218], [54.3879, 24.5209], [54.3922, 24.5161], [54.3956, 24.5189], [54.3963, 24.5189], [54.3894, 24.5264], [54.3904, 24.5323], [54.3988, 24.5233], [54.3991, 24.5224], [54.3991, 24.5208], [54.3994, 24.5197], [54.3995, 24.5195], [54.3992, 24.5185], [54.3983, 24.5177], [54.3961, 24.5163], [54.3951, 24.5156], [54.3932, 24.5148], [54.3916, 24.514], [54.3903, 24.5132], [54.3896, 24.5131], [54.3893, 24.5131], [54.388, 24.5122], [54.3866, 24.5112], [54.3866, 24.5108], [54.3872, 24.5107], [54.3872, 24.51], [54.3865, 24.5086], [54.3861, 24.5089], [54.3857, 24.5087], [54.3862, 24.5079], [54.3861, 24.5078], [54.3854, 24.5082], [54.3848, 24.508], [54.3854, 24.5074], [54.3859, 24.5069], [54.3865, 24.5072], [54.3874, 24.5073], [54.3886, 24.507], [54.3885, 24.5065], [54.388, 24.5062], [54.3866, 24.5056], [54.386, 24.5056], [54.3856, 24.506], [54.3855, 24.5065], [54.385, 24.5068], [54.3844, 24.5067], [54.3843, 24.5059], [54.3841, 24.5042], [54.3847, 24.5037], [54.3833, 24.5031], [54.3819, 24.5027], [54.3814, 24.5014], [54.3805, 24.5013], [54.381, 24.5005], [54.3815, 24.5001], [54.382, 24.4996], [54.3824, 24.4989], [54.3829, 24.4992], [54.3833, 24.4993], [54.3837, 24.4992], [54.3839, 24.4987], [54.3836, 24.4989], [54.3832, 24.4992], [54.3828, 24.499], [54.3826, 24.4987], [54.3829, 24.4975], [54.3839, 24.4983], [54.3842, 24.4982], [54.3836, 24.4977], [54.3838, 24.4971], [54.3847, 24.4959], [54.3856, 24.494], [54.3859, 24.4932], [54.3862, 24.4919], [54.387, 24.491], [54.3877, 24.4902], [54.3878, 24.4895], [54.3927, 24.4852], [54.3944, 24.484], [54.3942, 24.4833], [54.3941, 24.4828], [54.3941, 24.482], [54.3949, 24.4821], [54.3952, 24.4837], [54.3961, 24.4823], [54.3972, 24.4831], [54.3978, 24.4826], [54.3974, 24.4818], [54.4011, 24.4787], [54.4019, 24.4784], [54.4025, 24.4783], [54.4032, 24.478], [54.4038, 24.4776], [54.404, 24.4774], [54.404, 24.4768], [54.4042, 24.4762], [54.4041, 24.4756], [54.4037, 24.4744], [54.4043, 24.4743], [54.4044, 24.4748], [54.4054, 24.4747], [54.4063, 24.474], [54.4075, 24.4733], [54.408, 24.4732], [54.4084, 24.473], [54.408, 24.4723], [54.407, 24.4708], [54.4067, 24.4697], [54.4076, 24.4694], [54.4085, 24.4705], [54.4082, 24.4707], [54.4089, 24.4721], [54.4109, 24.4714], [54.4108, 24.4708], [54.4119, 24.4701], [54.4103, 24.4684], [54.4095, 24.4679], [54.4093, 24.467], [54.4093, 24.4647], [54.4072, 24.4636], [54.4062, 24.4629], [54.4053, 24.4618], [54.4035, 24.4627], [54.4018, 24.4635], [54.4006, 24.4639], [54.3997, 24.4645], [54.3994, 24.4648], [54.3991, 24.4648], [54.3988, 24.4645], [54.3989, 24.4642], [54.3994, 24.4641], [54.3999, 24.4638], [54.4, 24.4635], [54.3999, 24.463], [54.4003, 24.4627], [54.4007, 24.4623], [54.4013, 24.4621], [54.4017, 24.4618], [54.403, 24.4597], [54.4034, 24.459], [54.4045, 24.4567], [54.4053, 24.455], [54.4084, 24.4496], [54.4097, 24.4486], [54.4104, 24.4483], [54.411, 24.448], [54.4166, 24.4459], [54.4192, 24.4449], [54.4196, 24.4448], [54.4213, 24.4442], [54.4226, 24.444], [54.4244, 24.4438], [54.4285, 24.4446], [54.4318, 24.4453], [54.433, 24.4455], [54.4355, 24.4459], [54.4374, 24.446], [54.4394, 24.4458], [54.4404, 24.4457], [54.4414, 24.4459], [54.4421, 24.4461], [54.4427, 24.4463], [54.443, 24.4464], [54.4435, 24.4464], [54.4437, 24.446], [54.4444, 24.4452], [54.4459, 24.4444], [54.4466, 24.4443], [54.4477, 24.4438], [54.4484, 24.4432], [54.4493, 24.4428], [54.4503, 24.4424], [54.4515, 24.4421], [54.4527, 24.4423], [54.4559, 24.4433], [54.4594, 24.4445], [54.4627, 24.4457], [54.4633, 24.4458], [54.4641, 24.4457], [54.4647, 24.445], [54.4654, 24.4441], [54.4657, 24.443], [54.4663, 24.442], [54.4665, 24.4413], [54.4674, 24.4386], [54.4685, 24.4349], [54.4696, 24.4331], [54.4713, 24.432], [54.4734, 24.4309], [54.4752, 24.4297], [54.4788, 24.4278], [54.4801, 24.4276], [54.4811, 24.4265], [54.4831, 24.4251], [54.4834, 24.4247], [54.4833, 24.4242], [54.4832, 24.424], [54.4827, 24.4237], [54.4825, 24.4233], [54.4826, 24.4229], [54.4831, 24.4226], [54.4837, 24.4225], [54.4839, 24.4226], [54.4847, 24.4191], [54.4857, 24.416], [54.4875, 24.4117], [54.4863, 24.4074], [54.4828, 24.4039], [54.4791, 24.4], [54.4752, 24.398], [54.4682, 24.396], [54.4676, 24.396], [54.4671, 24.3962], [54.4674, 24.3964], [54.4667, 24.3965], [54.4666, 24.3971], [54.4663, 24.3971], [54.4661, 24.3966], [54.4649, 24.3968], [54.4625, 24.3975], [54.4617, 24.3979], [54.4616, 24.398], [54.4618, 24.3983], [54.4617, 24.3988], [54.4615, 24.3989], [54.4612, 24.3988], [54.4611, 24.3987], [54.4613, 24.3983], [54.4613, 24.3981], [54.4609, 24.3982], [54.4606, 24.3988], [54.4603, 24.3989], [54.4594, 24.3987], [54.4585, 24.3989], [54.4578, 24.3995], [54.4576, 24.4], [54.4579, 24.401], [54.4571, 24.4012], [54.4565, 24.4002], [54.4556, 24.4], [54.4548, 24.4001], [54.4542, 24.4004], [54.4541, 24.4009], [54.4566, 24.4072], [54.4602, 24.4062], [54.4659, 24.4042], [54.4666, 24.4061], [54.4554, 24.41], [54.4484, 24.4124], [54.4459, 24.4132], [54.4435, 24.4137], [54.4408, 24.4147], [54.4372, 24.4159], [54.4336, 24.4171], [54.4307, 24.4181], [54.4215, 24.4203], [54.421, 24.4197], [54.4208, 24.4186], [54.4256, 24.4174], [54.4309, 24.4159], [54.4359, 24.4143], [54.4434, 24.4117], [54.4535, 24.4084], [54.4508, 24.4017], [54.4435, 24.4039], [54.4353, 24.4067], [54.4331, 24.4076], [54.4304, 24.4082], [54.4233, 24.4106], [54.4226, 24.411], [54.4228, 24.4117], [54.4219, 24.412], [54.4214, 24.4113], [54.4194, 24.412], [54.4182, 24.4139], [54.417, 24.4157], [54.4167, 24.4165], [54.4092, 24.4191], [54.4081, 24.417], [54.4061, 24.4163], [54.4042, 24.4169], [54.4031, 24.4177], [54.3998, 24.4181], [54.3993, 24.4183], [54.3989, 24.4191], [54.3998, 24.4211]]], [[[54.4621, 24.4745], [54.4626, 24.4744], [54.4635, 24.4744], [54.4651, 24.4743], [54.467, 24.4741], [54.4676, 24.4741], [54.4685, 24.4739], [54.4694, 24.4736], [54.4706, 24.473], [54.4709, 24.4725], [54.4711, 24.4715], [54.4711, 24.4703], [54.4712, 24.4694], [54.4717, 24.4686], [54.4723, 24.4678], [54.4724, 24.4673], [54.4724, 24.4669], [54.472, 24.4662], [54.4654, 24.4604], [54.4653, 24.4604], [54.4651, 24.4606], [54.4641, 24.4615], [54.4602, 24.4666], [54.4586, 24.469], [54.4578, 24.47], [54.4575, 24.4706], [54.4572, 24.4712], [54.4564, 24.4721], [54.4555, 24.4735], [54.4553, 24.4742], [54.4545, 24.4751], [54.4543, 24.4759], [54.4543, 24.4763], [54.454, 24.4768], [54.4535, 24.4774], [54.4535, 24.4777], [54.4538, 24.4779], [54.4541, 24.478], [54.4547, 24.478], [54.4556, 24.4779], [54.456, 24.4778], [54.4566, 24.4773], [54.4577, 24.4771], [54.4586, 24.4769], [54.4594, 24.4767], [54.4597, 24.4765], [54.4599, 24.4761], [54.4603, 24.4757], [54.4607, 24.4754], [54.4614, 24.4749], [54.4621, 24.4745]]], [[[54.4828, 24.474], [54.4818, 24.4745], [54.4813, 24.4747], [54.4804, 24.475], [54.48, 24.4752], [54.4788, 24.4757], [54.4783, 24.4758], [54.4775, 24.4759], [54.4769, 24.4761], [54.4763, 24.4762], [54.4755, 24.4763], [54.4752, 24.4766], [54.4746, 24.4769], [54.4742, 24.4769], [54.4737, 24.4771], [54.4733, 24.4777], [54.4732, 24.4784], [54.4732, 24.4793], [54.4733, 24.4802], [54.4733, 24.481], [54.4735, 24.4819], [54.4737, 24.4826], [54.4738, 24.4833], [54.4741, 24.4837], [54.4741, 24.4839], [54.4739, 24.4842], [54.4735, 24.4844], [54.4735, 24.4846], [54.4738, 24.4847], [54.4741, 24.4845], [54.4743, 24.4844], [54.4748, 24.4843], [54.4761, 24.4844], [54.4766, 24.4842], [54.4771, 24.484], [54.4782, 24.4838], [54.4792, 24.4836], [54.4799, 24.4834], [54.4807, 24.4828], [54.4821, 24.4818], [54.4829, 24.4811], [54.4836, 24.4806], [54.4839, 24.4803], [54.484, 24.4799], [54.4841, 24.4795], [54.4843, 24.4792], [54.4847, 24.4787], [54.485, 24.4784], [54.4853, 24.4779], [54.4855, 24.4773], [54.4855, 24.477], [54.4856, 24.4764], [54.4858, 24.4761], [54.486, 24.4757], [54.4861, 24.4754], [54.4861, 24.475], [54.4858, 24.4744], [54.4855, 24.4741], [54.4849, 24.4738], [54.4843, 24.4738], [54.4837, 24.4739], [54.4828, 24.474]]], [[[54.4235, 24.4796], [54.4231, 24.4792], [54.4228, 24.4791], [54.4225, 24.4795], [54.4224, 24.4797], [54.4224, 24.48], [54.4212, 24.488], [54.4211, 24.4884], [54.4213, 24.4887], [54.4217, 24.4888], [54.4222, 24.4888], [54.4224, 24.4884], [54.4226, 24.4879], [54.4227, 24.4873], [54.4231, 24.4869], [54.4236, 24.4861], [54.4239, 24.4855], [54.4244, 24.4848], [54.4244, 24.4842], [54.4243, 24.4841], [54.4243, 24.4838], [54.4244, 24.4832], [54.4246, 24.4828], [54.4247, 24.4824], [54.4242, 24.4822], [54.424, 24.4822], [54.4236, 24.4821], [54.4232, 24.4818], [54.4232, 24.4813], [54.4234, 24.4807], [54.4235, 24.4804], [54.4235, 24.4802], [54.4235, 24.4796]]], [[[54.4687, 24.4845], [54.4691, 24.4836], [54.4693, 24.4826], [54.4696, 24.4816], [54.4698, 24.4811], [54.47, 24.4809], [54.4703, 24.4806], [54.4702, 24.4804], [54.4702, 24.48], [54.4702, 24.4796], [54.4703, 24.4793], [54.4705, 24.4789], [54.4705, 24.4785], [54.4701, 24.4782], [54.4695, 24.4781], [54.4689, 24.4782], [54.4685, 24.4784], [54.4679, 24.479], [54.4656, 24.4804], [54.4622, 24.4822], [54.4598, 24.4833], [54.4562, 24.4846], [54.4548, 24.485], [54.4538, 24.4851], [54.4527, 24.4851], [54.4517, 24.4847], [54.4511, 24.4844], [54.4505, 24.484], [54.4498, 24.4834], [54.4495, 24.4833], [54.449, 24.4832], [54.4472, 24.4837], [54.4439, 24.4848], [54.442, 24.4855], [54.4414, 24.4857], [54.4408, 24.4861], [54.4348, 24.4931], [54.4339, 24.4942], [54.4337, 24.4949], [54.4337, 24.4953], [54.4341, 24.4956], [54.4347, 24.4956], [54.4352, 24.4955], [54.4361, 24.4954], [54.4378, 24.4949], [54.4387, 24.4945], [54.4391, 24.4945], [54.4393, 24.4947], [54.4395, 24.4947], [54.44, 24.4947], [54.4446, 24.4932], [54.4461, 24.4927], [54.4473, 24.4921], [54.452, 24.4901], [54.4538, 24.4894], [54.4558, 24.4886], [54.4573, 24.4881], [54.4579, 24.488], [54.4599, 24.488], [54.4602, 24.4878], [54.4608, 24.4875], [54.4613, 24.4874], [54.4619, 24.4872], [54.4624, 24.4871], [54.4626, 24.4869], [54.4626, 24.4868], [54.4625, 24.4866], [54.4628, 24.4864], [54.4631, 24.4864], [54.4634, 24.4866], [54.4636, 24.4869], [54.4641, 24.487], [54.465, 24.487], [54.466, 24.4868], [54.467, 24.4863], [54.4683, 24.4852], [54.4687, 24.4845]]], [[[54.4162, 24.4984], [54.4164, 24.4979], [54.4164, 24.4974], [54.4167, 24.497], [54.4168, 24.4965], [54.4176, 24.495], [54.4182, 24.4942], [54.4187, 24.4935], [54.4193, 24.4929], [54.4198, 24.4922], [54.42, 24.4913], [54.4219, 24.4781], [54.4219, 24.4777], [54.4218, 24.4775], [54.4207, 24.4762], [54.4194, 24.4751], [54.4178, 24.4738], [54.4167, 24.4732], [54.4156, 24.4729], [54.4152, 24.4725], [54.4147, 24.4723], [54.4142, 24.4725], [54.4135, 24.4727], [54.4129, 24.4728], [54.4123, 24.4732], [54.4121, 24.4739], [54.4121, 24.4746], [54.4119, 24.4751], [54.4115, 24.4758], [54.4106, 24.4767], [54.4047, 24.4819], [54.4029, 24.4835], [54.4021, 24.4842], [54.4015, 24.4843], [54.4009, 24.4843], [54.4001, 24.4843], [54.3994, 24.4847], [54.3991, 24.485], [54.3989, 24.4855], [54.399, 24.4858], [54.3987, 24.4861], [54.398, 24.4862], [54.3974, 24.4861], [54.3971, 24.4861], [54.3967, 24.4862], [54.3964, 24.4867], [54.3963, 24.4867], [54.396, 24.4869], [54.3958, 24.487], [54.3955, 24.4871], [54.395, 24.4873], [54.3945, 24.4875], [54.3939, 24.488], [54.3937, 24.4884], [54.3934, 24.4887], [54.3934, 24.4891], [54.3937, 24.4892], [54.3938, 24.4894], [54.3938, 24.4897], [54.3938, 24.49], [54.3934, 24.4902], [54.393, 24.4902], [54.3929, 24.49], [54.3927, 24.4899], [54.3924, 24.4901], [54.3922, 24.4906], [54.3921, 24.4914], [54.3922, 24.4923], [54.3922, 24.4931], [54.3933, 24.4983], [54.3944, 24.5047], [54.3947, 24.5063], [54.3948, 24.5071], [54.3951, 24.5085], [54.3955, 24.5096], [54.3957, 24.5097], [54.3958, 24.5097], [54.396, 24.5097], [54.396, 24.5094], [54.3962, 24.5092], [54.3967, 24.5091], [54.3971, 24.5093], [54.3973, 24.5095], [54.3973, 24.5097], [54.3974, 24.5099], [54.3976, 24.5099], [54.398, 24.5099], [54.3988, 24.5098], [54.3991, 24.5097], [54.3993, 24.5096], [54.3999, 24.5091], [54.4003, 24.5087], [54.4006, 24.5081], [54.4006, 24.5077], [54.4006, 24.5074], [54.4007, 24.5072], [54.4009, 24.5074], [54.4012, 24.5075], [54.4014, 24.5071], [54.4015, 24.5067], [54.4017, 24.5065], [54.4021, 24.5065], [54.4022, 24.507], [54.4023, 24.5074], [54.4027, 24.508], [54.4031, 24.5086], [54.4033, 24.5091], [54.4033, 24.5096], [54.403, 24.5102], [54.4032, 24.5112], [54.4034, 24.512], [54.4042, 24.5126], [54.4048, 24.5126], [54.4056, 24.5124], [54.4061, 24.512], [54.4067, 24.5119], [54.4072, 24.5119], [54.4075, 24.5115], [54.408, 24.5112], [54.4097, 24.5102], [54.4104, 24.51], [54.411, 24.5099], [54.4121, 24.5092], [54.4157, 24.5066], [54.4167, 24.506], [54.4167, 24.5054], [54.4165, 24.5051], [54.4158, 24.5046], [54.4155, 24.5047], [54.4149, 24.5051], [54.4144, 24.5055], [54.4139, 24.5059], [54.4136, 24.506], [54.4134, 24.5055], [54.4137, 24.5032], [54.4136, 24.5024], [54.4134, 24.5016], [54.4134, 24.5009], [54.4134, 24.5002], [54.4135, 24.4994], [54.4136, 24.499], [54.4139, 24.4987], [54.4152, 24.4986], [54.4159, 24.4985], [54.4162, 24.4984]]], [[[54.3922, 24.5046], [54.3918, 24.5045], [54.3916, 24.5044], [54.3913, 24.5042], [54.3913, 24.5041], [54.3914, 24.504], [54.3917, 24.5039], [54.392, 24.5038], [54.3923, 24.5037], [54.3925, 24.5031], [54.3925, 24.5021], [54.3921, 24.5004], [54.3915, 24.4974], [54.3912, 24.4955], [54.3911, 24.4943], [54.3909, 24.4937], [54.3899, 24.493], [54.3896, 24.493], [54.3888, 24.493], [54.3885, 24.4934], [54.3885, 24.4939], [54.3884, 24.4942], [54.3882, 24.4951], [54.3879, 24.4956], [54.3876, 24.4961], [54.3874, 24.4966], [54.3873, 24.4972], [54.3876, 24.4977], [54.3876, 24.4981], [54.3876, 24.499], [54.3876, 24.5006], [54.3876, 24.5017], [54.3877, 24.5024], [54.3878, 24.5027], [54.388, 24.503], [54.3886, 24.5037], [54.3899, 24.5047], [54.3908, 24.5054], [54.3914, 24.506], [54.3918, 24.5065], [54.3923, 24.5069], [54.3926, 24.5069], [54.393, 24.5067], [54.3931, 24.5063], [54.3929, 24.5058], [54.3928, 24.5052], [54.3926, 24.5048], [54.3922, 24.5046]]], [[[54.3418, 24.49], [54.3413, 24.4894], [54.3411, 24.489], [54.3407, 24.4874], [54.3405, 24.487], [54.3405, 24.4864], [54.3407, 24.4864], [54.3406, 24.486], [54.3403, 24.4861], [54.3401, 24.4858], [54.34, 24.4848], [54.3398, 24.4844], [54.3397, 24.4838], [54.3399, 24.4836], [54.3394, 24.4837], [54.3391, 24.4838], [54.3387, 24.484], [54.3386, 24.4841], [54.3383, 24.4841], [54.3378, 24.4838], [54.3355, 24.482], [54.3351, 24.4816], [54.3344, 24.4819], [54.3334, 24.4822], [54.3332, 24.4823], [54.3298, 24.4803], [54.3295, 24.4802], [54.3294, 24.4802], [54.3294, 24.4803], [54.3305, 24.4825], [54.3313, 24.485], [54.3317, 24.4863], [54.3318, 24.487], [54.3316, 24.4873], [54.3312, 24.4879], [54.331, 24.4881], [54.331, 24.4883], [54.3312, 24.4882], [54.3314, 24.4881], [54.3316, 24.4878], [54.3319, 24.4878], [54.3322, 24.488], [54.3325, 24.4883], [54.3329, 24.4889], [54.3335, 24.4908], [54.335, 24.4947], [54.3365, 24.4985], [54.3382, 24.502], [54.3394, 24.5038], [54.3409, 24.5054], [54.3425, 24.5069], [54.3468, 24.5103], [54.3477, 24.5111], [54.349, 24.5122], [54.3492, 24.5122], [54.3493, 24.5121], [54.3495, 24.5121], [54.3495, 24.5123], [54.3499, 24.5129], [54.3507, 24.5137], [54.3512, 24.514], [54.3522, 24.5147], [54.3526, 24.5153], [54.353, 24.5156], [54.3538, 24.5162], [54.3546, 24.5167], [54.3556, 24.5173], [54.3563, 24.5179], [54.3565, 24.5182], [54.3568, 24.5186], [54.3569, 24.519], [54.3568, 24.5194], [54.3564, 24.5193], [54.3563, 24.5192], [54.3562, 24.5192], [54.3561, 24.5192], [54.356, 24.5194], [54.3563, 24.5194], [54.357, 24.5196], [54.3575, 24.5198], [54.3577, 24.5199], [54.358, 24.52], [54.3575, 24.5191], [54.3566, 24.517], [54.3558, 24.5153], [54.3557, 24.5144], [54.3559, 24.5134], [54.3566, 24.5125], [54.3571, 24.5117], [54.3576, 24.5102], [54.358, 24.5084], [54.3581, 24.507], [54.3582, 24.5048], [54.3582, 24.5045], [54.3601, 24.5019], [54.3609, 24.501], [54.3608, 24.5009], [54.36, 24.5018], [54.3591, 24.5017], [54.3575, 24.5009], [54.3571, 24.5009], [54.3566, 24.5006], [54.3529, 24.4992], [54.3522, 24.4988], [54.3512, 24.498], [54.3506, 24.4974], [54.3503, 24.4973], [54.35, 24.4972], [54.3451, 24.493], [54.3434, 24.4915], [54.3425, 24.4906], [54.3418, 24.49]]], [[[54.4365, 24.5041], [54.4363, 24.5035], [54.4358, 24.5035], [54.435, 24.5035], [54.4343, 24.5036], [54.4338, 24.5037], [54.4333, 24.5037], [54.4328, 24.5041], [54.4323, 24.5044], [54.4316, 24.5044], [54.4312, 24.5044], [54.4309, 24.5046], [54.4303, 24.5045], [54.4298, 24.5044], [54.429, 24.5044], [54.4281, 24.5045], [54.4274, 24.5048], [54.4271, 24.5052], [54.4271, 24.5056], [54.4267, 24.506], [54.4265, 24.5063], [54.4264, 24.5072], [54.4262, 24.5074], [54.4262, 24.508], [54.4267, 24.5083], [54.4271, 24.5081], [54.4273, 24.5078], [54.4276, 24.508], [54.4281, 24.5077], [54.4287, 24.5073], [54.429, 24.5073], [54.4292, 24.5078], [54.4296, 24.5078], [54.4298, 24.5076], [54.4301, 24.5073], [54.4303, 24.5075], [54.4307, 24.5077], [54.4313, 24.5078], [54.4316, 24.5076], [54.432, 24.5074], [54.4328, 24.5075], [54.4335, 24.508], [54.4337, 24.5081], [54.4337, 24.5077], [54.434, 24.5076], [54.4341, 24.5075], [54.4341, 24.5073], [54.4344, 24.5068], [54.4348, 24.5064], [54.4348, 24.5062], [54.435, 24.5058], [54.4355, 24.5057], [54.436, 24.5055], [54.4362, 24.5052], [54.4361, 24.505], [54.4363, 24.5047], [54.4365, 24.5046], [54.4366, 24.5044], [54.4365, 24.5041]]], [[[53.3315, 24.5626], [53.3309, 24.5649], [53.3317, 24.5669], [53.3315, 24.5679], [53.3307, 24.5696], [53.3294, 24.5703], [53.3291, 24.5716], [53.3279, 24.5756], [53.3284, 24.5771], [53.3264, 24.5835], [53.3258, 24.585], [53.3229, 24.585], [53.32, 24.5849], [53.3142, 24.5818], [53.3164, 24.5652], [53.3098, 24.5638], [53.3092, 24.5683], [53.3072, 24.5763], [53.3061, 24.5763], [53.3044, 24.5758], [53.3025, 24.5762], [53.3027, 24.5793], [53.3084, 24.5818], [53.3095, 24.5818], [53.3102, 24.5811], [53.308, 24.5801], [53.311, 24.5651], [53.3144, 24.5661], [53.3135, 24.5833], [53.3175, 24.5852], [53.3201, 24.5873], [53.3229, 24.5892], [53.3251, 24.5895], [53.3269, 24.5866], [53.3265, 24.5862], [53.3441, 24.5315], [53.3436, 24.531], [53.3341, 24.5204], [53.3355, 24.5004], [53.3454, 24.4907], [53.3683, 24.4689], [53.3687, 24.4685], [53.3711, 24.4663], [53.3724, 24.4661], [53.3721, 24.4656], [53.3753, 24.4667], [53.3762, 24.4652], [53.3765, 24.463], [53.3755, 24.461], [53.3755, 24.4584], [53.3745, 24.4564], [53.3728, 24.4537], [53.3712, 24.4554], [53.3699, 24.4554], [53.3698, 24.4583], [53.3698, 24.4603], [53.3698, 24.4613], [53.3699, 24.4615], [53.3711, 24.4636], [53.3706, 24.4652], [53.3689, 24.4662], [53.3673, 24.4674], [53.3675, 24.4677], [53.3345, 24.4994], [53.3335, 24.521], [53.3339, 24.5213], [53.3429, 24.5321], [53.3395, 24.5442], [53.3387, 24.5461], [53.3332, 24.5616], [53.3315, 24.5626]]], [[[54.4727, 24.5814], [54.4712, 24.5795], [54.4689, 24.5764], [54.4681, 24.5748], [54.4673, 24.5728], [54.4666, 24.5714], [54.4665, 24.5707], [54.4666, 24.5698], [54.4663, 24.5692], [54.4656, 24.5685], [54.4656, 24.5679], [54.465, 24.5668], [54.4634, 24.5656], [54.4624, 24.5653], [54.4621, 24.5647], [54.4618, 24.5638], [54.4615, 24.5631], [54.4605, 24.5619], [54.4592, 24.5605], [54.4588, 24.5598], [54.4586, 24.5588], [54.4585, 24.557], [54.4581, 24.5555], [54.4571, 24.5542], [54.4563, 24.5533], [54.4556, 24.5526], [54.4556, 24.5519], [54.4561, 24.5508], [54.4563, 24.5494], [54.4565, 24.5492], [54.4565, 24.549], [54.4566, 24.5486], [54.4562, 24.548], [54.4558, 24.5474], [54.4558, 24.5468], [54.4561, 24.5461], [54.4567, 24.5453], [54.4569, 24.5448], [54.4569, 24.5442], [54.4574, 24.5437], [54.4578, 24.543], [54.4579, 24.5425], [54.4583, 24.542], [54.4588, 24.5416], [54.459, 24.5407], [54.4597, 24.5391], [54.4597, 24.5384], [54.4598, 24.5374], [54.4603, 24.5369], [54.4606, 24.5361], [54.461, 24.5353], [54.461, 24.5346], [54.4615, 24.5338], [54.4623, 24.5312], [54.4625, 24.5299], [54.4626, 24.5288], [54.4632, 24.528], [54.4641, 24.5272], [54.4647, 24.5255], [54.4657, 24.524], [54.466, 24.5231], [54.4661, 24.5222], [54.466, 24.5211], [54.4662, 24.5207], [54.4666, 24.5203], [54.4674, 24.5192], [54.4684, 24.5183], [54.4689, 24.5174], [54.4698, 24.5165], [54.4704, 24.5161], [54.4709, 24.5153], [54.471, 24.5147], [54.471, 24.5141], [54.471, 24.5137], [54.4711, 24.5132], [54.4715, 24.5125], [54.4718, 24.512], [54.472, 24.5115], [54.4723, 24.5109], [54.4728, 24.5108], [54.4732, 24.5104], [54.4732, 24.5102], [54.4731, 24.5095], [54.473, 24.5089], [54.4731, 24.5081], [54.4734, 24.5074], [54.4739, 24.5063], [54.4746, 24.5056], [54.4749, 24.5049], [54.4753, 24.5041], [54.4754, 24.5034], [54.4752, 24.5025], [54.4737, 24.4987], [54.4729, 24.4973], [54.4725, 24.4968], [54.4724, 24.4961], [54.4724, 24.4956], [54.4723, 24.495], [54.4714, 24.4939], [54.4707, 24.4936], [54.4694, 24.494], [54.4688, 24.4946], [54.4671, 24.4954], [54.4636, 24.4983], [54.4611, 24.5008], [54.4585, 24.5035], [54.4568, 24.5061], [54.4548, 24.5067], [54.4532, 24.5067], [54.4526, 24.5075], [54.4521, 24.5082], [54.4511, 24.5087], [54.4488, 24.509], [54.4473, 24.5101], [54.4446, 24.5115], [54.4413, 24.5131], [54.4387, 24.5139], [54.4367, 24.5145], [54.4349, 24.5151], [54.4335, 24.516], [54.4331, 24.517], [54.4314, 24.5172], [54.4284, 24.5182], [54.4246, 24.519], [54.4213, 24.5199], [54.42, 24.521], [54.4189, 24.5214], [54.4176, 24.5213], [54.4163, 24.5214], [54.4151, 24.5217], [54.4145, 24.5222], [54.4135, 24.5224], [54.4132, 24.5227], [54.4121, 24.5229], [54.411, 24.5238], [54.4099, 24.5247], [54.4087, 24.5236], [54.407, 24.5249], [54.4067, 24.5252], [54.4065, 24.5253], [54.4059, 24.5262], [54.4057, 24.5265], [54.4046, 24.527], [54.4026, 24.5285], [54.4026, 24.5289], [54.403, 24.5297], [54.4035, 24.5303], [54.4035, 24.5307], [54.4025, 24.5308], [54.4021, 24.531], [54.4014, 24.5315], [54.4009, 24.5315], [54.4002, 24.5317], [54.3998, 24.5323], [54.3996, 24.5328], [54.3993, 24.5335], [54.3988, 24.5341], [54.3981, 24.5341], [54.3978, 24.5343], [54.3954, 24.5374], [54.3955, 24.5376], [54.398, 24.5377], [54.4012, 24.5386], [54.404, 24.5391], [54.4055, 24.5392], [54.407, 24.5389], [54.4082, 24.5394], [54.4096, 24.5395], [54.4149, 24.5397], [54.4204, 24.5405], [54.4237, 24.5418], [54.427, 24.5435], [54.4307, 24.5454], [54.433, 24.5477], [54.4366, 24.5496], [54.4404, 24.5523], [54.444, 24.555], [54.4489, 24.5594], [54.453, 24.5635], [54.4573, 24.5684], [54.4623, 24.5731], [54.4629, 24.5745], [54.4634, 24.5748], [54.465, 24.5761], [54.4663, 24.5776], [54.4686, 24.5803], [54.4706, 24.5829], [54.4715, 24.5843], [54.4728, 24.586], [54.4736, 24.5871], [54.4736, 24.5877], [54.4744, 24.5876], [54.4745, 24.5876], [54.4746, 24.5876], [54.476, 24.5874], [54.476, 24.5876], [54.4742, 24.5894], [54.474, 24.5896], [54.4735, 24.5906], [54.4731, 24.5908], [54.4723, 24.5923], [54.4718, 24.5925], [54.4713, 24.5922], [54.4711, 24.5925], [54.4711, 24.5938], [54.471, 24.594], [54.4698, 24.5942], [54.4695, 24.5942], [54.4692, 24.5943], [54.4694, 24.5946], [54.4703, 24.5947], [54.4716, 24.597], [54.4715, 24.5972], [54.4715, 24.5975], [54.4717, 24.5975], [54.4723, 24.597], [54.4731, 24.597], [54.4738, 24.5976], [54.4743, 24.5977], [54.4743, 24.5975], [54.4738, 24.5967], [54.4736, 24.5964], [54.4736, 24.5957], [54.4744, 24.5952], [54.4743, 24.5943], [54.474, 24.5942], [54.473, 24.5943], [54.4731, 24.5924], [54.4739, 24.5927], [54.4744, 24.593], [54.4747, 24.5929], [54.4746, 24.5924], [54.4741, 24.5917], [54.4741, 24.5911], [54.4739, 24.5907], [54.474, 24.5902], [54.4742, 24.5896], [54.4765, 24.5873], [54.4767, 24.5873], [54.4763, 24.5869], [54.4765, 24.5865], [54.4768, 24.5862], [54.477, 24.5857], [54.4771, 24.5857], [54.4771, 24.5854], [54.4775, 24.5844], [54.4767, 24.5837], [54.4757, 24.5834], [54.4741, 24.5825], [54.4736, 24.5818], [54.473, 24.5813], [54.4727, 24.5814]]], [[[54.474, 24.5698], [54.4719, 24.5689], [54.4722, 24.5665], [54.4737, 24.564], [54.4713, 24.5664], [54.469, 24.567], [54.4693, 24.5676], [54.4694, 24.5691], [54.4694, 24.5706], [54.4699, 24.5726], [54.4711, 24.5751], [54.4736, 24.5783], [54.4761, 24.5814], [54.4782, 24.5834], [54.4791, 24.5835], [54.4802, 24.5826], [54.4809, 24.5818], [54.4802, 24.5812], [54.4787, 24.581], [54.478, 24.5803], [54.4771, 24.5789], [54.4771, 24.5781], [54.4764, 24.5775], [54.4762, 24.5765], [54.4768, 24.5753], [54.4784, 24.574], [54.4799, 24.5735], [54.4812, 24.5733], [54.4828, 24.5734], [54.4843, 24.5731], [54.4858, 24.5723], [54.4873, 24.5718], [54.4887, 24.5709], [54.4896, 24.5703], [54.4905, 24.571], [54.4908, 24.5719], [54.491, 24.5727], [54.489, 24.5746], [54.4874, 24.5761], [54.4855, 24.5768], [54.4854, 24.5778], [54.4865, 24.5784], [54.4874, 24.5781], [54.4888, 24.5767], [54.4909, 24.5745], [54.4922, 24.5731], [54.493, 24.5721], [54.4933, 24.5717], [54.4931, 24.5714], [54.4926, 24.5716], [54.4921, 24.5719], [54.4917, 24.572], [54.4917, 24.5718], [54.4913, 24.5708], [54.4911, 24.5695], [54.4906, 24.5686], [54.4898, 24.5675], [54.4878, 24.5696], [54.4841, 24.5702], [54.4807, 24.5699], [54.474, 24.5698]]], [[[53.3382, 24.5882], [53.3496, 24.5879], [53.3502, 24.587], [53.3485, 24.5865], [53.3485, 24.5848], [53.3432, 24.5846], [53.3432, 24.5863], [53.3355, 24.5868], [53.3321, 24.5869], [53.3311, 24.5875], [53.3318, 24.5882], [53.3367, 24.5885], [53.3371, 24.5899], [53.3375, 24.5899], [53.3382, 24.5882]]], [[[53.3546, 24.5929], [53.3542, 24.5948], [53.3539, 24.596], [53.3536, 24.5972], [53.3542, 24.6016], [53.3549, 24.6009], [53.3549, 24.5998], [53.3559, 24.5976], [53.3559, 24.5958], [53.3558, 24.5949], [53.3552, 24.5932], [53.3558, 24.591], [53.3555, 24.5888], [53.3555, 24.5872], [53.3555, 24.5853], [53.3554, 24.5836], [53.3539, 24.5821], [53.3538, 24.5821], [53.3544, 24.5843], [53.3544, 24.5858], [53.3541, 24.592], [53.3525, 24.592], [53.3525, 24.5923], [53.3546, 24.5929]]], [[[53.3174, 24.6126], [53.3152, 24.6125], [53.3164, 24.6136], [53.3197, 24.6129], [53.3218, 24.6119], [53.3232, 24.611], [53.3232, 24.6075], [53.3247, 24.606], [53.3258, 24.6052], [53.3255, 24.603], [53.3251, 24.6023], [53.3242, 24.6019], [53.3232, 24.5959], [53.3235, 24.5948], [53.3242, 24.5936], [53.3234, 24.5923], [53.3229, 24.5919], [53.3221, 24.5915], [53.3198, 24.5912], [53.3182, 24.5912], [53.316, 24.5906], [53.3118, 24.5895], [53.3112, 24.5909], [53.3147, 24.5918], [53.3135, 24.5942], [53.3104, 24.5938], [53.3104, 24.5952], [53.3125, 24.5955], [53.3205, 24.5978], [53.3215, 24.6016], [53.3215, 24.6043], [53.3219, 24.6053], [53.3219, 24.6065], [53.3214, 24.607], [53.321, 24.6072], [53.3211, 24.6089], [53.321, 24.6105], [53.3208, 24.6112], [53.3192, 24.6119], [53.3174, 24.6126]]], [[[54.4723, 24.6178], [54.4721, 24.6183], [54.4719, 24.6191], [54.4724, 24.6192], [54.4725, 24.6194], [54.4727, 24.6196], [54.473, 24.6197], [54.4732, 24.6198], [54.4734, 24.6198], [54.4746, 24.6198], [54.4751, 24.6196], [54.4756, 24.6192], [54.4759, 24.6189], [54.4761, 24.6187], [54.4762, 24.6184], [54.476, 24.6181], [54.476, 24.6179], [54.4763, 24.6174], [54.4752, 24.617], [54.4749, 24.6165], [54.475, 24.616], [54.4757, 24.6151], [54.4767, 24.615], [54.4775, 24.6152], [54.4781, 24.6158], [54.4791, 24.6163], [54.4804, 24.6168], [54.4816, 24.6169], [54.483, 24.6172], [54.4815, 24.6157], [54.4803, 24.6155], [54.4798, 24.6151], [54.4792, 24.6143], [54.4788, 24.6132], [54.4779, 24.6127], [54.4776, 24.6115], [54.4772, 24.6112], [54.4765, 24.6122], [54.4763, 24.6125], [54.4757, 24.6128], [54.4752, 24.6126], [54.4754, 24.6122], [54.4753, 24.6122], [54.4742, 24.6129], [54.4743, 24.6132], [54.4742, 24.6142], [54.4737, 24.6153], [54.4734, 24.616], [54.4731, 24.6164], [54.4729, 24.6165], [54.4726, 24.6167], [54.4724, 24.617], [54.4723, 24.6173], [54.4723, 24.6178]]], [[[53.7282, 24.7994], [53.7297, 24.8], [53.7325, 24.7988], [53.7343, 24.7967], [53.7319, 24.7945], [53.7294, 24.797], [53.7294, 24.7979], [53.727, 24.7973], [53.7282, 24.7994]]], [[[53.5022, 24.8302], [53.4998, 24.8323], [53.4982, 24.8333], [53.4994, 24.8351], [53.5031, 24.836], [53.5047, 24.8329], [53.5022, 24.8302]]], [[[53.655, 24.8477], [53.6624, 24.8452], [53.6599, 24.8403], [53.6532, 24.8419], [53.6532, 24.8434], [53.6504, 24.844], [53.6504, 24.8431], [53.6498, 24.8452], [53.651, 24.8471], [53.655, 24.8477]]], [[[53.727, 24.9006], [53.7245, 24.9024], [53.7226, 24.9046], [53.7223, 24.9064], [53.7242, 24.9064], [53.7294, 24.904], [53.727, 24.9006]]], [[[54.2371, 25.2146], [54.2335, 25.216], [54.2273, 25.2164], [54.2164, 25.2166], [54.2065, 25.2186], [54.2025, 25.2238], [54.1982, 25.2288], [54.1979, 25.23], [54.1981, 25.2339], [54.1989, 25.2369], [54.2008, 25.2421], [54.2054, 25.248], [54.2118, 25.2512], [54.219, 25.2526], [54.2236, 25.2512], [54.2288, 25.2482], [54.2334, 25.2448], [54.2349, 25.2426], [54.2352, 25.2423], [54.2365, 25.2402], [54.2381, 25.2375], [54.2386, 25.2353], [54.2387, 25.2332], [54.2381, 25.2297], [54.2383, 25.2264], [54.2385, 25.222], [54.2386, 25.2169], [54.2391, 25.2165], [54.2396, 25.2126], [54.2371, 25.2146]]], [[[54.4866, 24.3861], [54.4868, 24.3849], [54.4827, 24.3847], [54.4824, 24.385], [54.4825, 24.3855], [54.4829, 24.3856], [54.484, 24.3865], [54.4851, 24.3869], [54.4867, 24.3872], [54.4882, 24.3875], [54.4882, 24.3862], [54.4866, 24.3861]]], [[[54.5368, 24.4358], [54.5348, 24.4353], [54.5252, 24.4325], [54.5235, 24.432], [54.5229, 24.4316], [54.5223, 24.4311], [54.5214, 24.4311], [54.5211, 24.4312], [54.5202, 24.4312], [54.5195, 24.431], [54.5186, 24.4307], [54.5179, 24.4304], [54.5161, 24.4279], [54.5155, 24.4278], [54.515, 24.4277], [54.5145, 24.4274], [54.5139, 24.4267], [54.5133, 24.4262], [54.5133, 24.4258], [54.513, 24.4254], [54.512, 24.4254], [54.511, 24.4255], [54.5089, 24.4258], [54.5063, 24.4259], [54.5029, 24.426], [54.4973, 24.4259], [54.497, 24.4261], [54.4969, 24.4263], [54.4969, 24.4268], [54.497, 24.4273], [54.497, 24.4277], [54.4971, 24.4284], [54.497, 24.4288], [54.4968, 24.4291], [54.4965, 24.4294], [54.4965, 24.4298], [54.4962, 24.4301], [54.4955, 24.4301], [54.4956, 24.4303], [54.4963, 24.4303], [54.4966, 24.4305], [54.4967, 24.4316], [54.4966, 24.4321], [54.496, 24.4322], [54.4953, 24.4323], [54.4942, 24.4323], [54.4933, 24.4323], [54.4925, 24.4323], [54.4921, 24.4325], [54.4916, 24.4326], [54.4908, 24.4325], [54.4893, 24.4326], [54.4884, 24.4326], [54.4876, 24.4328], [54.4859, 24.4328], [54.4849, 24.4328], [54.4845, 24.4329], [54.4838, 24.433], [54.4828, 24.433], [54.4819, 24.4331], [54.4814, 24.4334], [54.4808, 24.4335], [54.48, 24.4335], [54.4797, 24.4338], [54.4795, 24.4343], [54.4791, 24.4349], [54.4783, 24.4357], [54.4767, 24.4375], [54.4765, 24.4385], [54.4761, 24.4397], [54.4763, 24.4407], [54.4764, 24.4416], [54.4765, 24.4422], [54.4765, 24.4425], [54.4764, 24.4428], [54.4758, 24.4428], [54.4754, 24.4426], [54.4748, 24.4427], [54.4747, 24.443], [54.4755, 24.443], [54.4765, 24.4433], [54.4765, 24.4436], [54.4766, 24.4441], [54.477, 24.4442], [54.4776, 24.4442], [54.478, 24.4444], [54.478, 24.4447], [54.4778, 24.445], [54.4779, 24.4452], [54.4786, 24.4465], [54.4794, 24.4474], [54.48, 24.4485], [54.4803, 24.4495], [54.4806, 24.4511], [54.4811, 24.4521], [54.4811, 24.4526], [54.4813, 24.4531], [54.4818, 24.4537], [54.4818, 24.4544], [54.4819, 24.4547], [54.4825, 24.4555], [54.4829, 24.4558], [54.4833, 24.4564], [54.4833, 24.4566], [54.4836, 24.457], [54.4841, 24.4572], [54.4845, 24.4567], [54.4847, 24.4562], [54.4856, 24.456], [54.4868, 24.456], [54.488, 24.4561], [54.4881, 24.4558], [54.4882, 24.4551], [54.4878, 24.4537], [54.4873, 24.4512], [54.4869, 24.4492], [54.4864, 24.4485], [54.4859, 24.4488], [54.4852, 24.4488], [54.4843, 24.4486], [54.4839, 24.4475], [54.4839, 24.4459], [54.4839, 24.4449], [54.4839, 24.4443], [54.4835, 24.4438], [54.4831, 24.4437], [54.483, 24.4432], [54.483, 24.4427], [54.4833, 24.4428], [54.4834, 24.443], [54.4836, 24.4433], [54.4839, 24.4433], [54.4845, 24.4433], [54.4845, 24.4429], [54.4846, 24.4426], [54.4847, 24.4427], [54.4849, 24.443], [54.4853, 24.443], [54.4865, 24.443], [54.4866, 24.4429], [54.4867, 24.4426], [54.487, 24.4424], [54.4872, 24.4425], [54.4873, 24.4427], [54.4875, 24.443], [54.4884, 24.443], [54.4893, 24.443], [54.4899, 24.4431], [54.4905, 24.4433], [54.4909, 24.4432], [54.4916, 24.443], [54.4918, 24.4431], [54.4918, 24.4434], [54.4918, 24.444], [54.492, 24.4446], [54.4922, 24.4448], [54.4924, 24.445], [54.4923, 24.4454], [54.492, 24.4457], [54.4922, 24.4464], [54.4926, 24.4468], [54.4932, 24.4468], [54.4933, 24.4471], [54.4937, 24.4473], [54.494, 24.447], [54.4951, 24.4429], [54.4954, 24.4425], [54.5013, 24.4426], [54.5019, 24.4426], [54.5029, 24.4431], [54.5033, 24.4431], [54.5033, 24.4435], [54.5025, 24.4462], [54.5013, 24.4498], [54.5006, 24.4517], [54.5, 24.4533], [54.4998, 24.4546], [54.4992, 24.4554], [54.4985, 24.4558], [54.4983, 24.4562], [54.4983, 24.4576], [54.4982, 24.4585], [54.4988, 24.4591], [54.4997, 24.4593], [54.4998, 24.4594], [54.5004, 24.4599], [54.5012, 24.4609], [54.5018, 24.4619], [54.5027, 24.4626], [54.503, 24.4623], [54.503, 24.4618], [54.5035, 24.4612], [54.504, 24.461], [54.505, 24.4606], [54.5061, 24.46], [54.507, 24.4596], [54.5074, 24.4595], [54.5075, 24.4598], [54.5079, 24.4598], [54.5082, 24.4595], [54.5084, 24.4596], [54.5179, 24.4564], [54.5185, 24.4561], [54.5187, 24.4559], [54.5186, 24.4551], [54.5188, 24.4548], [54.5192, 24.4551], [54.5198, 24.4556], [54.5203, 24.4555], [54.5213, 24.4552], [54.5225, 24.4549], [54.5243, 24.4546], [54.5253, 24.4546], [54.5263, 24.4542], [54.5272, 24.4539], [54.5315, 24.4531], [54.5339, 24.4525], [54.5356, 24.4518], [54.5369, 24.451], [54.5383, 24.4497], [54.5396, 24.4481], [54.5401, 24.4466], [54.5407, 24.4425], [54.5409, 24.4405], [54.5404, 24.4391], [54.5392, 24.4375], [54.5379, 24.4364], [54.5368, 24.4358]]], [[[54.5191, 24.4735], [54.5194, 24.4732], [54.5201, 24.4731], [54.5208, 24.4731], [54.5216, 24.4731], [54.5228, 24.4729], [54.5236, 24.4728], [54.5242, 24.4724], [54.5247, 24.4723], [54.5251, 24.4723], [54.5254, 24.4726], [54.5262, 24.4723], [54.5264, 24.4719], [54.527, 24.4715], [54.5282, 24.4713], [54.5293, 24.471], [54.5303, 24.4707], [54.5321, 24.4703], [54.533, 24.4697], [54.534, 24.4695], [54.5347, 24.4697], [54.5352, 24.47], [54.5356, 24.47], [54.5354, 24.4696], [54.5355, 24.469], [54.5365, 24.4685], [54.5379, 24.4683], [54.5398, 24.4678], [54.5409, 24.4673], [54.5426, 24.4669], [54.5446, 24.4665], [54.5469, 24.4661], [54.5499, 24.4651], [54.5582, 24.4617], [54.5611, 24.4601], [54.5628, 24.4589], [54.5644, 24.4572], [54.5663, 24.4541], [54.5677, 24.4503], [54.568, 24.449], [54.5678, 24.4476], [54.5675, 24.4464], [54.5667, 24.4453], [54.5656, 24.4447], [54.5644, 24.4443], [54.5637, 24.4441], [54.5635, 24.4441], [54.5626, 24.444], [54.5621, 24.4438], [54.5614, 24.4438], [54.5605, 24.4435], [54.5598, 24.4432], [54.5595, 24.443], [54.5592, 24.4426], [54.5586, 24.4423], [54.5582, 24.4422], [54.5578, 24.4424], [54.5573, 24.4424], [54.5565, 24.4422], [54.5553, 24.4418], [54.5548, 24.4417], [54.555, 24.4415], [54.5548, 24.4412], [54.5539, 24.4409], [54.5535, 24.4408], [54.5533, 24.4411], [54.5531, 24.4412], [54.5526, 24.4412], [54.5518, 24.4409], [54.5503, 24.4404], [54.5502, 24.4403], [54.5498, 24.4398], [54.5497, 24.4397], [54.5494, 24.4397], [54.549, 24.4396], [54.5487, 24.4397], [54.5483, 24.4397], [54.5478, 24.4396], [54.5472, 24.4393], [54.5463, 24.4393], [54.5455, 24.4393], [54.545, 24.4394], [54.5445, 24.4396], [54.5438, 24.44], [54.5431, 24.4407], [54.5424, 24.4417], [54.5419, 24.4429], [54.5416, 24.4443], [54.5416, 24.4447], [54.5415, 24.4454], [54.5415, 24.4462], [54.5414, 24.447], [54.5409, 24.448], [54.5401, 24.4496], [54.539, 24.4508], [54.5375, 24.4518], [54.5367, 24.4524], [54.5356, 24.453], [54.5351, 24.4531], [54.5351, 24.4534], [54.5354, 24.4541], [54.5342, 24.4546], [54.5339, 24.4545], [54.5336, 24.4538], [54.5332, 24.4538], [54.5304, 24.4545], [54.5262, 24.4554], [54.5253, 24.4557], [54.525, 24.4559], [54.525, 24.4562], [54.525, 24.4565], [54.5243, 24.4567], [54.5235, 24.4569], [54.5227, 24.4569], [54.5223, 24.4569], [54.5222, 24.4567], [54.5221, 24.4564], [54.5215, 24.4565], [54.5211, 24.4565], [54.5203, 24.4568], [54.5199, 24.4571], [54.5198, 24.4574], [54.5198, 24.4577], [54.5197, 24.4578], [54.5194, 24.4577], [54.5193, 24.4575], [54.5191, 24.4573], [54.5186, 24.4573], [54.5177, 24.4577], [54.5085, 24.4624], [54.4954, 24.4689], [54.4938, 24.4697], [54.4931, 24.4704], [54.4927, 24.4709], [54.4927, 24.4712], [54.4927, 24.4714], [54.4926, 24.4716], [54.4923, 24.4717], [54.4921, 24.4717], [54.4919, 24.4719], [54.4919, 24.4724], [54.4917, 24.4727], [54.492, 24.473], [54.4922, 24.473], [54.4927, 24.473], [54.4928, 24.4731], [54.4931, 24.4735], [54.4932, 24.4739], [54.493, 24.4741], [54.4927, 24.4743], [54.4921, 24.4743], [54.4919, 24.4739], [54.4919, 24.4738], [54.4919, 24.4735], [54.4914, 24.4738], [54.4912, 24.4741], [54.4911, 24.475], [54.491, 24.4761], [54.4912, 24.4768], [54.4913, 24.478], [54.4917, 24.4786], [54.4918, 24.4792], [54.4928, 24.48], [54.4942, 24.4797], [54.4945, 24.4794], [54.4948, 24.479], [54.4959, 24.4781], [54.4979, 24.4779], [54.4996, 24.4779], [54.5006, 24.4779], [54.5009, 24.4782], [54.5011, 24.4787], [54.5017, 24.4789], [54.5018, 24.4789], [54.5017, 24.4785], [54.5015, 24.4782], [54.5013, 24.4778], [54.5015, 24.4777], [54.5023, 24.4775], [54.5035, 24.4776], [54.506, 24.4773], [54.5068, 24.4773], [54.5074, 24.4773], [54.5078, 24.4776], [54.5081, 24.4779], [54.5086, 24.4778], [54.5086, 24.4774], [54.509, 24.4771], [54.5101, 24.4769], [54.5113, 24.4765], [54.5128, 24.4759], [54.514, 24.4749], [54.5165, 24.4735], [54.517, 24.4732], [54.5175, 24.4734], [54.5179, 24.4736], [54.5185, 24.4737], [54.5188, 24.4738], [54.5191, 24.4735]]], [[[54.5331, 24.4967], [54.535, 24.4967], [54.5361, 24.4965], [54.5529, 24.4977], [54.57, 24.499], [54.5638, 24.5014], [54.5552, 24.5042], [54.5436, 24.506], [54.5399, 24.5094], [54.5347, 24.5109], [54.5294, 24.5149], [54.5273, 24.5183], [54.5273, 24.5184], [54.5272, 24.5184], [54.5219, 24.52], [54.4998, 24.5268], [54.4995, 24.5259], [54.5019, 24.5235], [54.5046, 24.5176], [54.5082, 24.5146], [54.5105, 24.5117], [54.5115, 24.5083], [54.5115, 24.5039], [54.5135, 24.501], [54.5156, 24.4952], [54.5158, 24.4947], [54.5172, 24.4916], [54.5161, 24.4897], [54.5142, 24.4902], [54.5127, 24.4929], [54.5104, 24.4954], [54.5065, 24.497], [54.5041, 24.4993], [54.5022, 24.5015], [54.4994, 24.5027], [54.4985, 24.5046], [54.4976, 24.5061], [54.4965, 24.5114], [54.4953, 24.5141], [54.4924, 24.5142], [54.4902, 24.5152], [54.4892, 24.516], [54.4882, 24.5169], [54.4879, 24.5182], [54.4866, 24.5188], [54.4859, 24.5205], [54.4846, 24.522], [54.4842, 24.5237], [54.4837, 24.5246], [54.4853, 24.5245], [54.4823, 24.5273], [54.478, 24.5298], [54.4748, 24.5297], [54.4722, 24.5291], [54.4683, 24.5279], [54.4656, 24.5266], [54.4648, 24.5282], [54.4648, 24.5283], [54.4649, 24.5289], [54.4649, 24.5301], [54.4639, 24.5318], [54.4614, 24.5387], [54.4601, 24.5422], [54.4592, 24.5444], [54.4588, 24.546], [54.4587, 24.5463], [54.4595, 24.5487], [54.4596, 24.5489], [54.4597, 24.5493], [54.4598, 24.5495], [54.4671, 24.5485], [54.4755, 24.5466], [54.4787, 24.5451], [54.4821, 24.5429], [54.4857, 24.538], [54.4882, 24.5332], [54.4929, 24.5302], [54.5071, 24.5255], [54.5177, 24.5221], [54.5269, 24.5196], [54.5264, 24.5213], [54.5258, 24.5232], [54.5329, 24.5209], [54.5345, 24.5206], [54.5367, 24.5197], [54.5419, 24.5175], [54.5508, 24.5141], [54.5584, 24.5118], [54.5652, 24.5104], [54.5697, 24.5099], [54.5726, 24.5097], [54.5742, 24.5096], [54.5758, 24.5082], [54.5769, 24.508], [54.5789, 24.5077], [54.581, 24.5072], [54.5826, 24.507], [54.5845, 24.5073], [54.5868, 24.5082], [54.5899, 24.5093], [54.5924, 24.5111], [54.5962, 24.5142], [54.5986, 24.5166], [54.6001, 24.5186], [54.6005, 24.52], [54.6014, 24.522], [54.602, 24.5229], [54.6026, 24.522], [54.6028, 24.5207], [54.6028, 24.5193], [54.6034, 24.5183], [54.6042, 24.5171], [54.6039, 24.5171], [54.6022, 24.5172], [54.6018, 24.5165], [54.6246, 24.5128], [54.6272, 24.5123], [54.6288, 24.5116], [54.6305, 24.5101], [54.6314, 24.5087], [54.632, 24.5071], [54.6341, 24.4924], [54.6343, 24.4906], [54.634, 24.4893], [54.6335, 24.488], [54.6334, 24.4879], [54.6331, 24.4873], [54.6327, 24.4866], [54.6314, 24.4854], [54.6298, 24.4846], [54.626, 24.4832], [54.6123, 24.4779], [54.6112, 24.4775], [54.6104, 24.477], [54.6099, 24.4765], [54.6092, 24.4757], [54.6091, 24.4747], [54.6096, 24.4719], [54.6105, 24.4651], [54.6104, 24.4631], [54.6101, 24.4614], [54.6093, 24.4595], [54.6082, 24.4579], [54.6062, 24.4594], [54.6007, 24.4572], [54.5942, 24.4563], [54.593, 24.4538], [54.5924, 24.4522], [54.5914, 24.4538], [54.589, 24.4581], [54.5862, 24.4575], [54.5764, 24.4541], [54.5702, 24.4531], [54.5696, 24.4542], [54.5677, 24.4572], [54.5844, 24.4695], [54.5875, 24.4772], [54.5853, 24.4833], [54.5841, 24.4854], [54.5801, 24.4876], [54.5761, 24.4928], [54.572, 24.4981], [54.5532, 24.4967], [54.5382, 24.4957], [54.5385, 24.4934], [54.5398, 24.4928], [54.5408, 24.4923], [54.5429, 24.4899], [54.545, 24.4878], [54.5434, 24.4871], [54.5413, 24.4865], [54.5385, 24.4856], [54.5357, 24.4849], [54.5337, 24.4843], [54.5334, 24.4814], [54.5336, 24.4797], [54.5328, 24.4768], [54.532, 24.4778], [54.5313, 24.4778], [54.5312, 24.4794], [54.5316, 24.4829], [54.5277, 24.4827], [54.5264, 24.4837], [54.5241, 24.487], [54.5231, 24.4911], [54.5222, 24.4951], [54.5232, 24.4952], [54.5255, 24.4967], [54.5277, 24.4963], [54.5289, 24.4955], [54.5331, 24.4967]]], [[[54.5192, 24.5423], [54.5182, 24.5423], [54.5176, 24.5416], [54.5172, 24.5412], [54.5175, 24.541], [54.5181, 24.541], [54.5194, 24.541], [54.5202, 24.5417], [54.5211, 24.5425], [54.5222, 24.5431], [54.5229, 24.5439], [54.5228, 24.5446], [54.5223, 24.5455], [54.5231, 24.5456], [54.5242, 24.5447], [54.5255, 24.5443], [54.5276, 24.5439], [54.529, 24.5438], [54.5313, 24.5438], [54.533, 24.5439], [54.5338, 24.5431], [54.5351, 24.5419], [54.5362, 24.5404], [54.5368, 24.5394], [54.5374, 24.5382], [54.5371, 24.5368], [54.5363, 24.5363], [54.5348, 24.5351], [54.534, 24.5347], [54.5334, 24.5348], [54.5328, 24.5337], [54.5319, 24.5334], [54.5304, 24.5331], [54.5294, 24.5332], [54.5289, 24.5335], [54.5281, 24.5335], [54.5264, 24.5319], [54.524, 24.5298], [54.5218, 24.5285], [54.5211, 24.5271], [54.5208, 24.5266], [54.52, 24.5265], [54.5193, 24.5269], [54.5183, 24.5274], [54.5178, 24.5276], [54.5172, 24.5282], [54.5162, 24.5288], [54.5155, 24.5302], [54.5154, 24.5315], [54.5152, 24.5331], [54.5152, 24.5336], [54.5152, 24.5344], [54.5155, 24.5349], [54.5161, 24.5373], [54.5161, 24.5391], [54.516, 24.5403], [54.5164, 24.541], [54.5162, 24.5412], [54.5156, 24.5427], [54.5154, 24.543], [54.5151, 24.5433], [54.5142, 24.5438], [54.514, 24.5438], [54.5139, 24.5438], [54.5137, 24.5438], [54.5136, 24.5439], [54.5135, 24.544], [54.5134, 24.5441], [54.5133, 24.5441], [54.5131, 24.5441], [54.5125, 24.5443], [54.5123, 24.5445], [54.512, 24.5447], [54.5118, 24.5447], [54.5113, 24.5449], [54.5111, 24.545], [54.5109, 24.5452], [54.5107, 24.5452], [54.5106, 24.5455], [54.5104, 24.5458], [54.5102, 24.5459], [54.5099, 24.546], [54.5096, 24.5461], [54.5094, 24.5461], [54.5093, 24.5465], [54.5097, 24.5466], [54.51, 24.5466], [54.5101, 24.5466], [54.5103, 24.5468], [54.5105, 24.5469], [54.5108, 24.547], [54.511, 24.5471], [54.5112, 24.5471], [54.5113, 24.5471], [54.5112, 24.5469], [54.5111, 24.5469], [54.5108, 24.5467], [54.5107, 24.5465], [54.5108, 24.5464], [54.5112, 24.5464], [54.5114, 24.5463], [54.5119, 24.5464], [54.512, 24.5464], [54.5122, 24.5465], [54.5122, 24.5468], [54.5122, 24.547], [54.5123, 24.5471], [54.5126, 24.5471], [54.5126, 24.547], [54.5138, 24.5467], [54.514, 24.5459], [54.5142, 24.5454], [54.5143, 24.5449], [54.5143, 24.5445], [54.5144, 24.5442], [54.5144, 24.5439], [54.5153, 24.5433], [54.5157, 24.5428], [54.5163, 24.5414], [54.5164, 24.5411], [54.5165, 24.5413], [54.5175, 24.5425], [54.5184, 24.5428], [54.5194, 24.5428], [54.5197, 24.5424], [54.5192, 24.5423]]], [[[54.5473, 24.549], [54.5473, 24.5487], [54.5472, 24.5483], [54.5471, 24.5478], [54.5467, 24.5477], [54.5463, 24.5477], [54.546, 24.548], [54.5458, 24.5482], [54.5458, 24.5485], [54.5455, 24.5486], [54.5451, 24.5486], [54.5447, 24.5486], [54.5447, 24.5488], [54.5449, 24.549], [54.5452, 24.5492], [54.5454, 24.5493], [54.5456, 24.5494], [54.5462, 24.5496], [54.5464, 24.5501], [54.5466, 24.5502], [54.547, 24.5501], [54.5474, 24.5501], [54.5476, 24.5503], [54.5477, 24.5504], [54.5481, 24.5505], [54.5485, 24.5505], [54.5486, 24.5502], [54.5486, 24.5499], [54.5481, 24.5498], [54.5473, 24.549]]], [[[54.4975, 24.5575], [54.4977, 24.5564], [54.4978, 24.5554], [54.4978, 24.555], [54.4975, 24.5546], [54.4972, 24.5545], [54.4967, 24.5545], [54.4963, 24.5545], [54.4963, 24.5549], [54.4966, 24.5551], [54.4968, 24.5553], [54.4969, 24.5556], [54.4967, 24.558], [54.4964, 24.5594], [54.4962, 24.5602], [54.4959, 24.5606], [54.4955, 24.5611], [54.4954, 24.5622], [54.4952, 24.5645], [54.495, 24.5657], [54.4954, 24.5662], [54.4961, 24.5668], [54.4966, 24.5669], [54.497, 24.5669], [54.4975, 24.5668], [54.4977, 24.5662], [54.4977, 24.5658], [54.4978, 24.5651], [54.4983, 24.5646], [54.4986, 24.5642], [54.4988, 24.564], [54.4989, 24.5636], [54.499, 24.5631], [54.4988, 24.5624], [54.498, 24.5613], [54.4977, 24.5607], [54.4974, 24.5601], [54.4975, 24.5594], [54.4975, 24.5575]]], [[[54.5483, 24.5723], [54.55, 24.573], [54.5511, 24.5737], [54.5518, 24.574], [54.5525, 24.5739], [54.5531, 24.5737], [54.5538, 24.5733], [54.5538, 24.573], [54.554, 24.5728], [54.5549, 24.5724], [54.5554, 24.5718], [54.556, 24.5709], [54.5562, 24.5703], [54.5565, 24.5697], [54.557, 24.5691], [54.5572, 24.5689], [54.5579, 24.5688], [54.5587, 24.5689], [54.5597, 24.5693], [54.5604, 24.5696], [54.5609, 24.5696], [54.5616, 24.5696], [54.5623, 24.5694], [54.5634, 24.569], [54.5649, 24.5683], [54.5656, 24.5682], [54.5663, 24.5683], [54.5668, 24.5686], [54.5677, 24.5686], [54.5682, 24.5683], [54.5686, 24.5682], [54.5754, 24.5682], [54.5764, 24.5682], [54.5773, 24.5684], [54.5784, 24.5688], [54.579, 24.5689], [54.58, 24.569], [54.5803, 24.5692], [54.5806, 24.5695], [54.5816, 24.5697], [54.5896, 24.5697], [54.5902, 24.5696], [54.5909, 24.5687], [54.5911, 24.5678], [54.5901, 24.5674], [54.5892, 24.5672], [54.5886, 24.5672], [54.588, 24.5672], [54.5866, 24.5663], [54.5863, 24.5658], [54.5855, 24.5652], [54.5843, 24.5651], [54.5831, 24.5646], [54.5824, 24.564], [54.5814, 24.5642], [54.5804, 24.5651], [54.5796, 24.5658], [54.5794, 24.5663], [54.5788, 24.5666], [54.578, 24.5667], [54.5775, 24.5663], [54.5768, 24.5663], [54.5764, 24.567], [54.5762, 24.5672], [54.5694, 24.5672], [54.5691, 24.5666], [54.5692, 24.5659], [54.5695, 24.5651], [54.5707, 24.5645], [54.5714, 24.5635], [54.5719, 24.5631], [54.5726, 24.5626], [54.5734, 24.5619], [54.5737, 24.5613], [54.5737, 24.5606], [54.5736, 24.5601], [54.5732, 24.5602], [54.5732, 24.5607], [54.573, 24.5612], [54.573, 24.5615], [54.5728, 24.5619], [54.5723, 24.5621], [54.5716, 24.562], [54.5711, 24.5616], [54.5702, 24.5612], [54.5696, 24.5607], [54.5694, 24.5601], [54.5696, 24.5595], [54.5703, 24.559], [54.5712, 24.5588], [54.5717, 24.5588], [54.5721, 24.5586], [54.5721, 24.5582], [54.5716, 24.5577], [54.5713, 24.5574], [54.5705, 24.5574], [54.5691, 24.5579], [54.5683, 24.5584], [54.567, 24.5591], [54.5657, 24.5599], [54.5648, 24.5602], [54.5626, 24.5608], [54.5608, 24.5618], [54.5596, 24.5625], [54.5584, 24.5628], [54.557, 24.5633], [54.5555, 24.5636], [54.5545, 24.5637], [54.5532, 24.564], [54.5518, 24.5642], [54.551, 24.5642], [54.5491, 24.5641], [54.5484, 24.5639], [54.5477, 24.5633], [54.546, 24.562], [54.5437, 24.5605], [54.5424, 24.56], [54.5416, 24.56], [54.5407, 24.5599], [54.5395, 24.5585], [54.5387, 24.5577], [54.5385, 24.5572], [54.5378, 24.5565], [54.5371, 24.5566], [54.5369, 24.5572], [54.536, 24.5578], [54.535, 24.5588], [54.5342, 24.5595], [54.5337, 24.5604], [54.5326, 24.561], [54.531, 24.5616], [54.5299, 24.5618], [54.528, 24.5621], [54.5263, 24.5625], [54.5252, 24.5631], [54.5242, 24.5644], [54.524, 24.5658], [54.524, 24.5674], [54.5236, 24.5687], [54.5226, 24.5697], [54.5215, 24.5705], [54.5208, 24.5714], [54.5206, 24.5726], [54.5201, 24.5733], [54.5195, 24.5737], [54.5191, 24.5744], [54.5186, 24.5752], [54.5185, 24.5759], [54.5179, 24.5766], [54.5177, 24.5772], [54.5166, 24.5774], [54.516, 24.5775], [54.5153, 24.5778], [54.515, 24.5783], [54.5151, 24.5787], [54.5156, 24.5788], [54.5165, 24.5789], [54.5176, 24.5785], [54.5188, 24.5782], [54.5193, 24.5782], [54.5201, 24.5781], [54.5219, 24.5776], [54.5233, 24.5773], [54.5241, 24.577], [54.525, 24.577], [54.5256, 24.5772], [54.5271, 24.5769], [54.5281, 24.5767], [54.5293, 24.5765], [54.5308, 24.5763], [54.5322, 24.576], [54.5328, 24.5755], [54.5334, 24.5753], [54.534, 24.5746], [54.5341, 24.5741], [54.5341, 24.5738], [54.5343, 24.5734], [54.5349, 24.5731], [54.5356, 24.5731], [54.5368, 24.573], [54.5381, 24.5732], [54.5392, 24.5734], [54.5399, 24.5734], [54.5403, 24.5734], [54.5423, 24.573], [54.5445, 24.5727], [54.5462, 24.5723], [54.547, 24.5721], [54.5483, 24.5723]]], [[[54.6154, 24.5516], [54.6165, 24.5518], [54.6182, 24.5518], [54.619, 24.5526], [54.6198, 24.5536], [54.6215, 24.5548], [54.6234, 24.5572], [54.6248, 24.5585], [54.6245, 24.5592], [54.6159, 24.5654], [54.6155, 24.5651], [54.6129, 24.5666], [54.6141, 24.5681], [54.6155, 24.5672], [54.6153, 24.5666], [54.616, 24.5662], [54.6163, 24.566], [54.6162, 24.5657], [54.6245, 24.5595], [54.6248, 24.5595], [54.6265, 24.5603], [54.6283, 24.5618], [54.6291, 24.5629], [54.631, 24.5644], [54.632, 24.5657], [54.6325, 24.568], [54.633, 24.5694], [54.6333, 24.5707], [54.634, 24.5723], [54.634, 24.574], [54.6338, 24.575], [54.6328, 24.5761], [54.6321, 24.5767], [54.6317, 24.5773], [54.6317, 24.5784], [54.6323, 24.5798], [54.6335, 24.5808], [54.6345, 24.5824], [54.6351, 24.583], [54.6351, 24.5836], [54.6349, 24.5842], [54.634, 24.585], [54.6333, 24.5856], [54.6328, 24.5863], [54.6322, 24.5869], [54.6313, 24.5872], [54.6309, 24.5875], [54.6307, 24.588], [54.6308, 24.5884], [54.6315, 24.5884], [54.6325, 24.5884], [54.633, 24.5882], [54.6337, 24.5873], [54.6342, 24.5866], [54.6349, 24.5857], [54.6358, 24.5853], [54.6366, 24.5854], [54.6374, 24.5857], [54.6378, 24.5865], [54.6378, 24.5869], [54.6376, 24.5876], [54.637, 24.5879], [54.6367, 24.5885], [54.6365, 24.589], [54.6373, 24.5894], [54.6379, 24.5894], [54.6381, 24.5903], [54.638, 24.5906], [54.6385, 24.5909], [54.6392, 24.591], [54.6396, 24.5909], [54.6398, 24.5912], [54.6405, 24.5935], [54.6409, 24.5948], [54.6413, 24.5959], [54.6414, 24.597], [54.6413, 24.5981], [54.6409, 24.5989], [54.6398, 24.6001], [54.6387, 24.6007], [54.6377, 24.601], [54.636, 24.6016], [54.6355, 24.6021], [54.6352, 24.6027], [54.6356, 24.603], [54.6362, 24.603], [54.6366, 24.603], [54.6373, 24.603], [54.6379, 24.6038], [54.6379, 24.6051], [54.6375, 24.6057], [54.6368, 24.6061], [54.6359, 24.6062], [54.6351, 24.6062], [54.6335, 24.6063], [54.6315, 24.6067], [54.6298, 24.6067], [54.6285, 24.6065], [54.6276, 24.6061], [54.6248, 24.6055], [54.6216, 24.6043], [54.62, 24.6031], [54.6187, 24.6025], [54.6175, 24.6025], [54.6165, 24.6024], [54.6161, 24.6027], [54.6162, 24.6096], [54.6177, 24.6136], [54.6199, 24.6165], [54.6194, 24.6177], [54.6171, 24.6209], [54.618, 24.622], [54.6217, 24.6224], [54.6247, 24.6218], [54.625, 24.6254], [54.6272, 24.6249], [54.6276, 24.6218], [54.6305, 24.622], [54.6311, 24.6238], [54.6319, 24.6242], [54.6324, 24.6229], [54.6346, 24.622], [54.6361, 24.6218], [54.6349, 24.6144], [54.635, 24.6137], [54.6357, 24.6127], [54.6369, 24.6113], [54.6365, 24.611], [54.6366, 24.6105], [54.637, 24.6104], [54.6375, 24.6103], [54.6445, 24.5998], [54.6454, 24.5984], [54.6455, 24.5971], [54.6445, 24.5857], [54.6441, 24.5842], [54.6355, 24.5639], [54.6327, 24.5566], [54.6321, 24.5556], [54.631, 24.555], [54.6162, 24.5476], [54.6138, 24.5466], [54.6126, 24.5463], [54.6122, 24.5486], [54.6125, 24.5503], [54.6138, 24.5514], [54.6154, 24.5516]]], [[[54.5194, 24.5984], [54.5189, 24.5981], [54.5185, 24.5977], [54.5181, 24.5973], [54.5174, 24.5972], [54.5168, 24.5975], [54.5164, 24.5972], [54.5161, 24.5964], [54.5158, 24.5961], [54.5163, 24.596], [54.5159, 24.5957], [54.5152, 24.5954], [54.5148, 24.5961], [54.5149, 24.5973], [54.5148, 24.5984], [54.5141, 24.5991], [54.514, 24.5995], [54.5141, 24.6], [54.5144, 24.6011], [54.5155, 24.6015], [54.5167, 24.6014], [54.5182, 24.6003], [54.519, 24.5996], [54.5185, 24.5993], [54.518, 24.5992], [54.5176, 24.5989], [54.5177, 24.5983], [54.5188, 24.5984], [54.5194, 24.5984]]], [[[54.4903, 24.6078], [54.4903, 24.6073], [54.4896, 24.608], [54.4887, 24.608], [54.4884, 24.6092], [54.4883, 24.6093], [54.4869, 24.6108], [54.4859, 24.611], [54.4859, 24.6113], [54.4862, 24.6114], [54.4881, 24.6113], [54.4899, 24.6118], [54.4915, 24.612], [54.4907, 24.6108], [54.4914, 24.6101], [54.4919, 24.6091], [54.4918, 24.6087], [54.4919, 24.6083], [54.4917, 24.608], [54.4912, 24.6084], [54.4908, 24.6085], [54.49, 24.6083], [54.4903, 24.6078]]], [[[54.5426, 24.6131], [54.5384, 24.613], [54.5366, 24.6129], [54.5336, 24.6122], [54.5314, 24.6108], [54.5305, 24.6098], [54.5304, 24.6093], [54.5312, 24.6094], [54.5319, 24.6096], [54.5325, 24.6098], [54.533, 24.6103], [54.5333, 24.6107], [54.5335, 24.6111], [54.534, 24.6112], [54.5342, 24.6107], [54.5338, 24.6101], [54.5326, 24.6093], [54.5312, 24.6088], [54.5298, 24.6084], [54.5288, 24.6078], [54.528, 24.6071], [54.5259, 24.6052], [54.5251, 24.6045], [54.5238, 24.6052], [54.5233, 24.6043], [54.5225, 24.6043], [54.5228, 24.6063], [54.522, 24.6069], [54.5211, 24.6075], [54.5204, 24.6075], [54.5191, 24.6076], [54.5177, 24.6079], [54.5161, 24.6087], [54.515, 24.6092], [54.5141, 24.6097], [54.5135, 24.6102], [54.5127, 24.6104], [54.512, 24.6103], [54.5116, 24.6098], [54.5108, 24.6094], [54.51, 24.6095], [54.5093, 24.6094], [54.5087, 24.6091], [54.5083, 24.6087], [54.5079, 24.6085], [54.5074, 24.6085], [54.5068, 24.6086], [54.5064, 24.6083], [54.5052, 24.6082], [54.5048, 24.6079], [54.5037, 24.6079], [54.503, 24.6081], [54.5023, 24.6083], [54.5017, 24.6088], [54.5016, 24.6095], [54.5018, 24.6099], [54.5017, 24.6101], [54.501, 24.6105], [54.5005, 24.6104], [54.5003, 24.6101], [54.5006, 24.6099], [54.5007, 24.6097], [54.5002, 24.6099], [54.5, 24.6103], [54.5006, 24.6108], [54.5011, 24.6111], [54.5029, 24.6117], [54.5031, 24.6118], [54.5042, 24.6127], [54.5047, 24.6135], [54.5046, 24.614], [54.5043, 24.6145], [54.504, 24.6155], [54.5037, 24.6158], [54.5031, 24.6159], [54.5026, 24.6163], [54.5033, 24.6167], [54.5039, 24.6167], [54.5047, 24.6169], [54.5056, 24.6169], [54.506, 24.6167], [54.5061, 24.6162], [54.5062, 24.6158], [54.5068, 24.6154], [54.5078, 24.6154], [54.5086, 24.6157], [54.5093, 24.616], [54.5099, 24.616], [54.5104, 24.6157], [54.5111, 24.6157], [54.5111, 24.615], [54.5105, 24.6143], [54.5102, 24.6139], [54.5102, 24.6134], [54.511, 24.6127], [54.5116, 24.6124], [54.5124, 24.6124], [54.5133, 24.6125], [54.5149, 24.6128], [54.5174, 24.614], [54.5186, 24.6148], [54.5197, 24.6156], [54.521, 24.6164], [54.5226, 24.6172], [54.5238, 24.6182], [54.5251, 24.6191], [54.5274, 24.6214], [54.528, 24.6225], [54.5291, 24.6238], [54.53, 24.6251], [54.5306, 24.6266], [54.5278, 24.6291], [54.5284, 24.632], [54.53, 24.6329], [54.5288, 24.6324], [54.5285, 24.6323], [54.5279, 24.6322], [54.5284, 24.6329], [54.5295, 24.6339], [54.5313, 24.6346], [54.532, 24.6346], [54.5322, 24.6376], [54.5354, 24.6391], [54.5404, 24.6396], [54.5436, 24.6391], [54.5467, 24.6386], [54.5498, 24.6368], [54.5499, 24.6368], [54.5511, 24.6368], [54.552, 24.637], [54.553, 24.6374], [54.5538, 24.6374], [54.5556, 24.6376], [54.556, 24.6379], [54.5561, 24.6374], [54.5554, 24.6341], [54.5526, 24.629], [54.553, 24.6241], [54.5561, 24.6189], [54.5587, 24.614], [54.5608, 24.6103], [54.5604, 24.6079], [54.5585, 24.6064], [54.5551, 24.6052], [54.5547, 24.606], [54.5529, 24.6076], [54.552, 24.6091], [54.5511, 24.6098], [54.5503, 24.6099], [54.5494, 24.6101], [54.549, 24.6101], [54.5478, 24.6101], [54.5474, 24.6101], [54.5471, 24.6104], [54.5471, 24.6108], [54.5464, 24.6116], [54.546, 24.6121], [54.5451, 24.6125], [54.5442, 24.6128], [54.5426, 24.6131]]], [[[54.593, 24.6277], [54.593, 24.6256], [54.5924, 24.6237], [54.5922, 24.6215], [54.5907, 24.6203], [54.5903, 24.6193], [54.588, 24.6174], [54.5869, 24.6185], [54.5878, 24.6199], [54.5905, 24.6231], [54.5911, 24.6259], [54.5908, 24.629], [54.5914, 24.6289], [54.593, 24.6277]]], [[[54.6052, 24.6311], [54.6035, 24.6321], [54.6017, 24.6333], [54.6014, 24.6341], [54.6004, 24.6371], [54.6002, 24.6378], [54.5986, 24.639], [54.5976, 24.6407], [54.5978, 24.6423], [54.5995, 24.6427], [54.6004, 24.6413], [54.6039, 24.6385], [54.6057, 24.6358], [54.6074, 24.6313], [54.6062, 24.6302], [54.606, 24.63], [54.6052, 24.6311]]], [[[54.5954, 24.6374], [54.5945, 24.6367], [54.5945, 24.6351], [54.5936, 24.6339], [54.5928, 24.6337], [54.593, 24.6316], [54.5925, 24.6315], [54.59, 24.633], [54.59, 24.6332], [54.5901, 24.6353], [54.5903, 24.6418], [54.59, 24.6428], [54.5885, 24.6457], [54.5919, 24.6458], [54.5928, 24.6459], [54.5924, 24.6455], [54.5925, 24.6446], [54.5944, 24.6433], [54.595, 24.6421], [54.5956, 24.6409], [54.5954, 24.6374]]], [[[54.6419, 24.641], [54.6415, 24.6413], [54.6409, 24.6414], [54.6404, 24.6414], [54.6384, 24.6415], [54.6367, 24.6414], [54.6347, 24.6415], [54.6337, 24.6416], [54.6328, 24.642], [54.632, 24.6422], [54.6311, 24.643], [54.6297, 24.6444], [54.6291, 24.6448], [54.6286, 24.6453], [54.6283, 24.6459], [54.6279, 24.6465], [54.6275, 24.647], [54.6273, 24.6475], [54.627, 24.648], [54.6264, 24.6486], [54.6262, 24.6491], [54.6262, 24.6495], [54.6265, 24.6499], [54.6268, 24.6501], [54.6275, 24.6498], [54.628, 24.6494], [54.6282, 24.6489], [54.6282, 24.6485], [54.6283, 24.6479], [54.6286, 24.6474], [54.629, 24.6467], [54.6291, 24.6461], [54.6295, 24.6455], [54.6299, 24.6452], [54.6301, 24.6448], [54.6305, 24.6444], [54.6309, 24.6438], [54.6311, 24.6436], [54.6316, 24.6435], [54.6321, 24.6436], [54.6321, 24.6433], [54.6321, 24.6431], [54.6324, 24.6429], [54.633, 24.6425], [54.6341, 24.6425], [54.6349, 24.6425], [54.6358, 24.6429], [54.6358, 24.6436], [54.6356, 24.644], [54.6367, 24.6455], [54.6368, 24.6462], [54.637, 24.6471], [54.6382, 24.6472], [54.6389, 24.6474], [54.6401, 24.6483], [54.6407, 24.6495], [54.6422, 24.6505], [54.644, 24.6523], [54.6445, 24.6529], [54.6433, 24.6533], [54.6442, 24.654], [54.6452, 24.654], [54.6464, 24.6533], [54.6476, 24.6525], [54.6489, 24.6525], [54.65, 24.6528], [54.6504, 24.6532], [54.6514, 24.6541], [54.6517, 24.6543], [54.6522, 24.6545], [54.6521, 24.6504], [54.6524, 24.6504], [54.6527, 24.6507], [54.6533, 24.6507], [54.6546, 24.65], [54.6562, 24.6498], [54.6582, 24.6502], [54.6575, 24.6539], [54.6581, 24.6539], [54.6591, 24.6504], [54.6613, 24.6512], [54.6629, 24.6523], [54.6631, 24.6521], [54.6629, 24.6517], [54.6556, 24.642], [54.6555, 24.6419], [54.6545, 24.6411], [54.6537, 24.6407], [54.6534, 24.6406], [54.6532, 24.6405], [54.6524, 24.6404], [54.6499, 24.6406], [54.6487, 24.6409], [54.648, 24.6414], [54.6471, 24.6422], [54.6464, 24.6422], [54.645, 24.6422], [54.6434, 24.642], [54.6428, 24.6417], [54.6426, 24.6413], [54.6423, 24.641], [54.6419, 24.641]]], [[[54.5984, 24.6487], [54.5992, 24.6481], [54.5988, 24.6469], [54.5984, 24.6461], [54.5975, 24.6456], [54.5965, 24.6464], [54.5955, 24.6474], [54.5945, 24.6473], [54.5941, 24.648], [54.5913, 24.6496], [54.5923, 24.6508], [54.5954, 24.6511], [54.5984, 24.6514], [54.6, 24.6531], [54.6012, 24.6545], [54.6019, 24.6551], [54.6014, 24.6561], [54.6031, 24.6562], [54.6048, 24.655], [54.6067, 24.6536], [54.6077, 24.6521], [54.61, 24.6487], [54.6077, 24.6474], [54.6062, 24.6506], [54.6035, 24.6526], [54.6021, 24.6523], [54.6, 24.6489], [54.5999, 24.6484], [54.5984, 24.6487]]], [[[54.6165, 24.6597], [54.6165, 24.6604], [54.6167, 24.6609], [54.6168, 24.6613], [54.6168, 24.6618], [54.6171, 24.6621], [54.6206, 24.662], [54.6209, 24.6618], [54.6209, 24.6609], [54.6209, 24.6593], [54.621, 24.6587], [54.621, 24.6579], [54.621, 24.6574], [54.6211, 24.6574], [54.6212, 24.6556], [54.621, 24.6557], [54.6203, 24.6558], [54.6197, 24.6559], [54.6186, 24.6561], [54.6177, 24.6561], [54.6168, 24.6568], [54.6164, 24.6574], [54.6165, 24.6586], [54.6165, 24.6597]]], [[[54.6111, 24.6694], [54.6143, 24.6653], [54.6124, 24.6629], [54.6118, 24.6631], [54.6116, 24.6644], [54.6115, 24.6649], [54.6104, 24.6653], [54.6098, 24.6653], [54.6099, 24.6649], [54.6096, 24.6652], [54.6095, 24.6649], [54.6079, 24.6664], [54.6054, 24.6691], [54.6049, 24.6694], [54.6042, 24.67], [54.604, 24.6704], [54.6053, 24.6694], [54.6056, 24.6694], [54.6054, 24.6696], [54.6066, 24.6695], [54.6067, 24.6711], [54.6066, 24.6721], [54.6063, 24.6721], [54.6053, 24.6726], [54.6048, 24.6727], [54.6039, 24.6735], [54.6031, 24.6734], [54.6019, 24.6727], [54.601, 24.674], [54.6002, 24.6734], [54.6001, 24.6734], [54.5994, 24.6729], [54.5984, 24.6721], [54.5979, 24.6715], [54.5974, 24.6712], [54.5974, 24.6708], [54.5978, 24.6707], [54.5976, 24.6705], [54.597, 24.67], [54.5965, 24.6692], [54.5963, 24.6692], [54.5955, 24.6688], [54.595, 24.669], [54.5941, 24.6685], [54.5944, 24.6681], [54.5944, 24.6676], [54.5934, 24.6671], [54.5922, 24.6671], [54.5913, 24.6668], [54.5911, 24.6657], [54.5913, 24.6645], [54.5917, 24.663], [54.5917, 24.6621], [54.5913, 24.6609], [54.5837, 24.6612], [54.5809, 24.66], [54.5784, 24.6561], [54.5768, 24.6518], [54.5749, 24.6472], [54.5747, 24.6452], [54.5742, 24.644], [54.5732, 24.6443], [54.5719, 24.6448], [54.5704, 24.6449], [54.5691, 24.6453], [54.5681, 24.6451], [54.5658, 24.6434], [54.5646, 24.6426], [54.5634, 24.6418], [54.5623, 24.6407], [54.5575, 24.6409], [54.5562, 24.6403], [54.5561, 24.6404], [54.556, 24.6413], [54.556, 24.6422], [54.5571, 24.6431], [54.5582, 24.6443], [54.5611, 24.6462], [54.5641, 24.6484], [54.5671, 24.6509], [54.5693, 24.6532], [54.5699, 24.6546], [54.5712, 24.6556], [54.572, 24.6563], [54.5732, 24.657], [54.5746, 24.6584], [54.5766, 24.6611], [54.5795, 24.6645], [54.5812, 24.6658], [54.5826, 24.6665], [54.5844, 24.667], [54.5861, 24.6677], [54.5874, 24.6685], [54.5893, 24.6688], [54.5919, 24.67], [54.5945, 24.6717], [54.5975, 24.6745], [54.5998, 24.6762], [54.6022, 24.6787], [54.6053, 24.6814], [54.6068, 24.6822], [54.6075, 24.6827], [54.6078, 24.6827], [54.6089, 24.6841], [54.6112, 24.6849], [54.6136, 24.6859], [54.6145, 24.6859], [54.6153, 24.6831], [54.6155, 24.6817], [54.6147, 24.6815], [54.6138, 24.6833], [54.6133, 24.6842], [54.6109, 24.6829], [54.6083, 24.6809], [54.6084, 24.6807], [54.6084, 24.6801], [54.6086, 24.6795], [54.6096, 24.6788], [54.6103, 24.6782], [54.6111, 24.6774], [54.6112, 24.6772], [54.6136, 24.6776], [54.6165, 24.6781], [54.6168, 24.6772], [54.6157, 24.6757], [54.6135, 24.6748], [54.6135, 24.6736], [54.6121, 24.6729], [54.6102, 24.6726], [54.609, 24.6722], [54.6068, 24.6721], [54.6068, 24.6706], [54.6071, 24.6695], [54.6074, 24.6695], [54.6111, 24.6694]]], [[[54.6203, 24.6693], [54.6208, 24.6699], [54.6211, 24.6705], [54.6212, 24.6712], [54.6215, 24.6717], [54.6221, 24.6725], [54.6223, 24.6732], [54.6224, 24.6741], [54.6225, 24.6746], [54.6228, 24.6753], [54.6229, 24.6758], [54.6231, 24.676], [54.6233, 24.676], [54.6235, 24.6756], [54.6238, 24.6755], [54.6245, 24.675], [54.6248, 24.6746], [54.625, 24.6742], [54.625, 24.6736], [54.625, 24.6727], [54.6248, 24.6719], [54.6247, 24.6715], [54.6242, 24.6713], [54.624, 24.6712], [54.624, 24.6709], [54.6242, 24.6708], [54.6245, 24.6707], [54.6244, 24.6704], [54.6241, 24.67], [54.6236, 24.6695], [54.6229, 24.6694], [54.6225, 24.6694], [54.6225, 24.6692], [54.6224, 24.6689], [54.6222, 24.6687], [54.6221, 24.6687], [54.6219, 24.6686], [54.6217, 24.6685], [54.6216, 24.6682], [54.6214, 24.6679], [54.6213, 24.6671], [54.6213, 24.6668], [54.6212, 24.6664], [54.6211, 24.6663], [54.621, 24.6659], [54.6208, 24.6657], [54.6206, 24.6655], [54.6206, 24.6654], [54.6209, 24.6653], [54.6211, 24.6655], [54.6213, 24.6655], [54.6214, 24.6653], [54.6213, 24.665], [54.6211, 24.6648], [54.6209, 24.6647], [54.6208, 24.6644], [54.6208, 24.6642], [54.6208, 24.6639], [54.6208, 24.6635], [54.6206, 24.6634], [54.6201, 24.6634], [54.6198, 24.6634], [54.6194, 24.6632], [54.6192, 24.6631], [54.6188, 24.663], [54.6183, 24.663], [54.6179, 24.663], [54.6176, 24.663], [54.6174, 24.6633], [54.6172, 24.6635], [54.6173, 24.6645], [54.6175, 24.6648], [54.618, 24.6651], [54.6185, 24.6656], [54.6189, 24.666], [54.6194, 24.6663], [54.6195, 24.6669], [54.6199, 24.6678], [54.6199, 24.6683], [54.62, 24.6688], [54.6203, 24.6693]]], [[[54.6643, 24.673], [54.6648, 24.6727], [54.6658, 24.6724], [54.6662, 24.6721], [54.6662, 24.6718], [54.6663, 24.6716], [54.667, 24.6714], [54.6677, 24.6711], [54.6681, 24.6711], [54.6685, 24.6714], [54.6686, 24.6717], [54.6694, 24.6707], [54.6693, 24.6703], [54.6656, 24.6708], [54.6648, 24.669], [54.6655, 24.6683], [54.6646, 24.6664], [54.6619, 24.6672], [54.6629, 24.6696], [54.6624, 24.6698], [54.6613, 24.6698], [54.6602, 24.6707], [54.6607, 24.6743], [54.658, 24.6744], [54.6557, 24.6739], [54.6553, 24.6704], [54.6546, 24.6669], [54.6539, 24.6651], [54.6534, 24.6628], [54.6528, 24.662], [54.6539, 24.6614], [54.6544, 24.6607], [54.6544, 24.6601], [54.6537, 24.6599], [54.6533, 24.6601], [54.652, 24.6603], [54.651, 24.6604], [54.6492, 24.6608], [54.6478, 24.6613], [54.6465, 24.6615], [54.6455, 24.6619], [54.6443, 24.6621], [54.6433, 24.6622], [54.6428, 24.6626], [54.6428, 24.6636], [54.6432, 24.6653], [54.6435, 24.6665], [54.6439, 24.6678], [54.644, 24.6692], [54.6439, 24.6701], [54.6438, 24.6703], [54.6437, 24.6708], [54.644, 24.6711], [54.6447, 24.671], [54.6449, 24.6708], [54.6453, 24.6705], [54.646, 24.6702], [54.6466, 24.6702], [54.6471, 24.6704], [54.6477, 24.6708], [54.648, 24.6711], [54.648, 24.6717], [54.6481, 24.6724], [54.6478, 24.6729], [54.6472, 24.6737], [54.6461, 24.6742], [54.6451, 24.6746], [54.6441, 24.6744], [54.6429, 24.6738], [54.6415, 24.6729], [54.641, 24.6721], [54.6407, 24.6704], [54.6407, 24.6699], [54.6405, 24.6697], [54.6402, 24.6697], [54.6398, 24.6699], [54.6396, 24.6702], [54.6397, 24.6726], [54.6398, 24.6739], [54.6398, 24.6745], [54.6396, 24.6751], [54.6396, 24.6757], [54.6395, 24.6761], [54.6405, 24.677], [54.6411, 24.6775], [54.6413, 24.6778], [54.641, 24.6782], [54.6413, 24.6783], [54.6415, 24.678], [54.6416, 24.6777], [54.6421, 24.6778], [54.6424, 24.6779], [54.6431, 24.6782], [54.6442, 24.6787], [54.6459, 24.6792], [54.6471, 24.6796], [54.6479, 24.6797], [54.648, 24.68], [54.6482, 24.6803], [54.6484, 24.6805], [54.6485, 24.6806], [54.6485, 24.6801], [54.6485, 24.6799], [54.6491, 24.6799], [54.6495, 24.6799], [54.6505, 24.6801], [54.6515, 24.6804], [54.6521, 24.6804], [54.6527, 24.6803], [54.6529, 24.68], [54.653, 24.6795], [54.6522, 24.6791], [54.6518, 24.6786], [54.651, 24.6778], [54.6507, 24.6774], [54.6525, 24.6762], [54.6541, 24.6778], [54.6545, 24.6778], [54.6551, 24.6773], [54.6555, 24.6769], [54.6559, 24.6764], [54.6563, 24.6764], [54.6574, 24.6765], [54.6582, 24.6766], [54.6586, 24.6766], [54.6592, 24.676], [54.6601, 24.6752], [54.661, 24.6748], [54.6617, 24.6746], [54.662, 24.6744], [54.662, 24.6742], [54.6621, 24.6741], [54.6621, 24.6738], [54.6618, 24.6733], [54.6609, 24.6711], [54.6631, 24.6703], [54.6641, 24.6728], [54.6643, 24.673]]], [[[54.7445, 24.8435], [54.744, 24.8435], [54.7433, 24.8435], [54.7424, 24.8432], [54.7416, 24.843], [54.7406, 24.843], [54.7399, 24.8433], [54.7392, 24.8433], [54.7379, 24.8431], [54.738, 24.8426], [54.7383, 24.8421], [54.7384, 24.8414], [54.7383, 24.8406], [54.7378, 24.8402], [54.7367, 24.8399], [54.7355, 24.8396], [54.7345, 24.8385], [54.7338, 24.8371], [54.7336, 24.8361], [54.7332, 24.8348], [54.7328, 24.8341], [54.7329, 24.833], [54.7329, 24.8322], [54.7328, 24.8311], [54.7322, 24.8304], [54.7314, 24.8298], [54.7303, 24.829], [54.7306, 24.8289], [54.7319, 24.8294], [54.7332, 24.8303], [54.7349, 24.8321], [54.7356, 24.8335], [54.7362, 24.8345], [54.7369, 24.8353], [54.7375, 24.8356], [54.7382, 24.8356], [54.7384, 24.8356], [54.7395, 24.8361], [54.7408, 24.8371], [54.7416, 24.8379], [54.7426, 24.8383], [54.7436, 24.8385], [54.7446, 24.8385], [54.7452, 24.8384], [54.7463, 24.8383], [54.749, 24.8374], [54.7498, 24.8369], [54.7507, 24.8367], [54.7515, 24.8367], [54.7524, 24.8367], [54.7535, 24.8364], [54.7547, 24.8362], [54.756, 24.836], [54.7571, 24.836], [54.7589, 24.836], [54.7606, 24.8362], [54.7614, 24.8362], [54.7619, 24.8362], [54.7621, 24.836], [54.7621, 24.8357], [54.7615, 24.8353], [54.7613, 24.8344], [54.7609, 24.8333], [54.7608, 24.832], [54.7608, 24.831], [54.7608, 24.8303], [54.7603, 24.8296], [54.7599, 24.8292], [54.7594, 24.8292], [54.7588, 24.8292], [54.7584, 24.8295], [54.7576, 24.8298], [54.757, 24.8301], [54.7563, 24.8302], [54.7558, 24.8302], [54.7554, 24.8301], [54.7552, 24.8305], [54.7552, 24.831], [54.7547, 24.8314], [54.7541, 24.8313], [54.7539, 24.8312], [54.7535, 24.8314], [54.7532, 24.8316], [54.7532, 24.832], [54.7532, 24.8324], [54.7532, 24.8329], [54.7528, 24.8333], [54.7522, 24.8339], [54.7516, 24.8342], [54.7507, 24.8346], [54.7502, 24.835], [54.7494, 24.8353], [54.7491, 24.8354], [54.7487, 24.8352], [54.7489, 24.8349], [54.7491, 24.8348], [54.7499, 24.8343], [54.7509, 24.8336], [54.7518, 24.8332], [54.7523, 24.8327], [54.7526, 24.8323], [54.7526, 24.8321], [54.7526, 24.8317], [54.7523, 24.8316], [54.7519, 24.8316], [54.7513, 24.8318], [54.7506, 24.8323], [54.7502, 24.8326], [54.75, 24.8329], [54.7496, 24.8333], [54.7492, 24.8335], [54.7485, 24.8337], [54.7481, 24.834], [54.7477, 24.8344], [54.7473, 24.8344], [54.7471, 24.8342], [54.7469, 24.8339], [54.7469, 24.8335], [54.7472, 24.833], [54.7476, 24.8327], [54.7484, 24.8324], [54.7492, 24.8319], [54.7505, 24.8316], [54.7511, 24.8315], [54.7519, 24.8312], [54.7529, 24.831], [54.7534, 24.8308], [54.7538, 24.8305], [54.7541, 24.8305], [54.7543, 24.8307], [54.7545, 24.8307], [54.7546, 24.8305], [54.7547, 24.8299], [54.755, 24.8297], [54.7552, 24.8295], [54.7561, 24.8292], [54.7573, 24.8292], [54.7577, 24.8291], [54.758, 24.8288], [54.7581, 24.8285], [54.7584, 24.8285], [54.7588, 24.8287], [54.7596, 24.8286], [54.7597, 24.8279], [54.7598, 24.8271], [54.7598, 24.8265], [54.7598, 24.826], [54.7597, 24.8255], [54.7597, 24.8252], [54.76, 24.8248], [54.7606, 24.8247], [54.7614, 24.8247], [54.762, 24.8246], [54.7626, 24.8245], [54.763, 24.8229], [54.7635, 24.8224], [54.7639, 24.8219], [54.7642, 24.8215], [54.7645, 24.8207], [54.7646, 24.82], [54.7648, 24.8196], [54.765, 24.8192], [54.7653, 24.8186], [54.7656, 24.8179], [54.766, 24.8172], [54.766, 24.8162], [54.7663, 24.8152], [54.7665, 24.8145], [54.7668, 24.8139], [54.7668, 24.8133], [54.767, 24.8129], [54.7679, 24.8123], [54.7689, 24.8116], [54.7696, 24.811], [54.7701, 24.8105], [54.7703, 24.8098], [54.7704, 24.8088], [54.7703, 24.8071], [54.7702, 24.8055], [54.7698, 24.8049], [54.7686, 24.8037], [54.7675, 24.8026], [54.7669, 24.802], [54.7664, 24.8017], [54.7657, 24.8017], [54.765, 24.8012], [54.7643, 24.801], [54.7638, 24.801], [54.7628, 24.8013], [54.7618, 24.8016], [54.7609, 24.8021], [54.7598, 24.8025], [54.7578, 24.8026], [54.7566, 24.8027], [54.7554, 24.8031], [54.7546, 24.8033], [54.7536, 24.8034], [54.7526, 24.8031], [54.7512, 24.8026], [54.7499, 24.8022], [54.7491, 24.802], [54.7483, 24.8022], [54.7476, 24.8025], [54.7467, 24.8027], [54.7463, 24.803], [54.7449, 24.8038], [54.744, 24.8042], [54.7436, 24.8042], [54.7432, 24.804], [54.7416, 24.8035], [54.7409, 24.8033], [54.7401, 24.8031], [54.7395, 24.8031], [54.7385, 24.803], [54.7375, 24.8027], [54.7369, 24.8027], [54.7361, 24.8029], [54.7353, 24.8033], [54.7342, 24.8037], [54.7334, 24.8042], [54.7329, 24.8045], [54.7319, 24.8048], [54.7313, 24.805], [54.7307, 24.8054], [54.7294, 24.8061], [54.7279, 24.8066], [54.7271, 24.8071], [54.7256, 24.8071], [54.7247, 24.8074], [54.7242, 24.8077], [54.7232, 24.8084], [54.7223, 24.8091], [54.7212, 24.8099], [54.7203, 24.8111], [54.7188, 24.8129], [54.7185, 24.813], [54.7178, 24.8134], [54.7169, 24.814], [54.7157, 24.8148], [54.7142, 24.8157], [54.7132, 24.8159], [54.7126, 24.816], [54.7121, 24.816], [54.7119, 24.8157], [54.7116, 24.8157], [54.7114, 24.8159], [54.7106, 24.8158], [54.7095, 24.8159], [54.7092, 24.8159], [54.7085, 24.8159], [54.7076, 24.8158], [54.7072, 24.8157], [54.7062, 24.8151], [54.7063, 24.8156], [54.7065, 24.8162], [54.7069, 24.8168], [54.7069, 24.8172], [54.7075, 24.8183], [54.7079, 24.8177], [54.709, 24.8178], [54.7099, 24.8181], [54.7108, 24.8188], [54.7119, 24.8201], [54.7128, 24.8214], [54.714, 24.8226], [54.7151, 24.8238], [54.7171, 24.8248], [54.7188, 24.8254], [54.7191, 24.826], [54.7218, 24.8306], [54.7231, 24.8323], [54.7244, 24.8335], [54.726, 24.8347], [54.7278, 24.8359], [54.7304, 24.838], [54.7325, 24.8395], [54.7353, 24.842], [54.7378, 24.8441], [54.739, 24.8448], [54.7421, 24.8458], [54.7437, 24.8462], [54.746, 24.8468], [54.7479, 24.8471], [54.7502, 24.8474], [54.7524, 24.8479], [54.7561, 24.8499], [54.7567, 24.8514], [54.7569, 24.8528], [54.7566, 24.8541], [54.7565, 24.8548], [54.756, 24.8557], [54.7558, 24.8568], [54.7555, 24.8581], [54.7553, 24.8595], [54.7549, 24.8612], [54.7544, 24.8629], [54.754, 24.8648], [54.7533, 24.869], [54.753, 24.8704], [54.7529, 24.8713], [54.7533, 24.8719], [54.7539, 24.8724], [54.7546, 24.8724], [54.755, 24.8724], [54.7557, 24.8719], [54.7557, 24.8716], [54.7558, 24.8709], [54.7559, 24.8705], [54.7561, 24.8702], [54.7563, 24.8698], [54.7563, 24.8694], [54.7565, 24.869], [54.7568, 24.8686], [54.7572, 24.8683], [54.7572, 24.868], [54.7572, 24.8676], [54.7571, 24.8673], [54.7571, 24.867], [54.7573, 24.8666], [54.7574, 24.866], [54.7572, 24.8657], [54.757, 24.8652], [54.7571, 24.8649], [54.7572, 24.8645], [54.7575, 24.8637], [54.7576, 24.8627], [54.7576, 24.8621], [54.7576, 24.8616], [54.7579, 24.8612], [54.758, 24.8608], [54.758, 24.86], [54.7583, 24.8595], [54.7586, 24.8586], [54.7589, 24.8579], [54.7588, 24.8572], [54.7587, 24.8568], [54.7589, 24.8562], [54.759, 24.8555], [54.7593, 24.8536], [54.7595, 24.8519], [54.7597, 24.8509], [54.7599, 24.8501], [54.7602, 24.8495], [54.761, 24.8486], [54.7614, 24.8482], [54.7617, 24.8477], [54.7617, 24.8474], [54.7614, 24.8475], [54.7613, 24.8475], [54.7608, 24.8473], [54.7602, 24.8466], [54.76, 24.8463], [54.76, 24.8461], [54.7597, 24.8458], [54.7593, 24.8458], [54.759, 24.8456], [54.7589, 24.8452], [54.7587, 24.8444], [54.7585, 24.8438], [54.7584, 24.8435], [54.7583, 24.8432], [54.7579, 24.8431], [54.7573, 24.843], [54.7565, 24.8426], [54.7556, 24.8423], [54.754, 24.8417], [54.7527, 24.8414], [54.7521, 24.8414], [54.7516, 24.8418], [54.7513, 24.8423], [54.7508, 24.8425], [54.7502, 24.8424], [54.7495, 24.842], [54.7487, 24.8421], [54.7479, 24.8426], [54.747, 24.8432], [54.7462, 24.8437], [54.7458, 24.8438], [54.7454, 24.8438], [54.7445, 24.8435]]], [[[54.9758, 25.0218], [54.9762, 25.0213], [54.9766, 25.0211], [54.9772, 25.0209], [54.9772, 25.0206], [54.9768, 25.0206], [54.9767, 25.0203], [54.9765, 25.0201], [54.9763, 25.0199], [54.976, 25.0198], [54.9754, 25.0202], [54.9751, 25.0203], [54.9748, 25.0203], [54.9744, 25.0204], [54.9741, 25.0207], [54.9738, 25.0211], [54.9737, 25.0216], [54.9741, 25.0219], [54.9744, 25.0221], [54.9751, 25.0221], [54.9758, 25.0218]]], [[[54.9855, 25.0232], [54.9853, 25.0232], [54.9849, 25.0235], [54.9851, 25.0237], [54.9856, 25.0239], [54.9864, 25.0243], [54.9874, 25.025], [54.9879, 25.0258], [54.9879, 25.026], [54.9879, 25.0262], [54.9882, 25.0263], [54.9885, 25.0263], [54.9888, 25.0262], [54.989, 25.026], [54.9886, 25.0254], [54.9881, 25.0251], [54.9876, 25.0245], [54.9867, 25.0235], [54.9865, 25.0227], [54.9862, 25.0225], [54.9861, 25.0226], [54.9859, 25.0228], [54.9858, 25.0229], [54.9856, 25.023], [54.9855, 25.0232]]], [[[55.1413, 25.0981], [55.1412, 25.0982], [55.141, 25.0981], [55.1403, 25.0973], [55.1402, 25.097], [55.1402, 25.0969], [55.1403, 25.0968], [55.1409, 25.0972], [55.141, 25.0973], [55.1411, 25.0973], [55.1411, 25.0972], [55.1411, 25.0971], [55.141, 25.0971], [55.14, 25.0965], [55.1399, 25.0956], [55.1402, 25.0952], [55.1401, 25.0949], [55.14, 25.0948], [55.14, 25.0944], [55.1401, 25.0942], [55.14, 25.0941], [55.1398, 25.0942], [55.1398, 25.0944], [55.1397, 25.0949], [55.1395, 25.0952], [55.1394, 25.0953], [55.1394, 25.0954], [55.1393, 25.0954], [55.1392, 25.0954], [55.1391, 25.0954], [55.139, 25.0953], [55.1389, 25.0953], [55.1388, 25.0953], [55.1387, 25.0953], [55.1386, 25.0953], [55.1385, 25.0953], [55.1384, 25.0953], [55.1383, 25.0953], [55.1383, 25.0954], [55.1384, 25.0954], [55.1385, 25.0954], [55.1386, 25.0954], [55.1388, 25.0954], [55.1389, 25.0954], [55.139, 25.0955], [55.139, 25.0956], [55.1389, 25.0958], [55.1388, 25.096], [55.1386, 25.0965], [55.1385, 25.0971], [55.1385, 25.0973], [55.1385, 25.0975], [55.1385, 25.0978], [55.1385, 25.0979], [55.1385, 25.098], [55.1384, 25.0981], [55.1384, 25.0982], [55.1382, 25.0982], [55.1381, 25.0983], [55.138, 25.0983], [55.1379, 25.0984], [55.1378, 25.0984], [55.1379, 25.0985], [55.138, 25.0984], [55.1381, 25.0984], [55.1382, 25.0984], [55.1384, 25.0983], [55.1385, 25.0982], [55.1386, 25.0981], [55.1387, 25.098], [55.1389, 25.098], [55.1393, 25.0981], [55.1396, 25.0982], [55.1399, 25.0985], [55.1401, 25.0989], [55.1405, 25.0994], [55.1412, 25.1002], [55.1417, 25.1007], [55.1422, 25.1013], [55.1428, 25.1017], [55.1433, 25.1024], [55.1435, 25.1028], [55.1436, 25.1027], [55.1435, 25.1024], [55.1438, 25.1023], [55.1438, 25.1022], [55.1438, 25.102], [55.1437, 25.1018], [55.1435, 25.1015], [55.1436, 25.1014], [55.1437, 25.1013], [55.1437, 25.1012], [55.1435, 25.1009], [55.1434, 25.1009], [55.1433, 25.1008], [55.1428, 25.0999], [55.1423, 25.0995], [55.1418, 25.099], [55.1416, 25.0987], [55.1414, 25.0985], [55.1414, 25.0984], [55.1414, 25.0983], [55.1414, 25.0982], [55.1415, 25.0982], [55.1415, 25.0981], [55.1416, 25.098], [55.1416, 25.0979], [55.1416, 25.0978], [55.1416, 25.0977], [55.1416, 25.0976], [55.1416, 25.0975], [55.1415, 25.0974], [55.1415, 25.0973], [55.1414, 25.0973], [55.1413, 25.0973], [55.1413, 25.0974], [55.1414, 25.0975], [55.1414, 25.0976], [55.1414, 25.0977], [55.1414, 25.0978], [55.1414, 25.0979], [55.1414, 25.098], [55.1414, 25.0981], [55.1413, 25.0981]]], [[[55.1356, 25.1009], [55.1356, 25.101], [55.1357, 25.101], [55.1359, 25.101], [55.136, 25.1009], [55.1361, 25.1008], [55.1362, 25.1007], [55.1363, 25.1006], [55.1364, 25.1005], [55.1364, 25.1003], [55.1365, 25.1002], [55.1365, 25.1], [55.1365, 25.0999], [55.1364, 25.0997], [55.1364, 25.0995], [55.1363, 25.0994], [55.1362, 25.0993], [55.136, 25.0991], [55.1358, 25.099], [55.1345, 25.0986], [55.1331, 25.0981], [55.1312, 25.0977], [55.129, 25.0974], [55.1274, 25.0973], [55.1251, 25.0973], [55.1237, 25.0974], [55.1227, 25.0975], [55.1216, 25.0977], [55.12, 25.0982], [55.1186, 25.0986], [55.1171, 25.0994], [55.1156, 25.1003], [55.1146, 25.101], [55.1146, 25.1014], [55.1146, 25.1025], [55.1147, 25.1031], [55.1149, 25.1033], [55.1152, 25.1033], [55.1155, 25.1031], [55.116, 25.1027], [55.1168, 25.1021], [55.1178, 25.1015], [55.1187, 25.101], [55.12, 25.1005], [55.1213, 25.1], [55.1234, 25.0996], [55.1243, 25.0995], [55.1257, 25.0995], [55.1269, 25.0995], [55.1282, 25.0995], [55.1292, 25.0997], [55.1303, 25.0998], [55.1312, 25.1001], [55.1319, 25.1002], [55.1325, 25.1004], [55.1334, 25.1006], [55.1341, 25.1005], [55.1344, 25.1003], [55.1347, 25.0999], [55.135, 25.0991], [55.1353, 25.0991], [55.1357, 25.0992], [55.1358, 25.0993], [55.136, 25.0994], [55.1361, 25.0995], [55.1362, 25.0996], [55.1362, 25.0998], [55.1363, 25.0999], [55.1363, 25.1], [55.1362, 25.1002], [55.1362, 25.1003], [55.1362, 25.1004], [55.1361, 25.1005], [55.1361, 25.1006], [55.136, 25.1007], [55.1359, 25.1007], [55.1359, 25.1008], [55.1358, 25.1008], [55.1357, 25.1008], [55.1356, 25.1008], [55.1356, 25.1009]]], [[[55.1198, 25.1309], [55.1197, 25.1309], [55.1195, 25.1309], [55.1195, 25.131], [55.1193, 25.1308], [55.1188, 25.1303], [55.1184, 25.1298], [55.1179, 25.1292], [55.1171, 25.1285], [55.1167, 25.1279], [55.1167, 25.1278], [55.115, 25.1253], [55.115, 25.1251], [55.1139, 25.1248], [55.1136, 25.1243], [55.1129, 25.123], [55.112, 25.1206], [55.1115, 25.1189], [55.1112, 25.1175], [55.111, 25.1158], [55.1109, 25.1141], [55.111, 25.1129], [55.1111, 25.1117], [55.1114, 25.1103], [55.1118, 25.1088], [55.1124, 25.1074], [55.1128, 25.1063], [55.1132, 25.1056], [55.1134, 25.1052], [55.1135, 25.1048], [55.1133, 25.1032], [55.113, 25.103], [55.1128, 25.1029], [55.1127, 25.1029], [55.1124, 25.1031], [55.1117, 25.104], [55.111, 25.105], [55.1103, 25.1063], [55.1094, 25.1082], [55.1089, 25.1099], [55.1086, 25.1116], [55.1084, 25.1143], [55.1086, 25.1162], [55.1088, 25.1181], [55.1092, 25.1198], [55.1098, 25.1217], [55.1105, 25.1235], [55.1115, 25.1255], [55.1128, 25.1278], [55.1143, 25.1297], [55.1159, 25.1316], [55.1176, 25.1333], [55.1194, 25.1349], [55.1214, 25.1364], [55.1233, 25.1377], [55.1253, 25.1387], [55.1275, 25.1396], [55.1298, 25.1405], [55.1316, 25.141], [55.1332, 25.1412], [55.1354, 25.1415], [55.1387, 25.1415], [55.1401, 25.1413], [55.1416, 25.1411], [55.1434, 25.1406], [55.145, 25.14], [55.1468, 25.1391], [55.1481, 25.1382], [55.1482, 25.1379], [55.1481, 25.1377], [55.1471, 25.1368], [55.1469, 25.1367], [55.1468, 25.1366], [55.1465, 25.1366], [55.1464, 25.1366], [55.1454, 25.1372], [55.1447, 25.1373], [55.1437, 25.1377], [55.1423, 25.1382], [55.1405, 25.1387], [55.1398, 25.1388], [55.1376, 25.1391], [55.1354, 25.139], [55.1335, 25.1387], [55.1317, 25.1383], [55.1304, 25.1378], [55.1299, 25.1374], [55.1295, 25.137], [55.129, 25.1366], [55.1285, 25.1361], [55.1279, 25.1359], [55.1272, 25.1358], [55.1269, 25.136], [55.1261, 25.1357], [55.1252, 25.1355], [55.1239, 25.1347], [55.1227, 25.1339], [55.1215, 25.1329], [55.1199, 25.1315], [55.1198, 25.1313], [55.1199, 25.1311], [55.1199, 25.131], [55.1198, 25.1309]]], [[[55.149, 25.2015], [55.149, 25.2012], [55.1486, 25.2008], [55.148, 25.2007], [55.1473, 25.2012], [55.1465, 25.2015], [55.1456, 25.2021], [55.145, 25.2022], [55.1444, 25.202], [55.1439, 25.2022], [55.1435, 25.2021], [55.1432, 25.2023], [55.1429, 25.2022], [55.1428, 25.2024], [55.1426, 25.2023], [55.1422, 25.2028], [55.1421, 25.2034], [55.1423, 25.2039], [55.1427, 25.2041], [55.1433, 25.2035], [55.1445, 25.2034], [55.145, 25.2025], [55.1455, 25.2026], [55.1461, 25.2032], [55.1468, 25.2031], [55.1474, 25.2025], [55.148, 25.2025], [55.1484, 25.2023], [55.1486, 25.2017], [55.149, 25.2015]]], [[[55.1458, 25.204], [55.1453, 25.2038], [55.1448, 25.2041], [55.1446, 25.2046], [55.1447, 25.205], [55.1452, 25.2052], [55.1457, 25.205], [55.146, 25.2045], [55.1458, 25.204]]], [[[55.1445, 25.2049], [55.144, 25.2044], [55.1435, 25.2044], [55.1431, 25.2047], [55.1428, 25.2051], [55.1428, 25.2053], [55.1428, 25.2055], [55.1431, 25.206], [55.1437, 25.2063], [55.144, 25.2069], [55.1445, 25.2069], [55.1449, 25.2066], [55.145, 25.2061], [55.1446, 25.2056], [55.1445, 25.2049]]], [[[55.1413, 25.2047], [55.1405, 25.2051], [55.1402, 25.2057], [55.1403, 25.2062], [55.1409, 25.2062], [55.1415, 25.2066], [55.1421, 25.2066], [55.1419, 25.2068], [55.1417, 25.2071], [55.1417, 25.2075], [55.1419, 25.2079], [55.1422, 25.2082], [55.1425, 25.2083], [55.1428, 25.2083], [55.1432, 25.2082], [55.1435, 25.2079], [55.1436, 25.2076], [55.1437, 25.2074], [55.1437, 25.2072], [55.1435, 25.2068], [55.1433, 25.2066], [55.1429, 25.2064], [55.1427, 25.2063], [55.1425, 25.2064], [55.1423, 25.2064], [55.1424, 25.2063], [55.1425, 25.2057], [55.1428, 25.2053], [55.1427, 25.2051], [55.1413, 25.2047]]], [[[55.1456, 25.2072], [55.146, 25.2074], [55.1467, 25.2076], [55.1475, 25.2075], [55.148, 25.2073], [55.1484, 25.2069], [55.1486, 25.2064], [55.1482, 25.206], [55.1478, 25.2058], [55.1469, 25.2057], [55.1461, 25.206], [55.1456, 25.2065], [55.1456, 25.2072]]], [[[55.1478, 25.2082], [55.1476, 25.2082], [55.1472, 25.2083], [55.1469, 25.2085], [55.1465, 25.2088], [55.1464, 25.2091], [55.1464, 25.2095], [55.1464, 25.2097], [55.1466, 25.2099], [55.1468, 25.21], [55.147, 25.2101], [55.1474, 25.2101], [55.1478, 25.2099], [55.148, 25.2097], [55.1482, 25.2093], [55.1482, 25.209], [55.1481, 25.2085], [55.148, 25.2083], [55.1479, 25.2083], [55.1478, 25.2082]]], [[[55.1449, 25.2109], [55.1449, 25.2106], [55.1449, 25.2102], [55.1445, 25.2095], [55.1449, 25.2098], [55.1452, 25.2098], [55.1454, 25.2098], [55.1456, 25.2097], [55.1457, 25.2096], [55.146, 25.2092], [55.146, 25.209], [55.146, 25.2087], [55.1459, 25.2084], [55.1457, 25.208], [55.1456, 25.2078], [55.1453, 25.2077], [55.145, 25.2077], [55.1447, 25.2077], [55.1445, 25.2078], [55.1443, 25.208], [55.1442, 25.2082], [55.1441, 25.2084], [55.1442, 25.2089], [55.1441, 25.209], [55.144, 25.209], [55.1436, 25.2088], [55.1434, 25.2088], [55.1432, 25.2089], [55.143, 25.209], [55.1429, 25.2091], [55.1428, 25.2092], [55.1428, 25.2095], [55.1428, 25.2099], [55.1429, 25.2101], [55.1431, 25.2104], [55.1432, 25.2106], [55.1434, 25.2109], [55.1437, 25.2111], [55.1439, 25.2112], [55.1443, 25.2113], [55.1445, 25.2113], [55.1447, 25.2111], [55.1449, 25.2109]]], [[[55.1411, 25.211], [55.1413, 25.2111], [55.1415, 25.2111], [55.1417, 25.2111], [55.1419, 25.211], [55.1422, 25.2108], [55.1423, 25.2106], [55.1424, 25.2104], [55.1424, 25.21], [55.1423, 25.2095], [55.1421, 25.2091], [55.1418, 25.2088], [55.1414, 25.2086], [55.1412, 25.2086], [55.1408, 25.2086], [55.1406, 25.2087], [55.1404, 25.2088], [55.1402, 25.209], [55.1401, 25.2092], [55.14, 25.2095], [55.14, 25.2097], [55.14, 25.21], [55.1401, 25.2102], [55.1405, 25.2107], [55.1408, 25.2109], [55.1411, 25.211]]], [[[55.1425, 25.2127], [55.1426, 25.2125], [55.1426, 25.2123], [55.1425, 25.212], [55.1424, 25.2119], [55.1422, 25.2117], [55.142, 25.2117], [55.1417, 25.2116], [55.1412, 25.2116], [55.1405, 25.2119], [55.14, 25.2121], [55.1397, 25.2124], [55.1396, 25.2127], [55.1396, 25.213], [55.1397, 25.2134], [55.1399, 25.2135], [55.1402, 25.2136], [55.1404, 25.2137], [55.1407, 25.2136], [55.1411, 25.2135], [55.1414, 25.2134], [55.1418, 25.2132], [55.1421, 25.213], [55.1425, 25.2127]]], [[[55.1485, 25.2138], [55.1489, 25.2136], [55.1491, 25.2134], [55.1492, 25.2133], [55.1493, 25.2129], [55.1492, 25.2125], [55.1491, 25.2121], [55.1488, 25.2118], [55.1487, 25.2117], [55.1484, 25.2116], [55.148, 25.2116], [55.1478, 25.2116], [55.1475, 25.2117], [55.1473, 25.2118], [55.147, 25.212], [55.1469, 25.2122], [55.1468, 25.2123], [55.1467, 25.2126], [55.1467, 25.2128], [55.1468, 25.213], [55.1469, 25.2132], [55.1472, 25.2133], [55.1475, 25.2135], [55.148, 25.2137], [55.1483, 25.2138], [55.1485, 25.2138]]], [[[55.1458, 25.2125], [55.1457, 25.2124], [55.1457, 25.2123], [55.1454, 25.2122], [55.1451, 25.2117], [55.145, 25.2116], [55.1447, 25.2116], [55.1444, 25.2117], [55.1443, 25.2118], [55.1442, 25.2121], [55.1441, 25.2121], [55.144, 25.2121], [55.1436, 25.2121], [55.1434, 25.2122], [55.1433, 25.2122], [55.1431, 25.2126], [55.1427, 25.2128], [55.1426, 25.2131], [55.1426, 25.2134], [55.1427, 25.2136], [55.1428, 25.2139], [55.143, 25.2139], [55.1432, 25.214], [55.1434, 25.214], [55.1437, 25.214], [55.1441, 25.2138], [55.1442, 25.2137], [55.1443, 25.2135], [55.1444, 25.2132], [55.1445, 25.2131], [55.1447, 25.2131], [55.1452, 25.2131], [55.1455, 25.2131], [55.1456, 25.2129], [55.1458, 25.2127], [55.1458, 25.2125]]], [[[55.1484, 25.2276], [55.1489, 25.2277], [55.149, 25.2277], [55.1492, 25.2277], [55.1495, 25.2276], [55.1497, 25.2275], [55.1499, 25.2274], [55.15, 25.2273], [55.1502, 25.2272], [55.1504, 25.2269], [55.1506, 25.2267], [55.1507, 25.2264], [55.1508, 25.2262], [55.1508, 25.226], [55.1508, 25.2259], [55.1508, 25.2258], [55.1507, 25.2255], [55.1506, 25.2254], [55.1506, 25.2253], [55.1506, 25.2252], [55.1507, 25.225], [55.1508, 25.2249], [55.1509, 25.2249], [55.1511, 25.225], [55.1512, 25.2249], [55.1513, 25.2249], [55.1515, 25.2248], [55.1516, 25.2246], [55.1518, 25.2243], [55.1518, 25.224], [55.1518, 25.2239], [55.1518, 25.2238], [55.1516, 25.2237], [55.1513, 25.2236], [55.1511, 25.2236], [55.1509, 25.2236], [55.1507, 25.2236], [55.1506, 25.2236], [55.1504, 25.2237], [55.1503, 25.2237], [55.1499, 25.224], [55.1498, 25.2241], [55.1496, 25.2242], [55.1493, 25.2243], [55.1492, 25.2243], [55.1491, 25.2244], [55.149, 25.2246], [55.1489, 25.2247], [55.1489, 25.2249], [55.1489, 25.2252], [55.1489, 25.2253], [55.149, 25.2254], [55.149, 25.2255], [55.1491, 25.2256], [55.1492, 25.2257], [55.1494, 25.2258], [55.1495, 25.2258], [55.1499, 25.2258], [55.15, 25.2258], [55.15, 25.2259], [55.15, 25.226], [55.1499, 25.2261], [55.1499, 25.2262], [55.1498, 25.2264], [55.1497, 25.2265], [55.1495, 25.2266], [55.1494, 25.2266], [55.1493, 25.2267], [55.1491, 25.2267], [55.149, 25.2267], [55.1489, 25.2267], [55.1488, 25.2266], [55.1486, 25.2263], [55.1485, 25.2262], [55.1484, 25.2262], [55.1483, 25.2261], [55.1481, 25.2261], [55.148, 25.2261], [55.1477, 25.2262], [55.1476, 25.2262], [55.1474, 25.2263], [55.1473, 25.2264], [55.1471, 25.2268], [55.147, 25.2269], [55.1469, 25.2269], [55.1468, 25.227], [55.1465, 25.227], [55.1463, 25.227], [55.1462, 25.227], [55.1461, 25.227], [55.1461, 25.2269], [55.1463, 25.2267], [55.1464, 25.2265], [55.1464, 25.2263], [55.1464, 25.2262], [55.1463, 25.226], [55.1463, 25.2259], [55.1462, 25.2258], [55.1461, 25.2257], [55.1459, 25.2256], [55.1457, 25.2256], [55.1455, 25.2255], [55.1454, 25.2255], [55.1452, 25.2256], [55.145, 25.2257], [55.1449, 25.2257], [55.1447, 25.2259], [55.1446, 25.226], [55.1445, 25.2261], [55.1444, 25.2262], [55.1444, 25.2263], [55.1444, 25.2264], [55.1444, 25.2266], [55.1444, 25.2267], [55.1445, 25.2268], [55.1447, 25.227], [55.1448, 25.227], [55.145, 25.2271], [55.1451, 25.2271], [55.1455, 25.227], [55.1456, 25.2269], [55.1457, 25.227], [55.1457, 25.2271], [55.1457, 25.2273], [55.1456, 25.2274], [55.1456, 25.2276], [55.1454, 25.2278], [55.1453, 25.2279], [55.1451, 25.2281], [55.1449, 25.2282], [55.1447, 25.2283], [55.1445, 25.2283], [55.1442, 25.2284], [55.144, 25.2284], [55.1439, 25.2284], [55.1438, 25.2283], [55.1437, 25.2283], [55.1436, 25.2282], [55.1435, 25.2281], [55.1435, 25.228], [55.1436, 25.2279], [55.1438, 25.2276], [55.1438, 25.2274], [55.1438, 25.227], [55.1438, 25.2269], [55.1438, 25.2267], [55.1437, 25.2266], [55.1436, 25.2265], [55.1435, 25.2264], [55.1433, 25.2263], [55.1432, 25.2263], [55.143, 25.2262], [55.1429, 25.2263], [55.1427, 25.2263], [55.1426, 25.2264], [55.1425, 25.2264], [55.1424, 25.2265], [55.1424, 25.2266], [55.1423, 25.2267], [55.1423, 25.2268], [55.1423, 25.2271], [55.1423, 25.2272], [55.1424, 25.2274], [55.1428, 25.228], [55.1428, 25.2281], [55.1428, 25.2282], [55.1428, 25.2283], [55.1427, 25.2283], [55.1426, 25.2284], [55.1424, 25.2285], [55.1422, 25.2286], [55.1421, 25.2285], [55.142, 25.2285], [55.1417, 25.2281], [55.1416, 25.228], [55.1415, 25.228], [55.1411, 25.2279], [55.141, 25.2278], [55.1409, 25.2277], [55.1408, 25.2276], [55.1408, 25.2275], [55.1407, 25.2274], [55.1408, 25.2273], [55.1408, 25.2272], [55.1408, 25.2271], [55.1409, 25.227], [55.141, 25.227], [55.1414, 25.2271], [55.1416, 25.2271], [55.1417, 25.227], [55.1418, 25.227], [55.142, 25.2268], [55.1421, 25.2267], [55.1422, 25.2266], [55.1422, 25.2265], [55.1423, 25.2263], [55.1423, 25.2262], [55.1423, 25.2261], [55.1422, 25.2259], [55.1422, 25.2258], [55.1421, 25.2257], [55.142, 25.2257], [55.1419, 25.2256], [55.1416, 25.2256], [55.1414, 25.2256], [55.1412, 25.2257], [55.1411, 25.2257], [55.1411, 25.2258], [55.1409, 25.2262], [55.1408, 25.2263], [55.1407, 25.2263], [55.1405, 25.2261], [55.1404, 25.226], [55.1404, 25.2261], [55.1402, 25.2263], [55.1402, 25.2262], [55.1401, 25.2261], [55.14, 25.226], [55.1399, 25.226], [55.1397, 25.2259], [55.1396, 25.226], [55.1393, 25.2263], [55.1392, 25.2263], [55.1391, 25.2264], [55.1389, 25.2264], [55.1387, 25.2264], [55.1386, 25.2263], [55.1385, 25.2263], [55.1384, 25.2261], [55.1383, 25.226], [55.1382, 25.2254], [55.1381, 25.2253], [55.1381, 25.2252], [55.138, 25.2251], [55.1379, 25.2251], [55.1374, 25.2248], [55.1373, 25.2248], [55.1372, 25.2247], [55.1372, 25.2246], [55.1371, 25.2242], [55.1371, 25.2241], [55.137, 25.2241], [55.1367, 25.2241], [55.1367, 25.2242], [55.1366, 25.2241], [55.1366, 25.224], [55.1366, 25.2239], [55.1367, 25.2239], [55.1368, 25.2239], [55.1367, 25.2238], [55.1366, 25.2237], [55.1365, 25.2236], [55.1364, 25.2237], [55.1363, 25.2237], [55.1362, 25.2237], [55.1361, 25.2239], [55.136, 25.2239], [55.1359, 25.2238], [55.1358, 25.2237], [55.1359, 25.2236], [55.1359, 25.2235], [55.1357, 25.2235], [55.1356, 25.2235], [55.1356, 25.2234], [55.1357, 25.2233], [55.1357, 25.2232], [55.1355, 25.2231], [55.1354, 25.2231], [55.1354, 25.223], [55.1355, 25.2228], [55.1356, 25.2227], [55.1357, 25.2226], [55.1358, 25.2226], [55.136, 25.2225], [55.1363, 25.2226], [55.1363, 25.2225], [55.1364, 25.2225], [55.1364, 25.2224], [55.1365, 25.2223], [55.1365, 25.2221], [55.1365, 25.222], [55.1364, 25.2219], [55.1364, 25.2217], [55.1363, 25.2216], [55.1362, 25.2215], [55.1361, 25.2216], [55.1359, 25.2217], [55.1359, 25.2218], [55.1357, 25.2218], [55.1356, 25.2218], [55.1354, 25.2218], [55.1353, 25.2217], [55.1351, 25.2215], [55.135, 25.2213], [55.1349, 25.2211], [55.1348, 25.2209], [55.1348, 25.2208], [55.1348, 25.2207], [55.1348, 25.2205], [55.135, 25.2202], [55.135, 25.2201], [55.135, 25.2199], [55.135, 25.2197], [55.135, 25.2195], [55.1351, 25.2194], [55.1355, 25.2191], [55.1358, 25.2189], [55.1361, 25.2189], [55.1364, 25.2188], [55.1365, 25.2188], [55.1367, 25.2188], [55.1369, 25.2189], [55.1372, 25.2192], [55.1373, 25.2192], [55.1374, 25.2192], [55.1376, 25.219], [55.1377, 25.2189], [55.1379, 25.2189], [55.138, 25.2189], [55.138, 25.2188], [55.1379, 25.2185], [55.1379, 25.2184], [55.1379, 25.2183], [55.1381, 25.218], [55.1381, 25.2179], [55.1381, 25.2178], [55.138, 25.2176], [55.138, 25.2175], [55.1379, 25.2174], [55.1377, 25.2173], [55.1376, 25.2172], [55.1375, 25.2172], [55.1373, 25.2172], [55.1368, 25.2174], [55.1366, 25.2174], [55.1365, 25.2174], [55.1363, 25.2172], [55.1361, 25.2171], [55.1359, 25.2169], [55.1358, 25.2166], [55.1358, 25.2165], [55.1357, 25.2163], [55.1358, 25.216], [55.1358, 25.2157], [55.1359, 25.2156], [55.1359, 25.2154], [55.136, 25.2153], [55.1361, 25.2153], [55.1363, 25.2152], [55.1367, 25.215], [55.1369, 25.2149], [55.137, 25.2148], [55.137, 25.2146], [55.1371, 25.2145], [55.137, 25.2144], [55.1368, 25.2141], [55.1368, 25.214], [55.1368, 25.2139], [55.1368, 25.2134], [55.1368, 25.2133], [55.1367, 25.2132], [55.1367, 25.2131], [55.1366, 25.213], [55.1362, 25.2127], [55.1361, 25.2126], [55.136, 25.2125], [55.136, 25.2124], [55.1359, 25.2121], [55.1359, 25.2118], [55.1359, 25.2115], [55.136, 25.2112], [55.1362, 25.2108], [55.1364, 25.2104], [55.1365, 25.2102], [55.1367, 25.21], [55.1368, 25.2098], [55.137, 25.2097], [55.1372, 25.2096], [55.1374, 25.2095], [55.1376, 25.2094], [55.1382, 25.2094], [55.1384, 25.2093], [55.1385, 25.2092], [55.1387, 25.2091], [55.1388, 25.209], [55.1388, 25.2088], [55.1389, 25.2083], [55.1389, 25.2082], [55.139, 25.2081], [55.1391, 25.208], [55.1395, 25.2078], [55.1396, 25.2077], [55.1397, 25.2076], [55.1398, 25.2075], [55.1399, 25.2074], [55.1399, 25.2073], [55.1399, 25.2072], [55.1398, 25.2072], [55.1397, 25.207], [55.1397, 25.2069], [55.1395, 25.2069], [55.1392, 25.2067], [55.1391, 25.2066], [55.139, 25.2066], [55.1389, 25.2065], [55.1388, 25.2063], [55.1387, 25.2061], [55.1387, 25.206], [55.1387, 25.2059], [55.1388, 25.2056], [55.1388, 25.2055], [55.1388, 25.2054], [55.1387, 25.2054], [55.1383, 25.2052], [55.1382, 25.2052], [55.1382, 25.2051], [55.1381, 25.2049], [55.138, 25.2048], [55.138, 25.2047], [55.1381, 25.2044], [55.1381, 25.2043], [55.138, 25.2042], [55.1376, 25.204], [55.1375, 25.2039], [55.1375, 25.2038], [55.1375, 25.2037], [55.1375, 25.2036], [55.1376, 25.2036], [55.1378, 25.2034], [55.1379, 25.2033], [55.1379, 25.203], [55.1379, 25.2029], [55.138, 25.2029], [55.1381, 25.2029], [55.1385, 25.203], [55.1386, 25.203], [55.1386, 25.2029], [55.1386, 25.2028], [55.1386, 25.2027], [55.1386, 25.2025], [55.1385, 25.2025], [55.1385, 25.2024], [55.1381, 25.2023], [55.138, 25.2023], [55.138, 25.2022], [55.138, 25.2021], [55.1379, 25.2021], [55.138, 25.202], [55.1382, 25.2019], [55.1377, 25.2019], [55.1375, 25.2019], [55.1374, 25.2019], [55.1372, 25.2018], [55.1371, 25.2017], [55.137, 25.2016], [55.137, 25.2013], [55.1369, 25.2013], [55.1366, 25.2014], [55.1365, 25.2014], [55.1366, 25.2013], [55.1366, 25.2012], [55.1367, 25.2011], [55.1368, 25.2011], [55.1371, 25.2013], [55.1372, 25.2013], [55.1372, 25.2012], [55.1373, 25.201], [55.1372, 25.201], [55.1368, 25.201], [55.1367, 25.201], [55.1367, 25.2009], [55.1366, 25.2009], [55.1366, 25.2007], [55.1365, 25.2007], [55.1365, 25.2006], [55.1363, 25.2006], [55.1363, 25.2004], [55.1363, 25.2003], [55.1363, 25.2002], [55.1364, 25.2001], [55.1365, 25.1999], [55.1366, 25.1999], [55.1367, 25.1999], [55.137, 25.2], [55.1371, 25.2], [55.1372, 25.1999], [55.1375, 25.1998], [55.1376, 25.1998], [55.1377, 25.1999], [55.1379, 25.2002], [55.138, 25.2003], [55.1381, 25.2003], [55.1385, 25.2002], [55.1386, 25.2002], [55.1387, 25.2002], [55.1388, 25.2003], [55.139, 25.2006], [55.139, 25.2007], [55.1391, 25.2007], [55.1392, 25.2007], [55.1393, 25.2008], [55.1395, 25.2008], [55.1397, 25.2007], [55.1399, 25.2007], [55.14, 25.2006], [55.1402, 25.2004], [55.1404, 25.2002], [55.1405, 25.2], [55.1406, 25.1998], [55.1406, 25.1996], [55.1406, 25.1994], [55.1406, 25.1992], [55.1406, 25.199], [55.1405, 25.1989], [55.1405, 25.1988], [55.1404, 25.1986], [55.1403, 25.1985], [55.14, 25.1984], [55.1399, 25.1983], [55.1398, 25.1983], [55.1396, 25.1983], [55.1394, 25.1983], [55.1388, 25.1984], [55.1387, 25.1984], [55.1385, 25.1984], [55.1384, 25.1984], [55.1383, 25.1983], [55.1378, 25.1981], [55.1377, 25.198], [55.1374, 25.1979], [55.1372, 25.1978], [55.137, 25.1978], [55.1369, 25.1979], [55.1364, 25.1981], [55.1362, 25.1981], [55.1359, 25.1981], [55.1354, 25.1979], [55.1353, 25.1979], [55.1352, 25.1979], [55.135, 25.198], [55.1349, 25.1981], [55.1346, 25.1983], [55.1344, 25.1985], [55.1343, 25.1986], [55.1343, 25.1988], [55.1342, 25.1991], [55.1342, 25.1993], [55.1342, 25.1995], [55.1344, 25.1997], [55.1345, 25.1998], [55.1345, 25.1999], [55.1344, 25.2], [55.1343, 25.2002], [55.1342, 25.2003], [55.1341, 25.2004], [55.134, 25.2005], [55.1338, 25.2006], [55.1337, 25.2006], [55.1333, 25.2007], [55.1332, 25.2007], [55.1332, 25.2008], [55.1331, 25.2009], [55.133, 25.201], [55.133, 25.2012], [55.133, 25.2014], [55.133, 25.2015], [55.1331, 25.2017], [55.1333, 25.202], [55.1334, 25.2021], [55.1338, 25.2023], [55.1339, 25.2024], [55.1339, 25.2025], [55.1339, 25.2027], [55.1339, 25.2028], [55.134, 25.2029], [55.1341, 25.203], [55.1342, 25.2031], [55.134, 25.2033], [55.134, 25.2034], [55.1341, 25.2034], [55.1343, 25.2035], [55.1343, 25.2036], [55.1343, 25.2037], [55.1343, 25.2039], [55.1343, 25.204], [55.1344, 25.204], [55.1346, 25.2042], [55.1346, 25.2043], [55.1346, 25.2044], [55.1345, 25.2046], [55.1344, 25.2047], [55.1341, 25.2049], [55.134, 25.205], [55.1339, 25.2052], [55.1339, 25.2054], [55.1339, 25.2055], [55.1339, 25.2056], [55.1341, 25.2057], [55.1342, 25.2058], [55.1343, 25.2058], [55.1344, 25.2058], [55.1345, 25.2058], [55.135, 25.2056], [55.1351, 25.2056], [55.1352, 25.2055], [55.1353, 25.2056], [55.1356, 25.2056], [55.1358, 25.2057], [55.1361, 25.2058], [55.1363, 25.2059], [55.1364, 25.206], [55.1366, 25.2061], [55.1367, 25.2063], [55.1368, 25.2065], [55.137, 25.2067], [55.137, 25.2069], [55.137, 25.207], [55.137, 25.2072], [55.1369, 25.2074], [55.1368, 25.2076], [55.1366, 25.2077], [55.1365, 25.2078], [55.1364, 25.2078], [55.1363, 25.2078], [55.1362, 25.2076], [55.1361, 25.2075], [55.136, 25.2075], [55.1358, 25.2076], [55.1357, 25.2076], [55.1357, 25.2075], [55.1356, 25.2073], [55.1356, 25.2072], [55.1355, 25.2072], [55.1353, 25.2071], [55.1351, 25.207], [55.1349, 25.2071], [55.1348, 25.2071], [55.1347, 25.2071], [55.1345, 25.2073], [55.1344, 25.2074], [55.1342, 25.2074], [55.134, 25.2073], [55.1339, 25.2072], [55.1338, 25.2068], [55.1337, 25.2067], [55.1336, 25.2066], [55.1334, 25.2066], [55.1332, 25.2065], [55.1331, 25.2065], [55.1329, 25.2066], [55.1327, 25.2066], [55.1325, 25.2067], [55.1324, 25.2068], [55.1323, 25.207], [55.1322, 25.2071], [55.1321, 25.2073], [55.1321, 25.2075], [55.1321, 25.2076], [55.1321, 25.2077], [55.1322, 25.2077], [55.1322, 25.2078], [55.1326, 25.2079], [55.1327, 25.208], [55.1327, 25.2081], [55.1328, 25.2082], [55.1329, 25.2086], [55.1329, 25.209], [55.1329, 25.2092], [55.1329, 25.2094], [55.1329, 25.2096], [55.1327, 25.2101], [55.1326, 25.2103], [55.1325, 25.2107], [55.1325, 25.211], [55.1326, 25.2115], [55.1328, 25.2119], [55.1328, 25.2121], [55.1331, 25.2125], [55.1332, 25.2126], [55.1333, 25.213], [55.1333, 25.2132], [55.1333, 25.2135], [55.1332, 25.2138], [55.1331, 25.214], [55.133, 25.2143], [55.133, 25.2144], [55.1329, 25.2145], [55.1325, 25.2148], [55.1323, 25.215], [55.1323, 25.2151], [55.1322, 25.2152], [55.1322, 25.2154], [55.1324, 25.2157], [55.1324, 25.2159], [55.1324, 25.2161], [55.1323, 25.2166], [55.1322, 25.2167], [55.1323, 25.2168], [55.1323, 25.2169], [55.1324, 25.217], [55.1327, 25.2173], [55.1328, 25.2174], [55.1328, 25.2175], [55.1328, 25.2176], [55.1327, 25.218], [55.1327, 25.2182], [55.1328, 25.2184], [55.133, 25.2188], [55.133, 25.2189], [55.133, 25.2191], [55.1329, 25.2193], [55.1329, 25.2194], [55.1328, 25.2196], [55.1326, 25.2197], [55.1323, 25.2199], [55.1322, 25.2199], [55.1321, 25.2201], [55.132, 25.2202], [55.132, 25.2204], [55.132, 25.2205], [55.132, 25.2208], [55.1321, 25.2209], [55.1322, 25.2212], [55.1323, 25.2214], [55.1323, 25.2216], [55.1323, 25.2221], [55.1323, 25.2222], [55.1323, 25.2223], [55.1323, 25.2224], [55.1324, 25.2225], [55.1329, 25.223], [55.133, 25.2231], [55.1331, 25.2232], [55.1331, 25.2233], [55.1331, 25.2234], [55.133, 25.2239], [55.133, 25.2241], [55.1331, 25.2242], [55.1333, 25.2246], [55.1334, 25.2247], [55.1334, 25.2248], [55.1333, 25.2251], [55.1333, 25.2252], [55.1333, 25.2253], [55.1334, 25.2254], [55.1335, 25.2256], [55.1336, 25.2257], [55.1338, 25.2258], [55.1341, 25.2259], [55.1343, 25.2259], [55.1344, 25.2258], [55.1345, 25.2258], [55.1349, 25.2254], [55.135, 25.2254], [55.1354, 25.2252], [55.1355, 25.2252], [55.1356, 25.2252], [55.1358, 25.2252], [55.136, 25.2253], [55.1364, 25.2255], [55.1366, 25.2256], [55.1369, 25.2258], [55.137, 25.2259], [55.1372, 25.226], [55.1373, 25.2262], [55.1373, 25.2263], [55.1374, 25.2267], [55.1375, 25.2268], [55.1375, 25.2269], [55.1377, 25.2272], [55.1378, 25.2273], [55.1379, 25.2275], [55.1379, 25.2278], [55.1379, 25.2279], [55.138, 25.228], [55.1382, 25.2283], [55.1383, 25.2284], [55.1384, 25.2285], [55.1384, 25.2289], [55.1385, 25.229], [55.1386, 25.229], [55.1387, 25.229], [55.1388, 25.229], [55.1388, 25.2289], [55.1389, 25.2289], [55.1389, 25.2288], [55.1388, 25.2286], [55.1388, 25.2285], [55.1388, 25.2284], [55.1389, 25.2284], [55.1391, 25.2285], [55.1392, 25.2285], [55.1394, 25.2288], [55.1395, 25.2289], [55.1396, 25.2289], [55.1397, 25.2289], [55.14, 25.2288], [55.1401, 25.2288], [55.1402, 25.2289], [55.1403, 25.2289], [55.1404, 25.2291], [55.1404, 25.2292], [55.1405, 25.2292], [55.1408, 25.2292], [55.1409, 25.2292], [55.141, 25.2293], [55.1411, 25.2295], [55.1411, 25.2296], [55.1412, 25.2297], [55.1415, 25.2297], [55.141, 25.2298], [55.1406, 25.2302], [55.1418, 25.2307], [55.1424, 25.2309], [55.1426, 25.2301], [55.1428, 25.2304], [55.1429, 25.2304], [55.1431, 25.2304], [55.1433, 25.2302], [55.1435, 25.2302], [55.1437, 25.2304], [55.1438, 25.2304], [55.144, 25.2304], [55.1441, 25.2303], [55.1442, 25.2304], [55.1445, 25.2305], [55.1446, 25.2305], [55.1448, 25.2305], [55.1451, 25.2305], [55.1453, 25.2304], [55.1455, 25.2303], [55.1457, 25.2302], [55.146, 25.2301], [55.1463, 25.2298], [55.1467, 25.2295], [55.147, 25.2291], [55.1471, 25.2289], [55.1472, 25.2287], [55.1472, 25.2286], [55.1473, 25.2283], [55.1473, 25.2282], [55.1473, 25.2281], [55.1474, 25.2281], [55.1477, 25.2281], [55.1479, 25.228], [55.148, 25.228], [55.1481, 25.2277], [55.1482, 25.2277], [55.1482, 25.2276], [55.1483, 25.2276], [55.1484, 25.2276]]], [[[55.1473, 25.2143], [55.1469, 25.2142], [55.1464, 25.2143], [55.1463, 25.2143], [55.1461, 25.2142], [55.1458, 25.2137], [55.1456, 25.2136], [55.1453, 25.2136], [55.1451, 25.2137], [55.145, 25.2139], [55.1449, 25.2142], [55.145, 25.2144], [55.1451, 25.2146], [55.1455, 25.2148], [55.1456, 25.2149], [55.1456, 25.2152], [55.1457, 25.2153], [55.1458, 25.2153], [55.1461, 25.2152], [55.1462, 25.2152], [55.1463, 25.2155], [55.1467, 25.2154], [55.1471, 25.2157], [55.1474, 25.2156], [55.1475, 25.2156], [55.1477, 25.2155], [55.1477, 25.2154], [55.1478, 25.2152], [55.1478, 25.2149], [55.1477, 25.2146], [55.1475, 25.2144], [55.1473, 25.2143]]], [[[55.1406, 25.2157], [55.1409, 25.2154], [55.1412, 25.2148], [55.1412, 25.2145], [55.1412, 25.2144], [55.1411, 25.2142], [55.141, 25.214], [55.1408, 25.2139], [55.1407, 25.2139], [55.1405, 25.2139], [55.1401, 25.214], [55.14, 25.2141], [55.1397, 25.2146], [55.1396, 25.2146], [55.1393, 25.2147], [55.1392, 25.2148], [55.1391, 25.215], [55.1391, 25.2154], [55.1392, 25.2157], [55.1394, 25.2159], [55.1395, 25.216], [55.1397, 25.216], [55.14, 25.216], [55.1403, 25.2159], [55.1406, 25.2157]]], [[[55.1448, 25.2171], [55.1448, 25.2168], [55.1447, 25.2167], [55.1444, 25.2163], [55.1443, 25.2158], [55.1442, 25.2156], [55.1438, 25.2154], [55.1435, 25.2154], [55.143, 25.2154], [55.1426, 25.2156], [55.1423, 25.2159], [55.1421, 25.2163], [55.1421, 25.2165], [55.1421, 25.2167], [55.1422, 25.2168], [55.1423, 25.217], [55.1426, 25.2173], [55.1428, 25.2174], [55.143, 25.2175], [55.1436, 25.2175], [55.1444, 25.2174], [55.1446, 25.2174], [55.1447, 25.2173], [55.1448, 25.2171]]], [[[55.1473, 25.2169], [55.1474, 25.2166], [55.1473, 25.2162], [55.1473, 25.2161], [55.1472, 25.2159], [55.147, 25.2158], [55.1467, 25.2159], [55.1466, 25.2159], [55.1465, 25.2157], [55.1464, 25.2157], [55.1463, 25.2157], [55.146, 25.2158], [55.1457, 25.2161], [55.1456, 25.2162], [55.1456, 25.2164], [55.1456, 25.2167], [55.1458, 25.217], [55.1461, 25.2172], [55.1464, 25.2173], [55.1467, 25.2173], [55.147, 25.2172], [55.1473, 25.2169]]], [[[55.1412, 25.2162], [55.1409, 25.2161], [55.1406, 25.216], [55.1402, 25.2161], [55.1401, 25.2162], [55.14, 25.2163], [55.1399, 25.2165], [55.1399, 25.2166], [55.1399, 25.2169], [55.1399, 25.2171], [55.14, 25.2172], [55.1401, 25.2173], [55.1404, 25.2176], [55.1408, 25.2176], [55.1411, 25.2175], [55.1414, 25.2174], [55.1416, 25.2171], [55.1416, 25.2169], [55.1416, 25.2166], [55.1414, 25.2164], [55.1412, 25.2162]]], [[[55.1396, 25.2226], [55.1398, 25.2225], [55.14, 25.2224], [55.1402, 25.2222], [55.1403, 25.2221], [55.1403, 25.2218], [55.1403, 25.2216], [55.1402, 25.2213], [55.1405, 25.2216], [55.1409, 25.2218], [55.1411, 25.2219], [55.1413, 25.2219], [55.1416, 25.2218], [55.1419, 25.2217], [55.1419, 25.2215], [55.1419, 25.2211], [55.1419, 25.2208], [55.1417, 25.2205], [55.1415, 25.2202], [55.1412, 25.2201], [55.141, 25.2201], [55.1408, 25.2201], [55.1406, 25.2201], [55.1404, 25.2202], [55.1401, 25.2204], [55.1401, 25.2206], [55.14, 25.2208], [55.1401, 25.2209], [55.1399, 25.2208], [55.1397, 25.2206], [55.1392, 25.2204], [55.139, 25.2203], [55.1389, 25.2203], [55.1387, 25.2204], [55.1385, 25.2206], [55.1383, 25.221], [55.1382, 25.2213], [55.1382, 25.2215], [55.1383, 25.2217], [55.1383, 25.2219], [55.1384, 25.2221], [55.1386, 25.2223], [55.1388, 25.2225], [55.139, 25.2226], [55.1393, 25.2226], [55.1396, 25.2226]]], [[[55.1462, 25.2234], [55.1463, 25.2233], [55.1465, 25.223], [55.1467, 25.2229], [55.1473, 25.2227], [55.1474, 25.2226], [55.1476, 25.2224], [55.1478, 25.2222], [55.1478, 25.222], [55.1479, 25.2218], [55.1478, 25.2217], [55.1477, 25.2215], [55.1475, 25.2213], [55.1474, 25.2212], [55.1472, 25.2212], [55.1466, 25.2215], [55.1465, 25.2215], [55.1464, 25.2214], [55.1465, 25.2209], [55.1465, 25.2207], [55.1464, 25.2206], [55.1463, 25.2205], [55.1459, 25.2204], [55.1457, 25.2204], [55.1455, 25.2205], [55.1449, 25.2209], [55.1448, 25.221], [55.1447, 25.2211], [55.1447, 25.2212], [55.1446, 25.2214], [55.1447, 25.2217], [55.1449, 25.2219], [55.1451, 25.222], [55.1454, 25.2221], [55.1456, 25.2221], [55.1457, 25.2221], [55.1458, 25.222], [55.146, 25.2217], [55.1462, 25.2216], [55.1464, 25.2216], [55.1464, 25.2217], [55.1461, 25.222], [55.146, 25.2221], [55.1455, 25.2224], [55.1455, 25.2225], [55.1454, 25.2226], [55.1454, 25.2229], [55.1455, 25.2232], [55.1458, 25.2233], [55.1459, 25.2234], [55.1461, 25.2234], [55.1462, 25.2234]]], [[[55.1437, 25.2235], [55.1441, 25.2235], [55.1443, 25.2235], [55.1445, 25.2234], [55.1446, 25.2233], [55.1447, 25.2232], [55.1447, 25.223], [55.1448, 25.2227], [55.1446, 25.2223], [55.1444, 25.2219], [55.1441, 25.2216], [55.1437, 25.2213], [55.1435, 25.2212], [55.1434, 25.2211], [55.1431, 25.2211], [55.1428, 25.2212], [55.1425, 25.2214], [55.1423, 25.2215], [55.1422, 25.2217], [55.1422, 25.2219], [55.1422, 25.2221], [55.1423, 25.2224], [55.1424, 25.2226], [55.1426, 25.2229], [55.1428, 25.2231], [55.1431, 25.2233], [55.1434, 25.2234], [55.1437, 25.2235]]], [[[55.1393, 25.2519], [55.1402, 25.2526], [55.1409, 25.2529], [55.1413, 25.253], [55.1415, 25.253], [55.1404, 25.2524], [55.1394, 25.2518], [55.1387, 25.2511], [55.1381, 25.2503], [55.1377, 25.2495], [55.1372, 25.2482], [55.1368, 25.2471], [55.1363, 25.2454], [55.136, 25.2441], [55.1356, 25.2428], [55.1352, 25.2418], [55.1347, 25.241], [55.134, 25.2404], [55.1328, 25.2391], [55.1318, 25.2378], [55.1313, 25.2367], [55.1308, 25.2354], [55.1306, 25.2342], [55.1303, 25.2333], [55.1302, 25.2326], [55.1299, 25.2317], [55.1295, 25.2308], [55.1291, 25.23], [55.1282, 25.2282], [55.1274, 25.2265], [55.1265, 25.2235], [55.1261, 25.2201], [55.1258, 25.218], [55.125, 25.2143], [55.1245, 25.2127], [55.1242, 25.2101], [55.1241, 25.2086], [55.1244, 25.2067], [55.125, 25.2046], [55.1267, 25.2006], [55.1283, 25.1971], [55.1295, 25.1949], [55.1309, 25.193], [55.1323, 25.1918], [55.1321, 25.1916], [55.1301, 25.1935], [55.128, 25.197], [55.1264, 25.2004], [55.1247, 25.2044], [55.1241, 25.2066], [55.1238, 25.2086], [55.1239, 25.21], [55.124, 25.2109], [55.1242, 25.2127], [55.1247, 25.2143], [55.1256, 25.218], [55.1258, 25.22], [55.1263, 25.2236], [55.1272, 25.2266], [55.128, 25.2282], [55.1289, 25.23], [55.1292, 25.2308], [55.1296, 25.2318], [55.1299, 25.2326], [55.13, 25.2333], [55.1304, 25.2342], [55.1307, 25.2354], [55.1311, 25.2368], [55.1316, 25.2379], [55.1326, 25.2392], [55.1339, 25.2406], [55.1345, 25.2411], [55.135, 25.2419], [55.1354, 25.2429], [55.1358, 25.2441], [55.1361, 25.2455], [55.1366, 25.2472], [55.137, 25.2483], [55.1375, 25.2495], [55.138, 25.2504], [55.1385, 25.2512], [55.1393, 25.2519]]], [[[55.1401, 25.2246], [55.1404, 25.2248], [55.1409, 25.2249], [55.1414, 25.2248], [55.142, 25.2245], [55.1422, 25.2243], [55.1422, 25.2239], [55.1419, 25.2234], [55.1415, 25.223], [55.1411, 25.2228], [55.1407, 25.2228], [55.1403, 25.2228], [55.1399, 25.2231], [55.1397, 25.2234], [55.1397, 25.2238], [55.1398, 25.2242], [55.1401, 25.2246]]], [[[55.148, 25.2252], [55.148, 25.2249], [55.148, 25.2247], [55.1479, 25.2246], [55.1476, 25.2242], [55.1476, 25.2241], [55.1477, 25.2241], [55.1483, 25.2241], [55.1485, 25.2241], [55.1487, 25.2239], [55.1489, 25.2237], [55.1489, 25.2235], [55.1489, 25.2233], [55.1489, 25.2232], [55.1488, 25.223], [55.1487, 25.2228], [55.1485, 25.2227], [55.1484, 25.2226], [55.1482, 25.2225], [55.148, 25.2225], [55.1478, 25.2225], [55.1476, 25.2225], [55.1475, 25.2226], [55.1473, 25.2228], [55.1472, 25.223], [55.1471, 25.2235], [55.1471, 25.2236], [55.147, 25.2237], [55.1465, 25.2237], [55.1464, 25.2237], [55.1462, 25.2238], [55.1461, 25.2241], [55.146, 25.2243], [55.146, 25.2245], [55.1461, 25.2248], [55.1462, 25.2251], [55.1463, 25.2252], [55.1465, 25.2255], [55.1467, 25.2256], [55.147, 25.2257], [55.1473, 25.2257], [55.1475, 25.2257], [55.1478, 25.2255], [55.148, 25.2252]]], [[[55.1455, 25.2251], [55.1455, 25.2249], [55.1456, 25.2248], [55.1455, 25.2246], [55.1454, 25.2243], [55.1452, 25.2242], [55.145, 25.2241], [55.1447, 25.224], [55.1443, 25.2241], [55.1439, 25.2242], [55.1437, 25.2243], [55.1434, 25.2245], [55.1433, 25.2247], [55.1433, 25.2248], [55.1433, 25.225], [55.1435, 25.2252], [55.1437, 25.2254], [55.1439, 25.2255], [55.1442, 25.2256], [55.1445, 25.2257], [55.1446, 25.2257], [55.1447, 25.2256], [55.145, 25.2253], [55.1454, 25.2252], [55.1455, 25.2251]]], [[[55.1387, 25.2301], [55.1385, 25.2297], [55.1378, 25.2296], [55.1373, 25.2305], [55.1381, 25.231], [55.1387, 25.2304], [55.1387, 25.2301]]], [[[55.1429, 25.2314], [55.1426, 25.2316], [55.1425, 25.2322], [55.1429, 25.2325], [55.1438, 25.2327], [55.1441, 25.2325], [55.144, 25.232], [55.1438, 25.2316], [55.1434, 25.2316], [55.1429, 25.2314]]], [[[55.1591, 25.11], [55.1592, 25.11], [55.1592, 25.1101], [55.1593, 25.11], [55.1592, 25.1099], [55.1591, 25.1099], [55.159, 25.1098], [55.1589, 25.1098], [55.1589, 25.1097], [55.1589, 25.1096], [55.1588, 25.1096], [55.1588, 25.1095], [55.1587, 25.1095], [55.1586, 25.1095], [55.1585, 25.1094], [55.1584, 25.1093], [55.1583, 25.1093], [55.1582, 25.1093], [55.158, 25.1093], [55.1579, 25.1093], [55.1578, 25.1093], [55.1577, 25.1092], [55.1577, 25.1091], [55.1576, 25.1091], [55.1575, 25.1092], [55.1576, 25.1093], [55.1576, 25.1094], [55.1576, 25.1095], [55.1578, 25.1098], [55.1584, 25.1108], [55.1585, 25.1108], [55.1585, 25.1109], [55.1586, 25.1109], [55.159, 25.1111], [55.1593, 25.1112], [55.1595, 25.1112], [55.1596, 25.1113], [55.1597, 25.1112], [55.1598, 25.1112], [55.1598, 25.1111], [55.1597, 25.1111], [55.1596, 25.111], [55.1595, 25.111], [55.1595, 25.1109], [55.1595, 25.1108], [55.1596, 25.1107], [55.1595, 25.1106], [55.1595, 25.1105], [55.1595, 25.1104], [55.1594, 25.1104], [55.1594, 25.1105], [55.1593, 25.1105], [55.1593, 25.1106], [55.1592, 25.1106], [55.1591, 25.1106], [55.159, 25.1105], [55.1591, 25.1105], [55.1591, 25.1104], [55.1591, 25.1103], [55.159, 25.1103], [55.1589, 25.1103], [55.1588, 25.1103], [55.1587, 25.1103], [55.1587, 25.1102], [55.1587, 25.1101], [55.1587, 25.11], [55.1588, 25.11], [55.1589, 25.11], [55.159, 25.11], [55.1591, 25.11]]], [[[55.1593, 25.1102], [55.1594, 25.1102], [55.1594, 25.1101], [55.1593, 25.1101], [55.1592, 25.1101], [55.1592, 25.1102], [55.1593, 25.1102]]], [[[55.1568, 25.1145], [55.1569, 25.1145], [55.157, 25.1146], [55.1571, 25.1146], [55.1571, 25.1145], [55.157, 25.1145], [55.157, 25.1144], [55.1569, 25.1143], [55.1568, 25.1143], [55.1567, 25.1143], [55.1566, 25.1143], [55.1565, 25.1142], [55.1564, 25.1142], [55.1563, 25.1142], [55.1562, 25.1143], [55.1561, 25.1143], [55.156, 25.1144], [55.1558, 25.1143], [55.1556, 25.1142], [55.1553, 25.1139], [55.1551, 25.1135], [55.155, 25.1131], [55.1549, 25.113], [55.1549, 25.1127], [55.1548, 25.1125], [55.1543, 25.1129], [55.1542, 25.113], [55.1534, 25.1124], [55.1534, 25.1122], [55.1536, 25.1121], [55.1536, 25.112], [55.1535, 25.1119], [55.1533, 25.1119], [55.1532, 25.112], [55.1528, 25.1118], [55.1526, 25.1117], [55.1523, 25.1116], [55.1522, 25.1117], [55.1521, 25.1118], [55.152, 25.1118], [55.1518, 25.1117], [55.1517, 25.1117], [55.1517, 25.1118], [55.1518, 25.1119], [55.152, 25.112], [55.1525, 25.1123], [55.1529, 25.1129], [55.1534, 25.1136], [55.154, 25.1142], [55.1544, 25.1148], [55.1551, 25.1154], [55.1554, 25.1157], [55.1557, 25.1164], [55.1558, 25.1168], [55.1557, 25.1168], [55.1556, 25.1169], [55.1556, 25.117], [55.1555, 25.117], [55.1554, 25.1171], [55.1553, 25.1172], [55.1553, 25.1173], [55.1552, 25.1174], [55.1552, 25.1175], [55.1552, 25.1176], [55.1553, 25.1176], [55.1553, 25.1175], [55.1553, 25.1174], [55.1554, 25.1174], [55.1554, 25.1173], [55.1555, 25.1173], [55.1556, 25.1172], [55.1557, 25.1171], [55.1558, 25.117], [55.1559, 25.117], [55.156, 25.117], [55.1561, 25.117], [55.1567, 25.1172], [55.1575, 25.1173], [55.1579, 25.1171], [55.1582, 25.117], [55.1587, 25.117], [55.1589, 25.1168], [55.1593, 25.1167], [55.1602, 25.1167], [55.1604, 25.1167], [55.1604, 25.1165], [55.1603, 25.1164], [55.1597, 25.1164], [55.1597, 25.1162], [55.1581, 25.1157], [55.1575, 25.1154], [55.1575, 25.1153], [55.1572, 25.1148], [55.1571, 25.1148], [55.1571, 25.1149], [55.1573, 25.1153], [55.1573, 25.1154], [55.1572, 25.1154], [55.1572, 25.1155], [55.1571, 25.1155], [55.1569, 25.1155], [55.1564, 25.1149], [55.1562, 25.1146], [55.1561, 25.1145], [55.1562, 25.1145], [55.1563, 25.1144], [55.1564, 25.1144], [55.1565, 25.1144], [55.1567, 25.1144], [55.1568, 25.1144], [55.1568, 25.1145]]], [[[55.1587, 25.1176], [55.1588, 25.1175], [55.1588, 25.1174], [55.1588, 25.1173], [55.1588, 25.1172], [55.1588, 25.1171], [55.1587, 25.117], [55.1587, 25.1171], [55.1587, 25.1172], [55.1587, 25.1173], [55.1587, 25.1174], [55.1587, 25.1175], [55.1586, 25.1175], [55.1586, 25.1176], [55.1587, 25.1176]]], [[[55.1534, 25.1188], [55.1536, 25.1188], [55.1538, 25.119], [55.1539, 25.1191], [55.154, 25.1193], [55.1541, 25.1195], [55.1541, 25.1197], [55.1541, 25.12], [55.1538, 25.12], [55.1535, 25.1201], [55.1529, 25.1201], [55.1526, 25.1203], [55.1522, 25.1206], [55.1521, 25.1209], [55.152, 25.1212], [55.152, 25.1216], [55.1521, 25.1224], [55.1523, 25.1238], [55.1524, 25.1245], [55.1521, 25.1267], [55.152, 25.1272], [55.1517, 25.1272], [55.1514, 25.1273], [55.1514, 25.1275], [55.1516, 25.1277], [55.152, 25.1277], [55.1517, 25.1285], [55.1512, 25.13], [55.1511, 25.1305], [55.1508, 25.1304], [55.1506, 25.1305], [55.1506, 25.1308], [55.1508, 25.1309], [55.1502, 25.1321], [55.1497, 25.1331], [55.1489, 25.1345], [55.1482, 25.1352], [55.148, 25.1355], [55.1484, 25.136], [55.1489, 25.1365], [55.1493, 25.1369], [55.1494, 25.1369], [55.1496, 25.137], [55.1497, 25.1369], [55.1507, 25.1359], [55.1515, 25.135], [55.1522, 25.1341], [55.1529, 25.133], [55.1535, 25.1318], [55.1541, 25.1303], [55.1545, 25.129], [55.1547, 25.1276], [55.1549, 25.1258], [55.1549, 25.1225], [55.1546, 25.1207], [55.1543, 25.1194], [55.1543, 25.1192], [55.1541, 25.119], [55.1539, 25.1188], [55.1537, 25.1186], [55.1534, 25.1186], [55.1531, 25.1185], [55.1528, 25.1186], [55.1526, 25.1186], [55.1524, 25.1188], [55.1523, 25.1188], [55.1522, 25.1189], [55.1522, 25.119], [55.1521, 25.119], [55.1521, 25.1191], [55.1521, 25.1192], [55.1522, 25.1192], [55.1523, 25.1192], [55.1524, 25.1192], [55.1524, 25.1191], [55.1524, 25.119], [55.1525, 25.119], [55.1525, 25.1189], [55.1526, 25.1189], [55.1528, 25.1188], [55.1531, 25.1187], [55.1534, 25.1188]]], [[[55.1465, 25.1855], [55.1481, 25.1851], [55.1502, 25.185], [55.1519, 25.1851], [55.1542, 25.1853], [55.1565, 25.1854], [55.158, 25.1853], [55.1591, 25.1852], [55.1604, 25.1852], [55.1618, 25.1852], [55.163, 25.1855], [55.1639, 25.1857], [55.1648, 25.186], [55.1653, 25.1861], [55.1654, 25.1859], [55.1646, 25.1857], [55.1633, 25.1853], [55.1621, 25.185], [55.1606, 25.1849], [55.1589, 25.185], [55.1571, 25.1852], [55.1559, 25.1852], [55.1543, 25.185], [55.152, 25.1848], [55.1503, 25.1847], [55.148, 25.1849], [55.1465, 25.1853], [55.1439, 25.1862], [55.1405, 25.1872], [55.1386, 25.1881], [55.1373, 25.1892], [55.1365, 25.1907], [55.1355, 25.193], [55.1348, 25.1938], [55.135, 25.1939], [55.1357, 25.1931], [55.1368, 25.1908], [55.1377, 25.1892], [55.1388, 25.1882], [55.1405, 25.1874], [55.1439, 25.1864], [55.1465, 25.1855]]], [[[55.1683, 25.1996], [55.1678, 25.1996], [55.1672, 25.2], [55.1668, 25.2006], [55.1666, 25.201], [55.1671, 25.2014], [55.1672, 25.2012], [55.1676, 25.2009], [55.1676, 25.2007], [55.1681, 25.2005], [55.1683, 25.2003], [55.1682, 25.2], [55.1684, 25.1998], [55.1683, 25.1996]]], [[[55.1523, 25.2008], [55.1517, 25.2004], [55.1511, 25.2003], [55.1505, 25.2006], [55.1501, 25.201], [55.15, 25.2017], [55.1502, 25.202], [55.1508, 25.2019], [55.1514, 25.2024], [55.1521, 25.2026], [55.1526, 25.2021], [55.1527, 25.2015], [55.1523, 25.2008]]], [[[55.155, 25.2023], [55.1553, 25.2019], [55.1554, 25.2015], [55.1551, 25.2012], [55.1547, 25.2009], [55.1541, 25.2008], [55.1537, 25.2012], [55.1532, 25.2013], [55.153, 25.2017], [55.153, 25.2022], [55.1541, 25.2025], [55.155, 25.2023]]], [[[55.1652, 25.2018], [55.1648, 25.2015], [55.1643, 25.2013], [55.1638, 25.2014], [55.1636, 25.2016], [55.1635, 25.202], [55.1636, 25.2021], [55.1636, 25.2025], [55.164, 25.2026], [55.1641, 25.2028], [55.1646, 25.2028], [55.1648, 25.2028], [55.1652, 25.2025], [55.1654, 25.2023], [55.1652, 25.2018]]], [[[55.1704, 25.2034], [55.1709, 25.2031], [55.1708, 25.2026], [55.1703, 25.2023], [55.1698, 25.2023], [55.1693, 25.2026], [55.1694, 25.2031], [55.1698, 25.2034], [55.1704, 25.2034]]], [[[55.1617, 25.2038], [55.1624, 25.2038], [55.1626, 25.2034], [55.1626, 25.2027], [55.1617, 25.2023], [55.1609, 25.2026], [55.1607, 25.2033], [55.1617, 25.2038]]], [[[55.1676, 25.2045], [55.1678, 25.2045], [55.1681, 25.2045], [55.1683, 25.2045], [55.1685, 25.2044], [55.1686, 25.2043], [55.1687, 25.2041], [55.1687, 25.2038], [55.1686, 25.2036], [55.1682, 25.2033], [55.1681, 25.2032], [55.1681, 25.2031], [55.1681, 25.2028], [55.1682, 25.2024], [55.1683, 25.2023], [55.1686, 25.2022], [55.1696, 25.2018], [55.17, 25.2016], [55.1701, 25.2014], [55.1704, 25.2008], [55.1706, 25.2006], [55.1708, 25.2005], [55.1712, 25.2004], [55.1713, 25.2003], [55.1714, 25.2002], [55.1716, 25.1996], [55.1718, 25.1993], [55.1721, 25.1991], [55.1722, 25.1991], [55.1725, 25.199], [55.1728, 25.1991], [55.1732, 25.1992], [55.1735, 25.1994], [55.174, 25.1999], [55.1742, 25.2001], [55.1747, 25.2001], [55.1749, 25.2], [55.175, 25.2], [55.1752, 25.1997], [55.1753, 25.1995], [55.1753, 25.1993], [55.1752, 25.1992], [55.1749, 25.199], [55.1748, 25.1989], [55.1748, 25.1986], [55.1747, 25.1985], [55.1745, 25.1983], [55.1743, 25.1982], [55.1738, 25.1981], [55.1734, 25.198], [55.1727, 25.1979], [55.1724, 25.1979], [55.1722, 25.198], [55.1719, 25.1982], [55.1712, 25.199], [55.171, 25.1992], [55.1704, 25.1993], [55.1702, 25.1995], [55.1701, 25.1996], [55.1699, 25.1998], [55.1698, 25.1999], [55.1697, 25.2], [55.1696, 25.2], [55.1695, 25.1998], [55.1695, 25.1997], [55.1693, 25.1997], [55.1692, 25.1998], [55.1694, 25.2], [55.1694, 25.2003], [55.1693, 25.2006], [55.1689, 25.2009], [55.1687, 25.2011], [55.1679, 25.2012], [55.1676, 25.2014], [55.1675, 25.2015], [55.1674, 25.2019], [55.1673, 25.202], [55.1669, 25.2021], [55.1665, 25.2026], [55.1656, 25.2031], [55.1647, 25.2039], [55.1645, 25.204], [55.1641, 25.2041], [55.1639, 25.2042], [55.1638, 25.2044], [55.1637, 25.2048], [55.1636, 25.205], [55.1633, 25.2052], [55.1626, 25.2056], [55.1622, 25.2057], [55.1619, 25.2058], [55.1616, 25.2058], [55.1614, 25.2058], [55.1613, 25.2057], [55.1612, 25.2055], [55.1608, 25.2054], [55.1607, 25.2052], [55.1607, 25.2048], [55.1607, 25.2047], [55.1605, 25.2046], [55.1604, 25.2045], [55.1599, 25.2045], [55.1596, 25.2045], [55.1594, 25.2046], [55.1591, 25.2048], [55.159, 25.205], [55.1589, 25.2051], [55.1588, 25.2053], [55.1588, 25.2055], [55.1589, 25.2058], [55.159, 25.206], [55.1592, 25.2061], [55.16, 25.2066], [55.1607, 25.2069], [55.1613, 25.2071], [55.1619, 25.2072], [55.1624, 25.2073], [55.1627, 25.2073], [55.1634, 25.2072], [55.1637, 25.2072], [55.1638, 25.2072], [55.1641, 25.2074], [55.1647, 25.208], [55.165, 25.2082], [55.1653, 25.2083], [55.1661, 25.2083], [55.1665, 25.2084], [55.1666, 25.2086], [55.167, 25.2093], [55.1672, 25.2095], [55.1674, 25.2095], [55.1677, 25.2095], [55.1679, 25.2095], [55.1682, 25.2094], [55.1684, 25.2092], [55.1686, 25.209], [55.169, 25.208], [55.169, 25.2079], [55.169, 25.2078], [55.1689, 25.2076], [55.1687, 25.2075], [55.1684, 25.2074], [55.1682, 25.2073], [55.1679, 25.2073], [55.1678, 25.2074], [55.1675, 25.2078], [55.1674, 25.2079], [55.167, 25.208], [55.1667, 25.208], [55.1666, 25.2079], [55.1663, 25.2074], [55.1661, 25.2072], [55.1655, 25.2071], [55.1651, 25.2068], [55.165, 25.2068], [55.1646, 25.2068], [55.1644, 25.2068], [55.1642, 25.2067], [55.1641, 25.2065], [55.164, 25.2062], [55.164, 25.2059], [55.1641, 25.2057], [55.1643, 25.2053], [55.1648, 25.205], [55.165, 25.2048], [55.1659, 25.2044], [55.1661, 25.2043], [55.1664, 25.2039], [55.1666, 25.2038], [55.1669, 25.2038], [55.167, 25.2038], [55.1672, 25.2043], [55.1674, 25.2044], [55.1676, 25.2045]]], [[[55.1475, 25.2049], [55.1481, 25.2046], [55.1483, 25.2039], [55.1486, 25.2038], [55.1489, 25.2035], [55.1495, 25.2035], [55.1497, 25.2032], [55.1496, 25.2029], [55.149, 25.2026], [55.1484, 25.2025], [55.148, 25.2034], [55.1472, 25.2034], [55.1468, 25.2036], [55.1465, 25.2041], [55.1466, 25.2047], [55.147, 25.205], [55.1475, 25.2049]]], [[[55.1518, 25.2037], [55.1514, 25.2034], [55.1508, 25.2034], [55.1502, 25.2039], [55.1493, 25.204], [55.1492, 25.2046], [55.1494, 25.2052], [55.1499, 25.2055], [55.1503, 25.2055], [55.151, 25.2054], [55.1515, 25.2051], [55.1519, 25.2046], [55.152, 25.2042], [55.1518, 25.2037]]], [[[55.1694, 25.2037], [55.1693, 25.204], [55.1688, 25.2043], [55.1689, 25.2053], [55.1684, 25.206], [55.1684, 25.2063], [55.1688, 25.2065], [55.1692, 25.2065], [55.1697, 25.2063], [55.1703, 25.2049], [55.1703, 25.2045], [55.1699, 25.2042], [55.1697, 25.2037], [55.1694, 25.2037]]], [[[55.1663, 25.2067], [55.1667, 25.2067], [55.1674, 25.2063], [55.1678, 25.2056], [55.1676, 25.2053], [55.167, 25.2053], [55.1665, 25.2049], [55.1656, 25.2049], [55.1652, 25.2056], [55.1655, 25.2061], [55.166, 25.2062], [55.1663, 25.2067]]], [[[55.1577, 25.2067], [55.1582, 25.207], [55.1586, 25.2066], [55.1588, 25.2065], [55.1584, 25.2064], [55.1581, 25.2062], [55.1578, 25.2061], [55.1573, 25.206], [55.1573, 25.2061], [55.1572, 25.2063], [55.1574, 25.2065], [55.1577, 25.2067]]], [[[55.1511, 25.2061], [55.1509, 25.2062], [55.1505, 25.2065], [55.1503, 25.2066], [55.15, 25.2067], [55.1494, 25.2066], [55.1492, 25.2067], [55.1489, 25.207], [55.1488, 25.2072], [55.1487, 25.2075], [55.1488, 25.2078], [55.149, 25.2081], [55.1493, 25.2082], [55.1498, 25.2081], [55.1503, 25.2083], [55.1505, 25.2082], [55.1508, 25.2081], [55.1509, 25.208], [55.1512, 25.2076], [55.1514, 25.2074], [55.1516, 25.2074], [55.1521, 25.2073], [55.1522, 25.2072], [55.1523, 25.2068], [55.1523, 25.2066], [55.1521, 25.2063], [55.1518, 25.2062], [55.1515, 25.2061], [55.1511, 25.2061]]], [[[55.1609, 25.2085], [55.161, 25.2083], [55.1611, 25.2081], [55.1611, 25.2079], [55.161, 25.2079], [55.1607, 25.2078], [55.1606, 25.2077], [55.1603, 25.2074], [55.1602, 25.2075], [55.1598, 25.2079], [55.1599, 25.2083], [55.1602, 25.2086], [55.1603, 25.2086], [55.1605, 25.2087], [55.1608, 25.2086], [55.1609, 25.2085]]], [[[55.1523, 25.2073], [55.1522, 25.2074], [55.152, 25.2075], [55.1519, 25.2077], [55.1519, 25.2079], [55.1519, 25.2082], [55.152, 25.2084], [55.1523, 25.2087], [55.1524, 25.2089], [55.1523, 25.209], [55.1521, 25.2092], [55.1521, 25.2093], [55.152, 25.2096], [55.1521, 25.2099], [55.1522, 25.2101], [55.1524, 25.2102], [55.1526, 25.2104], [55.1529, 25.2104], [55.1532, 25.2104], [55.1535, 25.2103], [55.1537, 25.21], [55.1539, 25.2097], [55.1538, 25.2095], [55.1535, 25.2091], [55.1534, 25.2089], [55.1535, 25.2088], [55.1538, 25.2085], [55.1539, 25.2084], [55.154, 25.2081], [55.1539, 25.2078], [55.1538, 25.2076], [55.1537, 25.2074], [55.1534, 25.2072], [55.1532, 25.2071], [55.1528, 25.2071], [55.1526, 25.2072], [55.1523, 25.2073]]], [[[55.1498, 25.2103], [55.15, 25.2102], [55.1502, 25.21], [55.1503, 25.2099], [55.1504, 25.2097], [55.1503, 25.2093], [55.1502, 25.2092], [55.1501, 25.2092], [55.1499, 25.2092], [55.1497, 25.2092], [55.1493, 25.209], [55.1491, 25.209], [55.1488, 25.2091], [55.1485, 25.2092], [55.1483, 25.2094], [55.1482, 25.2096], [55.1482, 25.2099], [55.1483, 25.2102], [55.1486, 25.2104], [55.1488, 25.2105], [55.1491, 25.2105], [55.1493, 25.2105], [55.1498, 25.2103]]], [[[55.1511, 25.2119], [55.1511, 25.2118], [55.151, 25.2113], [55.151, 25.2111], [55.1511, 25.2109], [55.1513, 25.2106], [55.1513, 25.2105], [55.1512, 25.2104], [55.1511, 25.2103], [55.1508, 25.2102], [55.1504, 25.2101], [55.1501, 25.2102], [55.1499, 25.2103], [55.1497, 25.2105], [55.1495, 25.2108], [55.1495, 25.2111], [55.1495, 25.2113], [55.1496, 25.2118], [55.1497, 25.2121], [55.1499, 25.2123], [55.15, 25.2124], [55.1503, 25.2124], [55.1507, 25.2123], [55.151, 25.2121], [55.1511, 25.2119]]], [[[55.1539, 25.212], [55.1541, 25.2118], [55.1541, 25.2115], [55.1541, 25.2113], [55.1541, 25.2111], [55.1539, 25.211], [55.1535, 25.2107], [55.1531, 25.2106], [55.1527, 25.2106], [55.1522, 25.2107], [55.152, 25.2108], [55.1519, 25.211], [55.1517, 25.2112], [55.1517, 25.2114], [55.1516, 25.2117], [55.1517, 25.2119], [55.1518, 25.212], [55.1521, 25.2122], [55.1524, 25.2123], [55.1527, 25.2124], [55.1529, 25.2124], [55.1532, 25.2124], [55.1537, 25.2122], [55.1539, 25.212]]], [[[55.1687, 25.2134], [55.1688, 25.2138], [55.1692, 25.2142], [55.1694, 25.2143], [55.1695, 25.2144], [55.1696, 25.2144], [55.1699, 25.2141], [55.1703, 25.2142], [55.1704, 25.2141], [55.1706, 25.214], [55.1706, 25.2136], [55.1706, 25.2134], [55.1706, 25.2132], [55.1704, 25.2127], [55.1701, 25.2124], [55.1699, 25.2123], [55.1697, 25.2122], [55.1693, 25.2122], [55.1691, 25.2122], [55.1689, 25.2123], [55.1688, 25.2124], [55.1687, 25.2126], [55.1686, 25.213], [55.1687, 25.2134]]], [[[55.1547, 25.214], [55.1548, 25.2139], [55.1549, 25.2138], [55.1548, 25.2136], [55.1547, 25.2133], [55.1545, 25.2131], [55.1543, 25.213], [55.1539, 25.2129], [55.1537, 25.2129], [55.1535, 25.2129], [55.1534, 25.213], [55.1531, 25.2134], [55.1526, 25.2136], [55.1525, 25.2137], [55.1525, 25.2139], [55.1525, 25.214], [55.1529, 25.2142], [55.153, 25.2145], [55.1531, 25.2146], [55.1532, 25.2146], [55.1534, 25.2146], [55.1541, 25.2144], [55.1545, 25.2142], [55.1547, 25.214]]], [[[55.1503, 25.2152], [55.1509, 25.2152], [55.1512, 25.2151], [55.1514, 25.215], [55.1517, 25.2148], [55.1519, 25.2145], [55.1521, 25.2142], [55.1522, 25.2139], [55.1521, 25.2137], [55.1521, 25.2136], [55.1517, 25.2135], [55.1515, 25.2133], [55.1513, 25.2133], [55.151, 25.2133], [55.1508, 25.2134], [55.1503, 25.2138], [55.1501, 25.2139], [55.1495, 25.214], [55.1492, 25.2141], [55.149, 25.2142], [55.1489, 25.2144], [55.1489, 25.2146], [55.1489, 25.2148], [55.1491, 25.215], [55.1494, 25.2151], [55.1503, 25.2152]]], [[[55.167, 25.2171], [55.167, 25.2173], [55.1671, 25.2176], [55.1672, 25.2178], [55.1674, 25.2179], [55.1678, 25.2179], [55.1678, 25.218], [55.1678, 25.2181], [55.1675, 25.218], [55.1674, 25.218], [55.1672, 25.218], [55.1668, 25.2181], [55.1666, 25.2181], [55.1665, 25.2181], [55.1664, 25.218], [55.1664, 25.2177], [55.1663, 25.2176], [55.1661, 25.2176], [55.1658, 25.2177], [55.1658, 25.2176], [55.1659, 25.2167], [55.166, 25.2165], [55.1661, 25.2164], [55.1667, 25.2164], [55.1668, 25.2163], [55.1671, 25.2161], [55.1673, 25.216], [55.1676, 25.216], [55.1679, 25.2161], [55.168, 25.2161], [55.1683, 25.2165], [55.1684, 25.2165], [55.1687, 25.2165], [55.1689, 25.2165], [55.169, 25.2163], [55.169, 25.2159], [55.169, 25.2158], [55.1688, 25.2154], [55.1688, 25.2153], [55.169, 25.2148], [55.169, 25.2147], [55.1688, 25.2145], [55.1686, 25.2144], [55.1684, 25.2143], [55.1681, 25.2143], [55.1678, 25.2144], [55.1674, 25.2145], [55.1672, 25.2146], [55.167, 25.2149], [55.1666, 25.2154], [55.1665, 25.2155], [55.1662, 25.2155], [55.1659, 25.2154], [55.1658, 25.2153], [55.1656, 25.215], [55.1655, 25.215], [55.1652, 25.215], [55.1649, 25.2152], [55.1647, 25.2154], [55.1643, 25.2164], [55.1642, 25.2166], [55.1642, 25.2168], [55.1644, 25.2171], [55.1644, 25.2175], [55.1645, 25.2176], [55.1647, 25.2178], [55.1651, 25.2179], [55.1654, 25.2179], [55.1657, 25.2179], [55.1657, 25.218], [55.1656, 25.2182], [55.1657, 25.2184], [55.1659, 25.2194], [55.1661, 25.2197], [55.1662, 25.2198], [55.1664, 25.22], [55.1668, 25.22], [55.167, 25.2203], [55.1671, 25.2204], [55.1672, 25.2203], [55.1675, 25.2202], [55.1677, 25.2199], [55.1677, 25.2198], [55.1675, 25.2195], [55.1675, 25.2193], [55.1676, 25.2192], [55.1679, 25.219], [55.168, 25.2189], [55.168, 25.2186], [55.1682, 25.2187], [55.1683, 25.2185], [55.1684, 25.2187], [55.1686, 25.2187], [55.1687, 25.2188], [55.169, 25.2186], [55.1695, 25.2186], [55.1697, 25.2185], [55.1701, 25.2182], [55.1703, 25.2181], [55.1706, 25.2181], [55.1713, 25.2183], [55.1714, 25.2182], [55.1715, 25.2182], [55.1716, 25.218], [55.1716, 25.2175], [55.1716, 25.2172], [55.1714, 25.2168], [55.1712, 25.2165], [55.171, 25.2163], [55.1706, 25.2161], [55.1704, 25.216], [55.1701, 25.216], [55.1699, 25.2161], [55.1698, 25.2163], [55.1696, 25.2168], [55.1694, 25.217], [55.1693, 25.217], [55.169, 25.217], [55.1687, 25.2168], [55.1683, 25.2169], [55.1681, 25.2169], [55.1679, 25.2166], [55.1678, 25.2166], [55.1675, 25.2166], [55.1672, 25.2167], [55.1671, 25.2169], [55.167, 25.2171]]], [[[55.1505, 25.2203], [55.1505, 25.2206], [55.1506, 25.2207], [55.1508, 25.2208], [55.1509, 25.2208], [55.151, 25.2208], [55.1512, 25.2205], [55.1516, 25.2205], [55.1516, 25.2204], [55.1516, 25.2201], [55.1517, 25.22], [55.152, 25.2199], [55.152, 25.2198], [55.152, 25.2196], [55.152, 25.2195], [55.1523, 25.2193], [55.1524, 25.2192], [55.1524, 25.219], [55.1524, 25.2189], [55.1523, 25.2186], [55.1521, 25.2185], [55.1516, 25.2184], [55.1512, 25.2183], [55.1509, 25.2184], [55.1506, 25.2186], [55.1504, 25.2189], [55.1504, 25.219], [55.1504, 25.2195], [55.1503, 25.2198], [55.1502, 25.2199], [55.1505, 25.2203]]], [[[55.1493, 25.2199], [55.1496, 25.2195], [55.1497, 25.2193], [55.1496, 25.219], [55.1494, 25.2188], [55.1493, 25.2188], [55.1491, 25.2188], [55.1487, 25.2189], [55.1485, 25.219], [55.1481, 25.2192], [55.1479, 25.2193], [55.1478, 25.2195], [55.1476, 25.2199], [55.1476, 25.2203], [55.1477, 25.2206], [55.1477, 25.2207], [55.148, 25.221], [55.1483, 25.2211], [55.1487, 25.2211], [55.149, 25.2209], [55.1492, 25.2207], [55.1493, 25.2205], [55.1493, 25.2199]]], [[[55.1638, 25.2205], [55.1638, 25.2199], [55.1638, 25.2197], [55.1638, 25.2196], [55.1634, 25.2194], [55.1633, 25.2193], [55.1631, 25.2189], [55.163, 25.2188], [55.1628, 25.2188], [55.1626, 25.2188], [55.1623, 25.2189], [55.1621, 25.219], [55.1618, 25.2192], [55.1615, 25.2194], [55.1614, 25.2196], [55.1613, 25.2198], [55.1613, 25.22], [55.1615, 25.2204], [55.1618, 25.2209], [55.1619, 25.2211], [55.1618, 25.2214], [55.1616, 25.222], [55.1616, 25.2224], [55.1616, 25.2227], [55.1617, 25.223], [55.1619, 25.2232], [55.1622, 25.2234], [55.1625, 25.2235], [55.1628, 25.2234], [55.1631, 25.2233], [55.1635, 25.2228], [55.1636, 25.2228], [55.1638, 25.2228], [55.164, 25.2227], [55.1641, 25.2225], [55.1641, 25.2223], [55.1641, 25.2222], [55.1641, 25.2221], [55.1639, 25.2217], [55.1637, 25.2217], [55.1632, 25.2215], [55.1631, 25.2214], [55.1631, 25.2212], [55.1632, 25.221], [55.1633, 25.2209], [55.1637, 25.2208], [55.1638, 25.2207], [55.1638, 25.2205]]], [[[55.1645, 25.2212], [55.1646, 25.2216], [55.1646, 25.2218], [55.1645, 25.2219], [55.1643, 25.2221], [55.1643, 25.2222], [55.1643, 25.2223], [55.1643, 25.2224], [55.1643, 25.2225], [55.1641, 25.2227], [55.164, 25.2228], [55.1641, 25.223], [55.1642, 25.2232], [55.1646, 25.2234], [55.1649, 25.2235], [55.1651, 25.2235], [55.1652, 25.2234], [55.1655, 25.223], [55.1658, 25.2229], [55.1659, 25.2228], [55.1659, 25.2227], [55.166, 25.2226], [55.166, 25.2223], [55.1659, 25.222], [55.1658, 25.2215], [55.1657, 25.2213], [55.1656, 25.2211], [55.1655, 25.221], [55.1653, 25.2209], [55.1651, 25.2208], [55.165, 25.2208], [55.1648, 25.2209], [55.1646, 25.2209], [55.1646, 25.221], [55.1645, 25.2212]]], [[[55.1495, 25.2231], [55.1497, 25.2232], [55.15, 25.2233], [55.1502, 25.2233], [55.1504, 25.2233], [55.1506, 25.2232], [55.1508, 25.2231], [55.1509, 25.2229], [55.1511, 25.2226], [55.1512, 25.2224], [55.1514, 25.2221], [55.1514, 25.2219], [55.1514, 25.2217], [55.1514, 25.2215], [55.1513, 25.2213], [55.1512, 25.2212], [55.151, 25.2211], [55.1508, 25.221], [55.1505, 25.221], [55.1502, 25.2211], [55.1499, 25.2213], [55.1496, 25.2215], [55.1495, 25.222], [55.1495, 25.2221], [55.1492, 25.2224], [55.1492, 25.2225], [55.1492, 25.2227], [55.1493, 25.2229], [55.1495, 25.2231]]], [[[55.1647, 25.2245], [55.1646, 25.2246], [55.1645, 25.2246], [55.1644, 25.2247], [55.1642, 25.2247], [55.1639, 25.2245], [55.1638, 25.2245], [55.1636, 25.2246], [55.1634, 25.2247], [55.1633, 25.2248], [55.1633, 25.225], [55.1634, 25.2254], [55.1635, 25.2257], [55.1636, 25.2259], [55.1638, 25.226], [55.164, 25.2262], [55.1642, 25.2262], [55.1644, 25.2263], [55.1647, 25.2262], [55.1648, 25.2261], [55.165, 25.2259], [55.165, 25.2257], [55.165, 25.2254], [55.1651, 25.2253], [55.1652, 25.2253], [55.1653, 25.2253], [55.1659, 25.2256], [55.166, 25.2256], [55.1662, 25.2256], [55.1663, 25.2254], [55.1664, 25.2252], [55.1664, 25.225], [55.1662, 25.2247], [55.1662, 25.2245], [55.1663, 25.2245], [55.1667, 25.2247], [55.1669, 25.2247], [55.1671, 25.2246], [55.1673, 25.2245], [55.1674, 25.2243], [55.1675, 25.2241], [55.1675, 25.2239], [55.1675, 25.2236], [55.1674, 25.2232], [55.1673, 25.223], [55.1672, 25.2229], [55.167, 25.2228], [55.1668, 25.2228], [55.1666, 25.2229], [55.1664, 25.223], [55.1663, 25.2232], [55.1662, 25.2233], [55.1662, 25.2239], [55.1662, 25.224], [55.1662, 25.2241], [55.166, 25.2241], [55.1656, 25.2241], [55.1653, 25.2238], [55.1651, 25.2237], [55.165, 25.2238], [55.1647, 25.224], [55.1647, 25.2241], [55.1647, 25.2245]]], [[[55.1673, 25.2272], [55.1674, 25.227], [55.1676, 25.227], [55.1677, 25.227], [55.168, 25.2272], [55.1682, 25.2272], [55.1683, 25.2271], [55.1684, 25.2266], [55.1685, 25.2265], [55.1687, 25.2265], [55.1689, 25.2266], [55.1691, 25.2269], [55.1692, 25.227], [55.1694, 25.227], [55.1696, 25.227], [55.1697, 25.227], [55.1698, 25.2269], [55.1699, 25.2268], [55.17, 25.2265], [55.17, 25.2261], [55.1701, 25.2263], [55.1702, 25.2264], [55.1705, 25.2265], [55.1707, 25.2266], [55.171, 25.2265], [55.1711, 25.2264], [55.1713, 25.2262], [55.1715, 25.2261], [55.1717, 25.2261], [55.1719, 25.2262], [55.172, 25.2262], [55.1721, 25.2263], [55.1722, 25.2266], [55.1722, 25.2267], [55.1724, 25.2267], [55.1726, 25.2267], [55.1729, 25.2266], [55.173, 25.2265], [55.1731, 25.2264], [55.1731, 25.2261], [55.1732, 25.226], [55.1733, 25.2258], [55.1735, 25.2258], [55.1736, 25.2258], [55.1737, 25.2258], [55.1739, 25.226], [55.174, 25.2261], [55.1742, 25.2261], [55.1744, 25.226], [55.1746, 25.2259], [55.1747, 25.2258], [55.1748, 25.2256], [55.1748, 25.2253], [55.1748, 25.2251], [55.1748, 25.225], [55.1747, 25.2249], [55.1746, 25.2248], [55.1743, 25.2246], [55.174, 25.2246], [55.1736, 25.2247], [55.1734, 25.2249], [55.1732, 25.2251], [55.173, 25.2252], [55.173, 25.2251], [55.1728, 25.2248], [55.1726, 25.2246], [55.1725, 25.2245], [55.1722, 25.2245], [55.1718, 25.2248], [55.1716, 25.2248], [55.1714, 25.2248], [55.1712, 25.2245], [55.171, 25.2245], [55.1709, 25.2245], [55.1707, 25.2245], [55.1704, 25.2247], [55.1702, 25.225], [55.17, 25.2253], [55.1699, 25.2258], [55.1699, 25.2257], [55.1697, 25.2255], [55.1695, 25.2252], [55.1693, 25.2251], [55.1691, 25.2251], [55.1689, 25.2252], [55.1688, 25.2252], [55.1689, 25.2255], [55.1688, 25.2255], [55.1686, 25.2256], [55.1685, 25.2256], [55.1681, 25.2254], [55.1678, 25.2254], [55.1675, 25.2255], [55.1674, 25.2256], [55.1671, 25.2261], [55.1669, 25.2262], [55.1668, 25.2262], [55.1663, 25.2262], [55.1662, 25.2262], [55.1661, 25.2262], [55.166, 25.2264], [55.1661, 25.2266], [55.1661, 25.2267], [55.166, 25.2268], [55.1657, 25.227], [55.1656, 25.2271], [55.1656, 25.2272], [55.1656, 25.2275], [55.1658, 25.228], [55.1659, 25.2282], [55.1661, 25.2284], [55.1663, 25.2285], [55.1666, 25.2286], [55.1669, 25.2286], [55.1671, 25.2285], [55.1673, 25.2283], [55.1674, 25.228], [55.1673, 25.2279], [55.1672, 25.2274], [55.1673, 25.2272]]], [[[55.1594, 25.2283], [55.1595, 25.2284], [55.1596, 25.2284], [55.1598, 25.2283], [55.1599, 25.2282], [55.16, 25.2281], [55.16, 25.2279], [55.1601, 25.2277], [55.1601, 25.2276], [55.16, 25.2275], [55.1599, 25.2275], [55.1597, 25.2275], [55.1596, 25.2276], [55.1595, 25.2278], [55.1594, 25.228], [55.1594, 25.2281], [55.1594, 25.2283]]], [[[55.1701, 25.2286], [55.1703, 25.2284], [55.1703, 25.2282], [55.1703, 25.2279], [55.1702, 25.2278], [55.1701, 25.2277], [55.17, 25.2276], [55.1695, 25.2275], [55.1691, 25.2274], [55.1689, 25.2275], [55.1685, 25.2276], [55.1683, 25.2277], [55.1682, 25.228], [55.1682, 25.2282], [55.1682, 25.2285], [55.1683, 25.2286], [55.1684, 25.2287], [55.1686, 25.2288], [55.1688, 25.2288], [55.1693, 25.2289], [55.1696, 25.2288], [55.1698, 25.2288], [55.17, 25.2287], [55.1701, 25.2286]]], [[[55.1574, 25.2291], [55.1573, 25.2299], [55.1578, 25.2302], [55.1584, 25.23], [55.1581, 25.2292], [55.1588, 25.2286], [55.1586, 25.2279], [55.158, 25.2275], [55.1574, 25.2282], [55.1574, 25.2291]]], [[[55.1667, 25.2298], [55.1667, 25.23], [55.1668, 25.2302], [55.1669, 25.2304], [55.167, 25.2305], [55.1672, 25.2307], [55.1674, 25.2307], [55.1676, 25.2307], [55.1679, 25.2307], [55.1681, 25.2307], [55.1683, 25.2306], [55.1685, 25.2305], [55.1687, 25.2304], [55.1688, 25.2302], [55.1688, 25.2301], [55.1689, 25.2299], [55.1689, 25.2296], [55.1688, 25.2294], [55.1687, 25.2292], [55.1686, 25.229], [55.1684, 25.2288], [55.1682, 25.2287], [55.168, 25.2286], [55.1678, 25.2286], [55.1676, 25.2286], [55.1674, 25.2287], [55.1672, 25.2287], [55.167, 25.2289], [55.1669, 25.2291], [55.1668, 25.2292], [55.1667, 25.2294], [55.1667, 25.2298]]], [[[55.1708, 25.232], [55.171, 25.2318], [55.1711, 25.2316], [55.1712, 25.2314], [55.1712, 25.2311], [55.1711, 25.2309], [55.1709, 25.2307], [55.1707, 25.2306], [55.1703, 25.2305], [55.1698, 25.2302], [55.1697, 25.2301], [55.1694, 25.2302], [55.1691, 25.2304], [55.169, 25.2305], [55.1689, 25.2308], [55.1689, 25.231], [55.169, 25.2312], [55.1691, 25.2313], [55.1695, 25.2315], [55.1697, 25.2316], [55.1698, 25.2319], [55.1698, 25.2322], [55.1697, 25.2323], [55.1695, 25.2325], [55.1694, 25.2325], [55.1689, 25.2325], [55.1688, 25.2326], [55.1687, 25.2327], [55.1686, 25.2333], [55.1685, 25.2335], [55.1682, 25.2338], [55.1677, 25.2341], [55.1675, 25.2342], [55.1672, 25.2343], [55.1664, 25.2343], [55.1661, 25.2342], [55.1652, 25.2339], [55.1648, 25.2339], [55.1645, 25.234], [55.1639, 25.2343], [55.1636, 25.2344], [55.1631, 25.2343], [55.1627, 25.2341], [55.1623, 25.2338], [55.1622, 25.2336], [55.1621, 25.2334], [55.1621, 25.2331], [55.1621, 25.233], [55.1622, 25.2329], [55.1628, 25.2328], [55.163, 25.2327], [55.1631, 25.2325], [55.1631, 25.2323], [55.1631, 25.232], [55.163, 25.2318], [55.1628, 25.2314], [55.1627, 25.2312], [55.1625, 25.2311], [55.1624, 25.2311], [55.1619, 25.2312], [55.1618, 25.2312], [55.1616, 25.2309], [55.1614, 25.231], [55.1614, 25.2309], [55.1615, 25.2307], [55.1616, 25.2306], [55.1619, 25.2305], [55.1624, 25.2304], [55.1631, 25.2305], [55.1633, 25.2305], [55.1639, 25.2302], [55.1643, 25.2302], [55.1646, 25.2302], [55.1647, 25.2302], [55.1648, 25.2304], [55.1648, 25.2305], [55.1649, 25.2307], [55.1648, 25.2307], [55.1644, 25.2309], [55.1642, 25.2312], [55.1641, 25.2315], [55.1641, 25.2317], [55.1641, 25.2319], [55.1642, 25.2321], [55.1643, 25.2323], [55.1644, 25.2324], [55.1646, 25.2326], [55.1647, 25.2326], [55.1651, 25.2326], [55.1655, 25.2325], [55.1659, 25.2323], [55.1663, 25.2321], [55.1665, 25.2318], [55.1667, 25.2315], [55.1667, 25.2313], [55.1666, 25.231], [55.1666, 25.2308], [55.1664, 25.2305], [55.1662, 25.2304], [55.1659, 25.2303], [55.1654, 25.2303], [55.1658, 25.2301], [55.1659, 25.23], [55.1659, 25.2298], [55.1661, 25.2297], [55.166, 25.2294], [55.1663, 25.2292], [55.1663, 25.2291], [55.1663, 25.2289], [55.1662, 25.2288], [55.1661, 25.2288], [55.1656, 25.2288], [55.1654, 25.2288], [55.1649, 25.2292], [55.1646, 25.2293], [55.164, 25.2295], [55.1628, 25.2296], [55.1623, 25.2296], [55.1619, 25.2296], [55.1616, 25.2295], [55.1614, 25.2294], [55.1613, 25.2293], [55.1612, 25.2291], [55.1611, 25.2289], [55.1612, 25.2288], [55.1613, 25.2288], [55.1616, 25.2287], [55.1618, 25.2287], [55.162, 25.2284], [55.1621, 25.2284], [55.1623, 25.2284], [55.1625, 25.2284], [55.1628, 25.2288], [55.1629, 25.2288], [55.1632, 25.2288], [55.1634, 25.2287], [55.1635, 25.2285], [55.1637, 25.2281], [55.1638, 25.2279], [55.1639, 25.2277], [55.1643, 25.2274], [55.1644, 25.2273], [55.1645, 25.2271], [55.1645, 25.2268], [55.1643, 25.2266], [55.1641, 25.2265], [55.1639, 25.2264], [55.1636, 25.2264], [55.1633, 25.2264], [55.1631, 25.2265], [55.1629, 25.227], [55.1627, 25.2271], [55.1624, 25.2271], [55.1622, 25.2271], [55.162, 25.227], [55.1619, 25.2269], [55.1619, 25.2267], [55.1619, 25.2265], [55.1619, 25.226], [55.1619, 25.2259], [55.1617, 25.2255], [55.1618, 25.2254], [55.1622, 25.2256], [55.1624, 25.2256], [55.1625, 25.2254], [55.1628, 25.2253], [55.1629, 25.2252], [55.163, 25.2249], [55.1631, 25.2245], [55.163, 25.2242], [55.1629, 25.2239], [55.1626, 25.2237], [55.1624, 25.2236], [55.1621, 25.2236], [55.1617, 25.2238], [55.1615, 25.2238], [55.1614, 25.2237], [55.161, 25.2235], [55.1606, 25.2235], [55.1605, 25.2234], [55.1605, 25.223], [55.1605, 25.2228], [55.1604, 25.2226], [55.1602, 25.2225], [55.16, 25.2225], [55.1596, 25.2225], [55.1595, 25.2225], [55.1594, 25.2225], [55.1591, 25.2222], [55.1588, 25.2221], [55.1587, 25.2221], [55.1585, 25.2222], [55.1584, 25.2223], [55.1582, 25.2225], [55.1582, 25.2226], [55.1581, 25.2229], [55.1581, 25.223], [55.1582, 25.2231], [55.1583, 25.2231], [55.1586, 25.2231], [55.1587, 25.2231], [55.1588, 25.2234], [55.1591, 25.2235], [55.1594, 25.2239], [55.1595, 25.2239], [55.1599, 25.2239], [55.1605, 25.2242], [55.161, 25.2241], [55.1612, 25.2243], [55.1613, 25.2245], [55.1613, 25.2246], [55.1613, 25.2248], [55.161, 25.2251], [55.1609, 25.2251], [55.1603, 25.2252], [55.16, 25.2255], [55.1599, 25.2256], [55.1598, 25.2259], [55.1599, 25.2259], [55.1601, 25.2258], [55.1601, 25.2259], [55.1603, 25.2265], [55.1604, 25.2271], [55.1603, 25.2275], [55.1603, 25.2278], [55.1601, 25.2285], [55.16, 25.2287], [55.1599, 25.2293], [55.1601, 25.2303], [55.1602, 25.2317], [55.1602, 25.2322], [55.1596, 25.232], [55.1594, 25.2324], [55.1598, 25.233], [55.1603, 25.233], [55.1604, 25.2335], [55.1609, 25.2352], [55.161, 25.2356], [55.1612, 25.2361], [55.1614, 25.2365], [55.1616, 25.2369], [55.1618, 25.2373], [55.162, 25.2376], [55.1622, 25.2377], [55.1625, 25.2376], [55.163, 25.2376], [55.1636, 25.2376], [55.1641, 25.2377], [55.1644, 25.2377], [55.1643, 25.2372], [55.1642, 25.2369], [55.1642, 25.2365], [55.1643, 25.2362], [55.1643, 25.2357], [55.165, 25.2355], [55.1655, 25.2353], [55.1656, 25.235], [55.1657, 25.2348], [55.1658, 25.2346], [55.1663, 25.2347], [55.1669, 25.2348], [55.1673, 25.2349], [55.1674, 25.2355], [55.1675, 25.2358], [55.1677, 25.2361], [55.1681, 25.2363], [55.1686, 25.2363], [55.169, 25.2361], [55.1689, 25.2356], [55.1684, 25.2352], [55.1686, 25.2348], [55.1689, 25.2346], [55.1691, 25.2344], [55.1693, 25.2343], [55.1699, 25.2343], [55.1701, 25.2342], [55.1702, 25.234], [55.1704, 25.2337], [55.1704, 25.2334], [55.1703, 25.2332], [55.1701, 25.2326], [55.1701, 25.2324], [55.1702, 25.2322], [55.1708, 25.232]]], [[[55.1687, 25.2324], [55.1688, 25.2321], [55.1687, 25.232], [55.1686, 25.2318], [55.1685, 25.2317], [55.1683, 25.2316], [55.1682, 25.2315], [55.168, 25.2315], [55.1677, 25.2315], [55.1674, 25.2316], [55.1671, 25.2318], [55.167, 25.2319], [55.1669, 25.2323], [55.1668, 25.2325], [55.1667, 25.2326], [55.1664, 25.2328], [55.1663, 25.233], [55.1662, 25.2332], [55.1662, 25.2334], [55.1663, 25.2336], [55.1664, 25.2337], [55.1666, 25.2338], [55.1668, 25.2338], [55.167, 25.2338], [55.167, 25.2337], [55.1673, 25.2332], [55.1674, 25.2331], [55.1676, 25.233], [55.1679, 25.233], [55.1681, 25.233], [55.1683, 25.2329], [55.1685, 25.2327], [55.1686, 25.2326], [55.1687, 25.2324]]], [[[55.1572, 25.2333], [55.1575, 25.2336], [55.1578, 25.2332], [55.1577, 25.2323], [55.1576, 25.2318], [55.1569, 25.2319], [55.1567, 25.2325], [55.1572, 25.2333]]], [[[55.1656, 25.2376], [55.1669, 25.2374], [55.1671, 25.2371], [55.1671, 25.2364], [55.1667, 25.2359], [55.1662, 25.2358], [55.1654, 25.2358], [55.1651, 25.2361], [55.165, 25.2365], [55.1651, 25.237], [55.1653, 25.2374], [55.1656, 25.2376]]], [[[55.168, 25.2385], [55.1688, 25.2385], [55.1701, 25.2383], [55.1706, 25.2378], [55.1705, 25.2373], [55.1702, 25.237], [55.1696, 25.2368], [55.1691, 25.2371], [55.1688, 25.2374], [55.1678, 25.2375], [55.1675, 25.2378], [55.167, 25.238], [55.1669, 25.2384], [55.167, 25.2386], [55.1673, 25.2388], [55.168, 25.2385]]], [[[55.1582, 25.2419], [55.1586, 25.2417], [55.1585, 25.2407], [55.1584, 25.24], [55.1586, 25.2391], [55.1589, 25.2386], [55.1594, 25.2383], [55.1597, 25.2378], [55.1607, 25.2373], [55.1603, 25.2369], [55.1595, 25.237], [55.1586, 25.2382], [55.1582, 25.2384], [55.1577, 25.2388], [55.1575, 25.2397], [55.1576, 25.2412], [55.1582, 25.2419]]], [[[55.1664, 25.2391], [55.1657, 25.2388], [55.1656, 25.2385], [55.1653, 25.2385], [55.165, 25.2387], [55.165, 25.2389], [55.165, 25.2398], [55.1649, 25.2401], [55.1649, 25.2403], [55.165, 25.2405], [55.165, 25.2408], [55.1651, 25.241], [55.1653, 25.2412], [55.1656, 25.2414], [55.1658, 25.2414], [55.1663, 25.241], [55.1665, 25.2405], [55.1667, 25.2402], [55.1667, 25.24], [55.1666, 25.2393], [55.1664, 25.2391]]], [[[55.1624, 25.2386], [55.1631, 25.2421], [55.1632, 25.2421], [55.1646, 25.2421], [55.1646, 25.2414], [55.1646, 25.2395], [55.1646, 25.2385], [55.1624, 25.2386]]], [[[55.1687, 25.2423], [55.1677, 25.2422], [55.1667, 25.2426], [55.1666, 25.243], [55.1668, 25.2438], [55.1675, 25.2442], [55.1679, 25.2443], [55.1687, 25.2442], [55.1693, 25.2438], [55.1694, 25.2431], [55.1687, 25.2423]]], [[[55.1645, 25.2432], [55.1638, 25.2431], [55.1634, 25.2434], [55.1635, 25.2442], [55.1637, 25.2443], [55.1643, 25.2443], [55.1646, 25.2442], [55.1646, 25.2432], [55.1645, 25.2432]]], [[[55.1696, 25.2443], [55.1694, 25.2449], [55.1697, 25.2453], [55.1702, 25.2455], [55.1707, 25.2451], [55.171, 25.2445], [55.1708, 25.2441], [55.1704, 25.244], [55.1699, 25.244], [55.1696, 25.2443]]], [[[55.1601, 25.2433], [55.1596, 25.2438], [55.1592, 25.2453], [55.1597, 25.2465], [55.1605, 25.2463], [55.1615, 25.2457], [55.1616, 25.2457], [55.1617, 25.2457], [55.1623, 25.2455], [55.1622, 25.2447], [55.1622, 25.2445], [55.162, 25.2443], [55.1618, 25.2439], [55.1611, 25.2437], [55.1601, 25.2433]]], [[[55.1684, 25.2475], [55.1691, 25.2467], [55.1691, 25.2466], [55.1688, 25.246], [55.168, 25.246], [55.1677, 25.2465], [55.1658, 25.2459], [55.1654, 25.2453], [55.1651, 25.245], [55.1649, 25.2446], [55.1644, 25.2447], [55.1641, 25.2453], [55.1641, 25.2454], [55.1655, 25.2473], [55.1655, 25.2474], [55.1656, 25.2473], [55.1659, 25.2478], [55.1661, 25.2484], [55.167, 25.2485], [55.1676, 25.2483], [55.1684, 25.2475]]], [[[55.1643, 25.2468], [55.1642, 25.2465], [55.1636, 25.2466], [55.163, 25.2465], [55.1623, 25.2468], [55.162, 25.2471], [55.162, 25.2477], [55.1623, 25.2482], [55.1629, 25.2481], [55.1634, 25.2475], [55.1643, 25.2468]]], [[[55.1681, 25.2516], [55.1677, 25.252], [55.1677, 25.2527], [55.168, 25.2536], [55.1688, 25.2559], [55.1702, 25.2565], [55.1713, 25.2571], [55.1726, 25.2566], [55.1727, 25.2558], [55.1719, 25.2558], [55.1712, 25.2554], [55.1701, 25.2534], [55.17, 25.2519], [55.1681, 25.2516]]], [[[55.1578, 25.2592], [55.1562, 25.2585], [55.155, 25.2579], [55.1539, 25.2573], [55.1527, 25.2564], [55.1516, 25.2554], [55.1506, 25.2545], [55.1494, 25.2533], [55.1485, 25.2526], [55.1477, 25.252], [55.1467, 25.2512], [55.1448, 25.2502], [55.1435, 25.2495], [55.1426, 25.2489], [55.1424, 25.2491], [55.1434, 25.2497], [55.1446, 25.2504], [55.1466, 25.2514], [55.1477, 25.2521], [55.1484, 25.2528], [55.1493, 25.2535], [55.1505, 25.2546], [55.1514, 25.2556], [55.1525, 25.2566], [55.1538, 25.2574], [55.1549, 25.2581], [55.1561, 25.2588], [55.1577, 25.2594], [55.1596, 25.26], [55.1616, 25.2607], [55.164, 25.2616], [55.166, 25.2623], [55.1675, 25.2628], [55.1693, 25.2632], [55.171, 25.2634], [55.1723, 25.2634], [55.1739, 25.2634], [55.1754, 25.2631], [55.1778, 25.2626], [55.1802, 25.2621], [55.1829, 25.2616], [55.1857, 25.2611], [55.1867, 25.2608], [55.1884, 25.2603], [55.1896, 25.2598], [55.191, 25.2591], [55.1921, 25.2586], [55.1929, 25.2583], [55.1938, 25.2582], [55.1946, 25.258], [55.1952, 25.2578], [55.1958, 25.2575], [55.1957, 25.2574], [55.1954, 25.2575], [55.1947, 25.2578], [55.1937, 25.258], [55.1929, 25.2581], [55.192, 25.2584], [55.1908, 25.2589], [55.1895, 25.2596], [55.1883, 25.2601], [55.1867, 25.2606], [55.1856, 25.2608], [55.1828, 25.2614], [55.1801, 25.2618], [55.1777, 25.2624], [55.1754, 25.2629], [55.1739, 25.2631], [55.1723, 25.2632], [55.171, 25.2632], [55.1694, 25.263], [55.1676, 25.2626], [55.166, 25.2621], [55.1641, 25.2614], [55.1617, 25.2605], [55.1597, 25.2598], [55.1578, 25.2592]]], [[[55.1856, 25.1953], [55.1843, 25.1941], [55.1829, 25.1932], [55.1812, 25.1927], [55.1795, 25.192], [55.1784, 25.1915], [55.1767, 25.1903], [55.1751, 25.1893], [55.1729, 25.1883], [55.1704, 25.1876], [55.1694, 25.1875], [55.1695, 25.1878], [55.1704, 25.1879], [55.1727, 25.1885], [55.175, 25.1895], [55.1766, 25.1905], [55.1782, 25.1915], [55.1793, 25.1921], [55.1811, 25.1929], [55.1827, 25.1935], [55.1841, 25.1942], [55.1854, 25.1954], [55.1861, 25.1964], [55.1863, 25.1962], [55.1856, 25.1953]]], [[[55.1796, 25.1962], [55.1803, 25.1967], [55.1807, 25.1968], [55.1812, 25.1967], [55.1814, 25.1963], [55.1818, 25.1961], [55.1817, 25.1956], [55.1813, 25.1951], [55.1808, 25.1949], [55.1801, 25.195], [55.1795, 25.1945], [55.1788, 25.1946], [55.1784, 25.195], [55.1784, 25.1955], [55.1788, 25.1961], [55.1796, 25.1962]]], [[[55.1772, 25.1992], [55.1779, 25.1999], [55.1794, 25.1997], [55.1803, 25.1992], [55.181, 25.1986], [55.1813, 25.1982], [55.1813, 25.1977], [55.1806, 25.197], [55.1792, 25.1972], [55.1781, 25.1965], [55.1779, 25.196], [55.1778, 25.1954], [55.1775, 25.1949], [55.1777, 25.1938], [55.177, 25.1933], [55.1765, 25.1932], [55.1761, 25.1933], [55.1758, 25.1939], [55.176, 25.194], [55.1761, 25.1943], [55.176, 25.1953], [55.1762, 25.1959], [55.1771, 25.1975], [55.1772, 25.1992]]], [[[55.173, 25.1975], [55.1735, 25.1977], [55.1739, 25.1977], [55.1742, 25.1973], [55.1743, 25.197], [55.174, 25.1968], [55.1735, 25.1968], [55.1731, 25.1972], [55.1729, 25.1973], [55.173, 25.1975]]], [[[55.1712, 25.1973], [55.1715, 25.1971], [55.1715, 25.1966], [55.1719, 25.1964], [55.1727, 25.1968], [55.1736, 25.1964], [55.1747, 25.1959], [55.1738, 25.1957], [55.1727, 25.1957], [55.1719, 25.196], [55.1715, 25.1963], [55.1708, 25.1966], [55.17, 25.1974], [55.1693, 25.198], [55.1689, 25.1988], [55.1687, 25.1996], [55.1695, 25.1992], [55.17, 25.1985], [55.1703, 25.198], [55.1702, 25.1979], [55.1706, 25.1977], [55.1712, 25.1973]]], [[[55.1912, 25.2102], [55.1912, 25.21], [55.1911, 25.2098], [55.191, 25.2097], [55.1908, 25.2097], [55.1906, 25.2097], [55.1906, 25.2099], [55.1904, 25.2099], [55.1904, 25.2101], [55.1904, 25.2102], [55.1906, 25.2102], [55.1908, 25.2103], [55.191, 25.2102], [55.1912, 25.2102]]], [[[55.1759, 25.2142], [55.1755, 25.214], [55.1748, 25.214], [55.1742, 25.2141], [55.1737, 25.2142], [55.1735, 25.2144], [55.1733, 25.2146], [55.1732, 25.2147], [55.1731, 25.2149], [55.1732, 25.2152], [55.1733, 25.2154], [55.1737, 25.2156], [55.1741, 25.2156], [55.1744, 25.2155], [55.1748, 25.2152], [55.175, 25.2151], [55.1752, 25.2152], [55.1756, 25.2153], [55.1758, 25.2153], [55.1759, 25.2152], [55.176, 25.2149], [55.1764, 25.2149], [55.1764, 25.2147], [55.1764, 25.2146], [55.1762, 25.2144], [55.1761, 25.2143], [55.1759, 25.2142]]], [[[55.1824, 25.217], [55.1827, 25.2169], [55.1828, 25.2168], [55.1829, 25.2166], [55.1829, 25.2164], [55.1829, 25.2161], [55.1828, 25.2159], [55.1827, 25.2158], [55.1826, 25.2158], [55.1821, 25.2158], [55.182, 25.2158], [55.1818, 25.2155], [55.1818, 25.2154], [55.1818, 25.2153], [55.1819, 25.2152], [55.182, 25.2151], [55.1823, 25.215], [55.1824, 25.2151], [55.1826, 25.2155], [55.1827, 25.2157], [55.1828, 25.2157], [55.183, 25.2157], [55.1832, 25.2156], [55.1834, 25.2156], [55.1835, 25.2154], [55.1836, 25.2151], [55.1836, 25.2149], [55.1835, 25.2144], [55.1835, 25.2143], [55.1836, 25.2141], [55.1841, 25.2139], [55.1842, 25.2138], [55.1845, 25.2134], [55.1845, 25.2132], [55.1845, 25.213], [55.1844, 25.2127], [55.1841, 25.2124], [55.1838, 25.2121], [55.1835, 25.2119], [55.1832, 25.2119], [55.1828, 25.2119], [55.1824, 25.2121], [55.1822, 25.2123], [55.1821, 25.2125], [55.1819, 25.2125], [55.182, 25.2127], [55.1818, 25.2128], [55.1817, 25.2128], [55.1818, 25.2129], [55.182, 25.2133], [55.182, 25.2134], [55.1818, 25.2136], [55.1815, 25.2137], [55.1811, 25.2137], [55.1809, 25.2137], [55.1808, 25.2136], [55.1807, 25.2134], [55.1808, 25.2128], [55.1807, 25.2125], [55.1806, 25.2124], [55.1804, 25.2123], [55.1803, 25.2122], [55.1798, 25.2122], [55.1795, 25.2122], [55.1791, 25.2122], [55.1788, 25.2123], [55.1786, 25.2125], [55.1783, 25.2126], [55.1782, 25.2128], [55.1782, 25.2129], [55.1781, 25.2133], [55.1781, 25.2134], [55.1779, 25.2134], [55.1774, 25.2132], [55.1772, 25.2131], [55.1769, 25.2133], [55.1766, 25.2135], [55.1765, 25.2139], [55.1765, 25.2141], [55.1766, 25.2142], [55.1769, 25.2143], [55.177, 25.2144], [55.177, 25.2145], [55.177, 25.2148], [55.1771, 25.215], [55.1773, 25.2152], [55.1776, 25.2153], [55.1777, 25.2153], [55.178, 25.2153], [55.1781, 25.2153], [55.1782, 25.2154], [55.1784, 25.2156], [55.1784, 25.2158], [55.1784, 25.2159], [55.1783, 25.2166], [55.1783, 25.2169], [55.1785, 25.2173], [55.1786, 25.2174], [55.1787, 25.2176], [55.179, 25.2177], [55.1792, 25.2177], [55.1794, 25.2177], [55.1797, 25.2177], [55.1799, 25.2176], [55.1801, 25.2174], [55.1803, 25.2172], [55.1804, 25.2169], [55.1804, 25.2166], [55.1804, 25.2163], [55.1803, 25.2159], [55.1801, 25.2157], [55.1799, 25.2155], [55.1795, 25.2153], [55.1793, 25.2153], [55.1789, 25.2153], [55.1787, 25.2153], [55.1786, 25.2152], [55.1786, 25.215], [55.1784, 25.2144], [55.1783, 25.214], [55.1784, 25.2139], [55.1784, 25.2138], [55.1786, 25.2138], [55.1789, 25.2139], [55.1791, 25.2138], [55.1797, 25.2135], [55.1801, 25.2135], [55.1802, 25.2136], [55.1803, 25.2136], [55.1803, 25.2138], [55.18, 25.2144], [55.1801, 25.2149], [55.1802, 25.2152], [55.1804, 25.2154], [55.1805, 25.2156], [55.181, 25.2157], [55.1811, 25.2158], [55.1811, 25.2159], [55.181, 25.2161], [55.1806, 25.2163], [55.1805, 25.2164], [55.1805, 25.2166], [55.1806, 25.2168], [55.1808, 25.2171], [55.1811, 25.2173], [55.1813, 25.2174], [55.1814, 25.2174], [55.1818, 25.2171], [55.1823, 25.2171], [55.1824, 25.217]]], [[[55.1701, 25.2148], [55.1702, 25.215], [55.1702, 25.2152], [55.1703, 25.2154], [55.1705, 25.2156], [55.1708, 25.2158], [55.1713, 25.216], [55.1716, 25.216], [55.1723, 25.216], [55.1725, 25.2159], [55.1727, 25.2159], [55.1729, 25.2158], [55.173, 25.2155], [55.1731, 25.2154], [55.1731, 25.2151], [55.1731, 25.2149], [55.173, 25.2148], [55.1727, 25.2148], [55.1726, 25.2148], [55.1725, 25.2145], [55.1724, 25.2144], [55.1721, 25.2143], [55.1717, 25.2142], [55.1711, 25.2142], [55.1705, 25.2143], [55.1703, 25.2145], [55.1702, 25.2146], [55.1701, 25.2148]]], [[[55.1811, 25.22], [55.1814, 25.22], [55.1816, 25.22], [55.1819, 25.2199], [55.1821, 25.2198], [55.1823, 25.2196], [55.1824, 25.2194], [55.1826, 25.2191], [55.1827, 25.2189], [55.1827, 25.2187], [55.1827, 25.2184], [55.1827, 25.2182], [55.1825, 25.218], [55.1824, 25.2179], [55.1822, 25.2178], [55.182, 25.2177], [55.1817, 25.2177], [55.1813, 25.2179], [55.181, 25.2182], [55.1808, 25.2184], [55.1808, 25.2185], [55.1807, 25.219], [55.1805, 25.2193], [55.1805, 25.2195], [55.1805, 25.2196], [55.1806, 25.2197], [55.1809, 25.2199], [55.1811, 25.22]]], [[[55.1804, 25.2188], [55.1803, 25.2187], [55.1802, 25.2185], [55.1801, 25.2183], [55.1799, 25.2181], [55.1797, 25.2181], [55.1795, 25.2181], [55.1793, 25.2181], [55.1789, 25.2183], [55.1786, 25.2186], [55.1784, 25.2189], [55.1782, 25.2193], [55.1782, 25.2195], [55.1783, 25.2198], [55.1786, 25.22], [55.1788, 25.2201], [55.179, 25.2201], [55.1795, 25.22], [55.1799, 25.2198], [55.1801, 25.2196], [55.1802, 25.2194], [55.1804, 25.219], [55.1804, 25.2188]]], [[[55.1776, 25.2165], [55.1773, 25.2165], [55.177, 25.2165], [55.1764, 25.2167], [55.1761, 25.2169], [55.1759, 25.2171], [55.1758, 25.2173], [55.1758, 25.2175], [55.1759, 25.2178], [55.1759, 25.2179], [55.1757, 25.2178], [55.1754, 25.2177], [55.1749, 25.2173], [55.1748, 25.2172], [55.1746, 25.2172], [55.1743, 25.2172], [55.1742, 25.2174], [55.1741, 25.2175], [55.174, 25.2177], [55.174, 25.2181], [55.174, 25.2183], [55.1741, 25.2187], [55.1741, 25.2189], [55.1743, 25.2191], [55.1746, 25.2193], [55.1753, 25.2195], [55.1754, 25.2196], [55.1754, 25.2197], [55.1754, 25.2198], [55.175, 25.2201], [55.1748, 25.2203], [55.1748, 25.2205], [55.1748, 25.2207], [55.1749, 25.2209], [55.175, 25.2211], [55.1751, 25.2212], [55.1753, 25.2213], [55.1758, 25.2214], [55.176, 25.2214], [55.1765, 25.2211], [55.1767, 25.2211], [55.1768, 25.2212], [55.1769, 25.2215], [55.177, 25.2217], [55.1772, 25.2218], [55.1776, 25.2218], [55.1778, 25.2218], [55.1781, 25.2218], [55.1783, 25.2216], [55.1784, 25.2215], [55.1785, 25.2213], [55.1785, 25.221], [55.1785, 25.2208], [55.1784, 25.2206], [55.1782, 25.2205], [55.178, 25.2203], [55.1778, 25.2203], [55.1774, 25.2204], [55.1772, 25.2203], [55.1771, 25.2201], [55.1771, 25.2195], [55.177, 25.2194], [55.1768, 25.2194], [55.1764, 25.2196], [55.1762, 25.2197], [55.1759, 25.2195], [55.1758, 25.2194], [55.1757, 25.2193], [55.1758, 25.2192], [55.1761, 25.2189], [55.1761, 25.2187], [55.1761, 25.2183], [55.1762, 25.2182], [55.1766, 25.2186], [55.1768, 25.2186], [55.1771, 25.2186], [55.1774, 25.2185], [55.1776, 25.2184], [55.1779, 25.2182], [55.1782, 25.218], [55.1782, 25.2178], [55.1783, 25.2176], [55.1783, 25.2174], [55.1782, 25.2172], [55.1782, 25.2171], [55.1779, 25.2169], [55.1778, 25.2165], [55.1776, 25.2165]]], [[[55.183, 25.2201], [55.1829, 25.2203], [55.1829, 25.2205], [55.1829, 25.2207], [55.183, 25.2208], [55.1832, 25.221], [55.1834, 25.221], [55.1837, 25.2211], [55.1839, 25.2211], [55.1842, 25.221], [55.1844, 25.2209], [55.1849, 25.2205], [55.1852, 25.2202], [55.1854, 25.2198], [55.1856, 25.2195], [55.1857, 25.219], [55.1858, 25.2188], [55.1857, 25.2187], [55.1856, 25.2185], [55.1855, 25.2184], [55.1852, 25.2184], [55.1848, 25.2184], [55.1844, 25.2185], [55.1841, 25.2188], [55.1838, 25.2191], [55.1837, 25.2194], [55.1837, 25.2195], [55.1833, 25.2197], [55.1832, 25.2199], [55.183, 25.2201]]], [[[55.1734, 25.22], [55.173, 25.2198], [55.1729, 25.2197], [55.1729, 25.2196], [55.173, 25.2195], [55.1735, 25.2189], [55.1737, 25.2186], [55.1737, 25.2183], [55.1737, 25.2181], [55.1736, 25.218], [55.1733, 25.2178], [55.173, 25.2177], [55.1727, 25.2177], [55.1723, 25.2178], [55.1721, 25.2179], [55.172, 25.218], [55.1719, 25.2184], [55.1718, 25.2185], [55.1715, 25.2187], [55.1713, 25.2188], [55.1712, 25.2193], [55.1711, 25.2194], [55.171, 25.2194], [55.1708, 25.2193], [55.1706, 25.2193], [55.1702, 25.2193], [55.1701, 25.2194], [55.17, 25.2193], [55.1698, 25.219], [55.1696, 25.219], [55.1694, 25.219], [55.1693, 25.219], [55.1692, 25.2191], [55.1692, 25.2192], [55.1691, 25.2196], [55.1692, 25.2198], [55.1694, 25.2203], [55.1694, 25.2205], [55.1694, 25.2207], [55.1691, 25.2212], [55.1691, 25.2213], [55.1691, 25.2215], [55.1693, 25.222], [55.1693, 25.2222], [55.1693, 25.2227], [55.1693, 25.2228], [55.1694, 25.2231], [55.1696, 25.2232], [55.1697, 25.2233], [55.17, 25.2234], [55.1702, 25.2234], [55.1704, 25.2233], [55.1705, 25.2231], [55.1706, 25.223], [55.1705, 25.2226], [55.1704, 25.2224], [55.1701, 25.222], [55.1701, 25.2219], [55.1701, 25.2218], [55.1702, 25.2217], [55.1706, 25.2214], [55.1708, 25.2212], [55.1709, 25.2209], [55.1709, 25.2207], [55.1709, 25.2204], [55.1709, 25.2202], [55.171, 25.2201], [55.1711, 25.2201], [55.1713, 25.22], [55.1716, 25.22], [55.1718, 25.2201], [55.1721, 25.2202], [55.1721, 25.2204], [55.1719, 25.2207], [55.1719, 25.2211], [55.1718, 25.2212], [55.1717, 25.2213], [55.1713, 25.2213], [55.1712, 25.2213], [55.1711, 25.2214], [55.1709, 25.2216], [55.1708, 25.2218], [55.1708, 25.222], [55.1709, 25.2223], [55.171, 25.2225], [55.1711, 25.2228], [55.1713, 25.223], [55.1715, 25.2232], [55.1717, 25.2233], [55.172, 25.2234], [55.1722, 25.2234], [55.1724, 25.2233], [55.1726, 25.2231], [55.1726, 25.223], [55.1725, 25.2225], [55.1725, 25.2223], [55.1726, 25.2223], [55.173, 25.2222], [55.1732, 25.2221], [55.1733, 25.2219], [55.1734, 25.2214], [55.1735, 25.2213], [55.1737, 25.221], [55.1738, 25.2209], [55.1738, 25.2208], [55.1737, 25.2206], [55.1735, 25.2202], [55.1734, 25.22]]], [[[55.1747, 25.2224], [55.1747, 25.2228], [55.1748, 25.2232], [55.1749, 25.2233], [55.175, 25.2234], [55.1752, 25.2235], [55.1754, 25.2235], [55.1762, 25.2235], [55.1766, 25.2235], [55.1768, 25.2234], [55.1769, 25.2233], [55.177, 25.2232], [55.1772, 25.223], [55.1773, 25.2227], [55.1772, 25.2224], [55.1771, 25.2221], [55.177, 25.222], [55.1769, 25.2219], [55.1768, 25.2219], [55.1765, 25.222], [55.1764, 25.222], [55.1762, 25.2218], [55.1759, 25.2217], [55.1757, 25.2217], [55.1754, 25.2217], [55.1751, 25.2218], [55.1749, 25.2219], [55.1748, 25.222], [55.1747, 25.2224]]], [[[55.1781, 25.2249], [55.1782, 25.2249], [55.1784, 25.2249], [55.1786, 25.2249], [55.1788, 25.2248], [55.1791, 25.2245], [55.1794, 25.224], [55.1795, 25.2236], [55.1795, 25.2234], [55.1795, 25.2232], [55.1794, 25.2231], [55.1792, 25.2229], [55.179, 25.2228], [55.1788, 25.2228], [55.1786, 25.2228], [55.1784, 25.2229], [55.1782, 25.2229], [55.178, 25.2231], [55.1779, 25.2232], [55.1778, 25.2234], [55.1777, 25.2236], [55.1777, 25.2238], [55.1777, 25.2242], [55.1777, 25.2244], [55.1778, 25.2246], [55.1779, 25.2248], [55.1781, 25.2249]]], [[[55.1815, 25.2242], [55.1815, 25.2244], [55.1815, 25.2247], [55.1816, 25.2248], [55.1819, 25.225], [55.182, 25.2252], [55.182, 25.2253], [55.182, 25.2256], [55.182, 25.2257], [55.1821, 25.2258], [55.1824, 25.226], [55.1824, 25.2263], [55.1825, 25.2264], [55.1826, 25.2265], [55.1827, 25.2265], [55.183, 25.2265], [55.1832, 25.2264], [55.1834, 25.2263], [55.1835, 25.226], [55.1835, 25.2258], [55.1834, 25.2258], [55.1831, 25.2256], [55.183, 25.2255], [55.183, 25.2253], [55.183, 25.2252], [55.1831, 25.2251], [55.1833, 25.225], [55.1834, 25.225], [55.1835, 25.225], [55.1837, 25.225], [55.1838, 25.2251], [55.1839, 25.2252], [55.184, 25.2253], [55.1839, 25.2257], [55.1839, 25.2259], [55.184, 25.2261], [55.1842, 25.2262], [55.1844, 25.2263], [55.1847, 25.2263], [55.1849, 25.2262], [55.1851, 25.2261], [55.1853, 25.226], [55.1854, 25.2258], [55.1855, 25.2256], [55.1856, 25.2254], [55.1856, 25.2251], [55.1856, 25.2249], [55.1856, 25.2247], [55.1855, 25.2245], [55.1853, 25.2244], [55.185, 25.2243], [55.1849, 25.2243], [55.1844, 25.2244], [55.1842, 25.2244], [55.1841, 25.2243], [55.1839, 25.224], [55.1837, 25.2239], [55.1836, 25.2238], [55.1832, 25.2238], [55.1826, 25.2237], [55.1824, 25.2237], [55.1822, 25.2237], [55.1819, 25.2238], [55.1817, 25.2239], [55.1816, 25.224], [55.1815, 25.2242]]], [[[55.1758, 25.226], [55.1758, 25.2261], [55.1759, 25.2262], [55.1761, 25.2262], [55.1762, 25.2262], [55.1764, 25.2266], [55.1766, 25.2266], [55.1769, 25.2266], [55.1771, 25.2264], [55.1772, 25.2263], [55.1773, 25.2261], [55.1773, 25.2259], [55.1772, 25.2256], [55.177, 25.2253], [55.1768, 25.225], [55.1764, 25.2248], [55.1761, 25.2247], [55.1757, 25.2247], [55.1755, 25.2247], [55.1754, 25.2248], [55.1753, 25.2249], [55.1752, 25.2251], [55.1752, 25.2253], [55.1752, 25.2254], [55.1753, 25.2255], [55.1756, 25.2255], [55.1757, 25.2256], [55.1758, 25.2257], [55.1758, 25.226]]], [[[55.1721, 25.2271], [55.1717, 25.227], [55.1714, 25.227], [55.1711, 25.227], [55.1708, 25.2272], [55.1706, 25.2274], [55.1705, 25.2276], [55.1705, 25.2278], [55.1706, 25.2279], [55.1708, 25.2282], [55.171, 25.2284], [55.1713, 25.2285], [55.1717, 25.2284], [55.1719, 25.2283], [55.1721, 25.2282], [55.1722, 25.228], [55.1723, 25.2277], [55.1723, 25.2275], [55.1722, 25.2273], [55.1722, 25.2272], [55.1721, 25.2271]]], [[[55.1738, 25.2282], [55.1739, 25.2282], [55.174, 25.2282], [55.1743, 25.2285], [55.1744, 25.2286], [55.1745, 25.2287], [55.1747, 25.2288], [55.1749, 25.2287], [55.1755, 25.2283], [55.1756, 25.2283], [55.1757, 25.2283], [55.1759, 25.2284], [55.176, 25.2285], [55.1761, 25.229], [55.1762, 25.2291], [55.1763, 25.2291], [55.1764, 25.2292], [55.1767, 25.2292], [55.1769, 25.2291], [55.1771, 25.2288], [55.1772, 25.2285], [55.1774, 25.2279], [55.1774, 25.2276], [55.1774, 25.2273], [55.1772, 25.2271], [55.1769, 25.2269], [55.1767, 25.2269], [55.1766, 25.2269], [55.1764, 25.2271], [55.1764, 25.2272], [55.1762, 25.2273], [55.176, 25.2273], [55.1759, 25.2273], [55.1758, 25.2272], [55.1757, 25.2269], [55.1757, 25.2268], [55.1754, 25.2266], [55.1751, 25.2266], [55.1748, 25.2266], [55.1745, 25.2267], [55.1744, 25.2268], [55.1741, 25.2272], [55.174, 25.2272], [55.1738, 25.2272], [55.1733, 25.2271], [55.1731, 25.2271], [55.1729, 25.2272], [55.1727, 25.2273], [55.1726, 25.2276], [55.1725, 25.2278], [55.1724, 25.2281], [55.1724, 25.2284], [55.1724, 25.2286], [55.1725, 25.2287], [55.1726, 25.2288], [55.1728, 25.2289], [55.173, 25.229], [55.1731, 25.2291], [55.1733, 25.2291], [55.1734, 25.229], [55.1737, 25.2283], [55.1738, 25.2282]]], [[[55.171, 25.2307], [55.1711, 25.2307], [55.1715, 25.2307], [55.1716, 25.2308], [55.172, 25.2311], [55.1722, 25.2312], [55.1725, 25.2313], [55.1728, 25.2312], [55.1733, 25.2311], [55.1735, 25.2311], [55.1737, 25.231], [55.1738, 25.2309], [55.1739, 25.2306], [55.174, 25.2304], [55.174, 25.2303], [55.1739, 25.2301], [55.1737, 25.2299], [55.1734, 25.2297], [55.1731, 25.2295], [55.1729, 25.2294], [55.1725, 25.2294], [55.1718, 25.2294], [55.1716, 25.2294], [55.1713, 25.2295], [55.1711, 25.2297], [55.171, 25.2299], [55.1708, 25.2301], [55.1708, 25.2302], [55.1709, 25.2305], [55.171, 25.2307]]], [[[55.1904, 25.2327], [55.1906, 25.2326], [55.1909, 25.2322], [55.191, 25.2321], [55.1911, 25.2321], [55.1916, 25.2323], [55.1917, 25.2322], [55.1919, 25.232], [55.192, 25.2317], [55.192, 25.2315], [55.1918, 25.2311], [55.1917, 25.2309], [55.1913, 25.2302], [55.1912, 25.23], [55.1912, 25.2296], [55.1914, 25.2289], [55.1914, 25.2286], [55.1913, 25.2285], [55.1912, 25.2283], [55.191, 25.2282], [55.1909, 25.2282], [55.1907, 25.2282], [55.1906, 25.2282], [55.1903, 25.2286], [55.1902, 25.2286], [55.19, 25.2286], [55.1899, 25.2284], [55.1898, 25.2283], [55.1896, 25.2283], [55.1892, 25.2283], [55.1891, 25.2284], [55.189, 25.2285], [55.1889, 25.2288], [55.189, 25.2291], [55.1892, 25.2297], [55.1896, 25.2307], [55.1897, 25.2311], [55.1898, 25.2313], [55.1897, 25.2319], [55.1898, 25.2322], [55.1899, 25.2323], [55.19, 25.2326], [55.1901, 25.2327], [55.1902, 25.2327], [55.1904, 25.2327]]], [[[55.1869, 25.2312], [55.187, 25.2308], [55.187, 25.2305], [55.187, 25.2303], [55.1869, 25.2301], [55.1868, 25.23], [55.1866, 25.2299], [55.1864, 25.2297], [55.186, 25.2297], [55.1858, 25.2297], [55.1856, 25.2298], [55.1855, 25.2299], [55.1853, 25.2301], [55.1852, 25.2304], [55.1852, 25.2306], [55.1852, 25.2308], [55.1854, 25.2312], [55.1855, 25.2313], [55.1857, 25.2314], [55.1859, 25.2315], [55.1861, 25.2316], [55.1864, 25.2315], [55.1866, 25.2315], [55.1867, 25.2314], [55.1869, 25.2312]]], [[[55.18, 25.2292], [55.1798, 25.2293], [55.1795, 25.2293], [55.1793, 25.2294], [55.1792, 25.2296], [55.179, 25.2297], [55.1789, 25.2299], [55.1788, 25.2301], [55.1788, 25.2303], [55.179, 25.2308], [55.179, 25.2309], [55.1789, 25.2309], [55.1787, 25.231], [55.1786, 25.2309], [55.1785, 25.2308], [55.1783, 25.2305], [55.1782, 25.2304], [55.178, 25.2303], [55.1777, 25.2303], [55.1774, 25.2304], [55.1772, 25.2306], [55.1771, 25.2307], [55.177, 25.231], [55.1769, 25.2312], [55.1768, 25.2313], [55.1766, 25.2313], [55.1766, 25.2312], [55.1768, 25.2305], [55.1768, 25.2303], [55.1768, 25.2302], [55.1766, 25.2299], [55.1763, 25.2297], [55.176, 25.2296], [55.1759, 25.2296], [55.1757, 25.2296], [55.1754, 25.2299], [55.1749, 25.23], [55.1747, 25.2301], [55.1747, 25.2302], [55.1748, 25.2305], [55.1748, 25.2307], [55.1746, 25.2311], [55.1746, 25.2314], [55.1746, 25.2317], [55.1747, 25.2319], [55.1748, 25.2321], [55.175, 25.2322], [55.1753, 25.2322], [55.1757, 25.2322], [55.176, 25.2321], [55.1761, 25.232], [55.1764, 25.2316], [55.1765, 25.2316], [55.1767, 25.2319], [55.1768, 25.232], [55.1769, 25.2321], [55.1773, 25.2321], [55.1774, 25.2322], [55.1776, 25.2323], [55.1779, 25.2325], [55.178, 25.2326], [55.1782, 25.2326], [55.1785, 25.2326], [55.1789, 25.2325], [55.1793, 25.2323], [55.1794, 25.2323], [55.1794, 25.2322], [55.1794, 25.232], [55.1792, 25.2317], [55.1792, 25.2315], [55.1792, 25.2313], [55.1793, 25.2311], [55.1794, 25.231], [55.1799, 25.2309], [55.1801, 25.2308], [55.1802, 25.2306], [55.1805, 25.2302], [55.1806, 25.2301], [55.1808, 25.23], [55.181, 25.23], [55.1811, 25.2302], [55.1812, 25.2303], [55.1814, 25.2304], [55.1817, 25.2305], [55.1819, 25.2304], [55.1822, 25.2304], [55.1823, 25.2303], [55.1825, 25.2301], [55.1826, 25.2299], [55.1827, 25.2297], [55.1828, 25.2293], [55.1828, 25.2292], [55.1828, 25.2291], [55.1825, 25.2291], [55.1825, 25.2289], [55.1823, 25.2288], [55.1822, 25.2288], [55.1819, 25.2288], [55.1816, 25.2289], [55.1815, 25.229], [55.1813, 25.2294], [55.1811, 25.2296], [55.181, 25.2297], [55.1809, 25.2297], [55.1808, 25.2296], [55.1804, 25.2293], [55.1802, 25.2292], [55.18, 25.2292]]], [[[55.1829, 25.2312], [55.1825, 25.2313], [55.1824, 25.2313], [55.1824, 25.2315], [55.1825, 25.2318], [55.1827, 25.2319], [55.1828, 25.2321], [55.1831, 25.2322], [55.1834, 25.2323], [55.1836, 25.2323], [55.1839, 25.2322], [55.1845, 25.232], [55.1846, 25.2319], [55.1847, 25.2316], [55.1849, 25.2316], [55.1849, 25.2314], [55.1849, 25.2312], [55.1848, 25.2311], [55.1846, 25.2309], [55.1844, 25.2308], [55.1838, 25.2309], [55.1834, 25.2308], [55.1832, 25.2309], [55.1831, 25.2309], [55.1829, 25.2312]]], [[[55.1713, 25.2328], [55.1713, 25.233], [55.1713, 25.2332], [55.1714, 25.2334], [55.1715, 25.2336], [55.1716, 25.2337], [55.1718, 25.2339], [55.1719, 25.2339], [55.1721, 25.234], [55.1722, 25.234], [55.1725, 25.2339], [55.1727, 25.2338], [55.1729, 25.2335], [55.1731, 25.2332], [55.1732, 25.2328], [55.1731, 25.2325], [55.1729, 25.2322], [55.1728, 25.2321], [55.1726, 25.232], [55.1724, 25.232], [55.1723, 25.232], [55.1721, 25.2322], [55.1721, 25.2323], [55.1717, 25.2322], [55.1716, 25.2322], [55.1715, 25.2324], [55.1714, 25.2326], [55.1713, 25.2328]]], [[[55.1786, 25.2332], [55.1785, 25.2331], [55.1784, 25.233], [55.1781, 25.2328], [55.1779, 25.2329], [55.1775, 25.233], [55.1773, 25.233], [55.1773, 25.2329], [55.1772, 25.2327], [55.1771, 25.2326], [55.1769, 25.2325], [55.1766, 25.2325], [55.1764, 25.2326], [55.1762, 25.2327], [55.176, 25.2329], [55.1759, 25.2331], [55.176, 25.2333], [55.1761, 25.2335], [55.1762, 25.2336], [55.1765, 25.2337], [55.1766, 25.2338], [55.1769, 25.2337], [55.1771, 25.2338], [55.1772, 25.2339], [55.1775, 25.2344], [55.1776, 25.2345], [55.1778, 25.2346], [55.178, 25.2346], [55.1782, 25.2346], [55.1784, 25.2345], [55.1786, 25.2343], [55.1788, 25.2339], [55.1788, 25.2336], [55.1787, 25.2334], [55.1786, 25.2332]]], [[[55.1804, 25.2345], [55.1805, 25.2345], [55.1804, 25.2343], [55.1806, 25.2342], [55.1807, 25.2343], [55.1811, 25.2347], [55.1812, 25.2347], [55.1816, 25.2348], [55.1818, 25.2347], [55.1821, 25.2346], [55.1823, 25.2344], [55.1824, 25.2342], [55.1824, 25.2339], [55.1825, 25.2338], [55.1825, 25.2337], [55.1827, 25.2337], [55.1828, 25.2337], [55.1833, 25.2338], [55.1835, 25.2339], [55.1838, 25.2338], [55.1841, 25.2336], [55.1842, 25.2333], [55.1843, 25.233], [55.1843, 25.2327], [55.1842, 25.2325], [55.1841, 25.2324], [55.1839, 25.2324], [55.1836, 25.2324], [55.1829, 25.2326], [55.1824, 25.2328], [55.1823, 25.2329], [55.1821, 25.2331], [55.1821, 25.2335], [55.182, 25.2336], [55.1818, 25.2336], [55.1815, 25.2335], [55.1811, 25.2332], [55.181, 25.2332], [55.1807, 25.2331], [55.1804, 25.2332], [55.1801, 25.2333], [55.18, 25.2335], [55.1799, 25.2336], [55.1798, 25.2339], [55.1798, 25.2342], [55.18, 25.2344], [55.1801, 25.2345], [55.1803, 25.2345], [55.1804, 25.2345]]], [[[55.1739, 25.2325], [55.1738, 25.2327], [55.1736, 25.2328], [55.1735, 25.233], [55.1734, 25.2332], [55.1734, 25.2334], [55.1735, 25.2337], [55.1735, 25.2339], [55.1737, 25.2341], [55.1738, 25.2343], [55.174, 25.2344], [55.1744, 25.2344], [55.1745, 25.2345], [55.1744, 25.2346], [55.1741, 25.235], [55.1741, 25.2351], [55.1741, 25.2352], [55.1743, 25.2354], [55.1744, 25.2356], [55.1748, 25.2358], [55.175, 25.2358], [55.1752, 25.2358], [55.1753, 25.2357], [55.1754, 25.2356], [55.1756, 25.2355], [55.1757, 25.2356], [55.1759, 25.2357], [55.176, 25.2358], [55.1762, 25.2358], [55.1764, 25.2358], [55.1766, 25.2358], [55.1767, 25.2357], [55.1768, 25.2356], [55.1768, 25.2354], [55.1768, 25.2352], [55.1768, 25.2349], [55.1767, 25.2348], [55.1764, 25.2346], [55.1762, 25.2345], [55.1759, 25.2346], [55.1757, 25.2346], [55.1755, 25.2349], [55.1754, 25.2349], [55.1751, 25.2345], [55.175, 25.2345], [55.1747, 25.2344], [55.1746, 25.2344], [55.1747, 25.2343], [55.175, 25.234], [55.175, 25.2338], [55.175, 25.2337], [55.1749, 25.2333], [55.1749, 25.2332], [55.175, 25.2331], [55.1752, 25.233], [55.1752, 25.2329], [55.1752, 25.2328], [55.175, 25.2326], [55.1748, 25.2324], [55.1747, 25.2324], [55.1745, 25.2324], [55.1743, 25.2324], [55.1741, 25.2324], [55.1739, 25.2325]]], [[[55.1804, 25.2363], [55.1808, 25.2368], [55.1816, 25.2368], [55.1822, 25.2364], [55.1822, 25.2356], [55.1821, 25.2353], [55.1816, 25.2351], [55.181, 25.2351], [55.1804, 25.2354], [55.1804, 25.2363]]], [[[55.1709, 25.2358], [55.1713, 25.2367], [55.1725, 25.2371], [55.1731, 25.2367], [55.1731, 25.2361], [55.1728, 25.2354], [55.172, 25.2348], [55.1713, 25.2349], [55.171, 25.2353], [55.1709, 25.2358]]], [[[55.1782, 25.2359], [55.1779, 25.2361], [55.1776, 25.2363], [55.1776, 25.2365], [55.1775, 25.2369], [55.1776, 25.2371], [55.1781, 25.2374], [55.1786, 25.2374], [55.1792, 25.2375], [55.1795, 25.2374], [55.1796, 25.2369], [55.1795, 25.2365], [55.1794, 25.2363], [55.1794, 25.2358], [55.1791, 25.2356], [55.1788, 25.2354], [55.1785, 25.2356], [55.1782, 25.2359]]], [[[55.1837, 25.2359], [55.1833, 25.2358], [55.183, 25.236], [55.1828, 25.2367], [55.1829, 25.2371], [55.1832, 25.2374], [55.1832, 25.2376], [55.1835, 25.2377], [55.184, 25.2373], [55.1844, 25.2372], [55.1848, 25.2371], [55.1851, 25.2365], [55.1852, 25.2358], [55.185, 25.2356], [55.1847, 25.2355], [55.1842, 25.2355], [55.184, 25.2357], [55.1837, 25.2359]]], [[[55.1755, 25.2363], [55.1752, 25.2363], [55.1749, 25.2362], [55.1746, 25.2361], [55.1743, 25.2361], [55.1739, 25.2364], [55.1738, 25.2367], [55.1739, 25.2371], [55.1741, 25.2373], [55.1747, 25.2374], [55.1749, 25.2375], [55.1758, 25.2374], [55.1763, 25.2375], [55.1768, 25.2373], [55.1769, 25.2367], [55.1764, 25.2364], [55.1757, 25.2361], [55.1755, 25.2363]]], [[[55.1843, 25.2379], [55.1839, 25.2379], [55.1835, 25.238], [55.1833, 25.2382], [55.183, 25.2383], [55.1829, 25.238], [55.1829, 25.2375], [55.1826, 25.2373], [55.1821, 25.2373], [55.1817, 25.2374], [55.1814, 25.2376], [55.1813, 25.238], [55.1813, 25.2384], [55.1815, 25.2387], [55.1817, 25.2388], [55.1818, 25.239], [55.1815, 25.2393], [55.1813, 25.2394], [55.1811, 25.2395], [55.1809, 25.2396], [55.181, 25.2398], [55.1812, 25.2399], [55.1816, 25.2399], [55.1823, 25.2396], [55.1831, 25.2392], [55.1834, 25.2391], [55.1848, 25.2391], [55.1853, 25.2388], [55.1856, 25.2383], [55.1856, 25.2379], [55.1854, 25.2377], [55.1851, 25.2376], [55.1847, 25.2376], [55.1844, 25.2378], [55.1843, 25.2379]]], [[[55.1772, 25.2393], [55.1772, 25.2383], [55.1767, 25.2379], [55.1759, 25.2381], [55.1756, 25.2386], [55.1757, 25.2391], [55.1761, 25.2395], [55.1762, 25.2399], [55.1765, 25.24], [55.1769, 25.2399], [55.1772, 25.2393]]], [[[55.1697, 25.2398], [55.1693, 25.2398], [55.1689, 25.2398], [55.1686, 25.2397], [55.168, 25.2398], [55.1676, 25.2398], [55.1673, 25.2398], [55.1673, 25.2401], [55.1677, 25.2412], [55.1682, 25.2412], [55.1689, 25.2409], [55.1693, 25.2408], [55.1699, 25.2403], [55.1703, 25.2403], [55.1711, 25.2403], [55.1715, 25.24], [55.1726, 25.2391], [55.173, 25.2391], [55.1734, 25.2392], [55.174, 25.2392], [55.1743, 25.2396], [55.1748, 25.24], [55.1749, 25.2405], [55.1756, 25.2409], [55.1759, 25.2407], [55.176, 25.2403], [55.1759, 25.2399], [55.1757, 25.2396], [55.1751, 25.2388], [55.1747, 25.2386], [55.1744, 25.2386], [55.1741, 25.2383], [55.1743, 25.2378], [55.1743, 25.2376], [55.174, 25.2376], [55.1737, 25.2377], [55.1734, 25.2377], [55.1731, 25.2377], [55.173, 25.2378], [55.1729, 25.238], [55.1727, 25.2382], [55.1723, 25.2384], [55.1717, 25.2384], [55.1713, 25.2384], [55.171, 25.2386], [55.1707, 25.2389], [55.1706, 25.239], [55.1704, 25.2391], [55.1702, 25.2391], [55.17, 25.2393], [55.1699, 25.2396], [55.1697, 25.2398]]], [[[55.1797, 25.2401], [55.18, 25.239], [55.1799, 25.2387], [55.1793, 25.2382], [55.179, 25.2382], [55.1787, 25.2383], [55.1785, 25.2386], [55.1783, 25.2392], [55.178, 25.2396], [55.178, 25.24], [55.1781, 25.2404], [55.1787, 25.2407], [55.1792, 25.2408], [55.1794, 25.2407], [55.1797, 25.2401]]], [[[55.186, 25.2396], [55.1857, 25.2395], [55.1851, 25.2396], [55.1848, 25.24], [55.1848, 25.2405], [55.1849, 25.2407], [55.1852, 25.2408], [55.1858, 25.2407], [55.1862, 25.2403], [55.1862, 25.2399], [55.186, 25.2396]]], [[[55.1746, 25.241], [55.174, 25.2403], [55.1734, 25.2402], [55.173, 25.2403], [55.1728, 25.2405], [55.1727, 25.2407], [55.1726, 25.2409], [55.1728, 25.2413], [55.1732, 25.2416], [55.1735, 25.242], [55.1741, 25.2422], [55.1745, 25.2421], [55.1748, 25.2418], [55.1748, 25.2414], [55.1746, 25.241]]], [[[55.1795, 25.2419], [55.1795, 25.2423], [55.1797, 25.2426], [55.1796, 25.243], [55.1797, 25.2431], [55.18, 25.243], [55.1812, 25.2422], [55.1817, 25.2414], [55.1816, 25.2409], [55.1814, 25.2405], [55.1813, 25.2405], [55.181, 25.2407], [55.1809, 25.2408], [55.1806, 25.2409], [55.1801, 25.2411], [55.1798, 25.2413], [55.1795, 25.2419]]], [[[55.1788, 25.2425], [55.1786, 25.242], [55.1776, 25.2414], [55.1767, 25.2412], [55.1763, 25.2414], [55.1762, 25.2416], [55.1762, 25.242], [55.1763, 25.2421], [55.1783, 25.2431], [55.1786, 25.243], [55.1788, 25.2425]]], [[[55.1711, 25.2419], [55.1704, 25.2417], [55.1701, 25.242], [55.1698, 25.2424], [55.1699, 25.2428], [55.1704, 25.2436], [55.1712, 25.2438], [55.1716, 25.2435], [55.1717, 25.243], [55.1716, 25.2425], [55.1711, 25.2419]]], [[[55.1727, 25.2438], [55.1733, 25.2441], [55.1738, 25.244], [55.1743, 25.2433], [55.1743, 25.2428], [55.1739, 25.2424], [55.1734, 25.2423], [55.1728, 25.2425], [55.1725, 25.2427], [55.1724, 25.2431], [55.1724, 25.2435], [55.1727, 25.2438]]], [[[55.1826, 25.2455], [55.1823, 25.2459], [55.1824, 25.2461], [55.1828, 25.2462], [55.1838, 25.246], [55.1847, 25.2452], [55.185, 25.2446], [55.1848, 25.2437], [55.1842, 25.2429], [55.1837, 25.2429], [55.1834, 25.2433], [55.1834, 25.2438], [55.1834, 25.2449], [55.1832, 25.2453], [55.183, 25.2454], [55.1826, 25.2455]]], [[[55.1741, 25.2459], [55.1761, 25.2447], [55.1776, 25.2446], [55.1782, 25.245], [55.178, 25.2456], [55.1784, 25.2458], [55.179, 25.2457], [55.1802, 25.2444], [55.1804, 25.2438], [55.1799, 25.2434], [55.1792, 25.2441], [55.1785, 25.2442], [55.1779, 25.2438], [55.1774, 25.2436], [55.1762, 25.2434], [55.1754, 25.2434], [55.1748, 25.2442], [55.1739, 25.2444], [55.1735, 25.2448], [55.1731, 25.245], [55.1722, 25.245], [55.1713, 25.2458], [55.1702, 25.2469], [55.1698, 25.2469], [55.1698, 25.2471], [55.1692, 25.2478], [55.1683, 25.2488], [55.1679, 25.249], [55.1694, 25.25], [55.17, 25.2505], [55.171, 25.2501], [55.1719, 25.2495], [55.1705, 25.2479], [55.1707, 25.2474], [55.1711, 25.2469], [55.1716, 25.2468], [55.1731, 25.2458], [55.1741, 25.2459]]], [[[55.1792, 25.2483], [55.1794, 25.2484], [55.1797, 25.2483], [55.1814, 25.2473], [55.1817, 25.2467], [55.1817, 25.2461], [55.1815, 25.2459], [55.1811, 25.2462], [55.1809, 25.2463], [55.1793, 25.2474], [55.1791, 25.2478], [55.1792, 25.2483]]], [[[55.1769, 25.2474], [55.1765, 25.247], [55.176, 25.2471], [55.1756, 25.2474], [55.1755, 25.2479], [55.1756, 25.2482], [55.1758, 25.2483], [55.1761, 25.2484], [55.1767, 25.2484], [55.1771, 25.248], [55.1769, 25.2474]]], [[[55.179, 25.2482], [55.1786, 25.248], [55.1782, 25.2478], [55.1779, 25.2479], [55.1777, 25.2481], [55.1774, 25.2483], [55.177, 25.2485], [55.1769, 25.249], [55.178, 25.2499], [55.1792, 25.25], [55.1795, 25.2499], [55.1797, 25.2496], [55.1796, 25.2492], [55.179, 25.2483], [55.179, 25.2482]]], [[[55.173, 25.2501], [55.1736, 25.2506], [55.1743, 25.2507], [55.1747, 25.2506], [55.1748, 25.2503], [55.1748, 25.2495], [55.1746, 25.2493], [55.1743, 25.249], [55.1739, 25.2489], [55.1737, 25.2488], [55.1736, 25.2487], [55.1736, 25.2484], [55.1736, 25.2479], [55.1733, 25.2474], [55.1727, 25.2472], [55.1723, 25.2474], [55.172, 25.2476], [55.1719, 25.2479], [55.1719, 25.2483], [55.172, 25.2486], [55.1724, 25.2488], [55.1727, 25.2489], [55.1729, 25.2489], [55.1731, 25.249], [55.1732, 25.2492], [55.1729, 25.2498], [55.173, 25.2501]]], [[[55.1798, 25.2512], [55.1801, 25.2511], [55.181, 25.2504], [55.1811, 25.2499], [55.181, 25.2493], [55.1809, 25.2492], [55.1805, 25.2493], [55.18, 25.2496], [55.1798, 25.2502], [55.1796, 25.2509], [55.1795, 25.2512], [55.1798, 25.2512]]], [[[55.1796, 25.2554], [55.181, 25.2551], [55.1815, 25.2547], [55.1816, 25.2538], [55.1811, 25.2531], [55.1795, 25.2521], [55.1788, 25.2522], [55.1782, 25.2515], [55.1782, 25.2509], [55.1778, 25.2508], [55.1763, 25.2519], [55.1761, 25.2519], [55.1763, 25.2511], [55.1757, 25.2504], [55.1742, 25.2511], [55.1734, 25.251], [55.1727, 25.2503], [55.1716, 25.2515], [55.1716, 25.2517], [55.1735, 25.253], [55.1749, 25.2535], [55.1759, 25.2537], [55.1796, 25.2554]]], [[[56.3715, 24.9871], [56.3714, 24.9875], [56.371, 24.9878], [56.3707, 24.9885], [56.3706, 24.989], [56.3706, 24.9895], [56.3704, 24.9896], [56.3704, 24.9897], [56.3703, 24.99], [56.3703, 24.9902], [56.3703, 24.9904], [56.3702, 24.9905], [56.3702, 24.9907], [56.3701, 24.991], [56.3701, 24.9913], [56.37, 24.9921], [56.3699, 24.993], [56.3699, 24.9932], [56.3698, 24.9933], [56.3698, 24.9936], [56.3698, 24.9937], [56.3698, 24.9941], [56.3696, 24.9949], [56.3693, 24.9957], [56.3691, 24.9957], [56.3691, 24.9958], [56.3691, 24.9965], [56.3689, 24.9973], [56.3688, 24.9977], [56.3686, 24.9981], [56.3686, 24.9985], [56.3687, 24.9986], [56.3687, 24.9987], [56.3686, 24.9989], [56.3685, 24.9991], [56.3683, 25.0], [56.3682, 25.0005], [56.3682, 25.001], [56.3681, 25.0016], [56.3682, 25.0019], [56.3682, 25.0026], [56.368, 25.003], [56.3678, 25.0031], [56.3677, 25.0033], [56.3676, 25.0034], [56.368, 25.0038], [56.3679, 25.0042], [56.3679, 25.0044], [56.3677, 25.0045], [56.3677, 25.0047], [56.3678, 25.0049], [56.3677, 25.005], [56.3675, 25.0052], [56.3674, 25.0054], [56.3674, 25.0059], [56.3676, 25.0059], [56.3676, 25.006], [56.3676, 25.0064], [56.3674, 25.0069], [56.3673, 25.0069], [56.367, 25.0074], [56.3668, 25.0078], [56.3668, 25.008], [56.3664, 25.0092], [56.3663, 25.0095], [56.3661, 25.0099], [56.366, 25.0102], [56.3658, 25.0105], [56.3656, 25.0108], [56.3656, 25.0109], [56.3654, 25.0111], [56.3653, 25.0113], [56.365, 25.0114], [56.3647, 25.0116], [56.3645, 25.0116], [56.3641, 25.0117], [56.3638, 25.0116], [56.3635, 25.0115], [56.3622, 25.0116], [56.3618, 25.0118], [56.3613, 25.0119], [56.361, 25.0121], [56.3608, 25.0124], [56.3607, 25.0126], [56.3606, 25.0129], [56.3605, 25.0132], [56.3606, 25.0136], [56.3609, 25.0142], [56.361, 25.0141], [56.361, 25.0143], [56.3611, 25.0144], [56.3613, 25.0143], [56.3615, 25.0141], [56.3616, 25.0145], [56.3617, 25.0147], [56.3621, 25.0147], [56.3623, 25.0149], [56.3625, 25.0151], [56.3628, 25.0152], [56.3631, 25.0157], [56.3634, 25.0161], [56.3635, 25.0163], [56.3637, 25.0167], [56.3637, 25.0169], [56.3639, 25.0169], [56.3641, 25.0175], [56.3641, 25.0178], [56.3643, 25.018], [56.3643, 25.0181], [56.3642, 25.0182], [56.3643, 25.0184], [56.3645, 25.0188], [56.3647, 25.0194], [56.3648, 25.0198], [56.365, 25.0202], [56.3651, 25.0206], [56.3652, 25.021], [56.3653, 25.0213], [56.3654, 25.0216], [56.3657, 25.0223], [56.3658, 25.0225], [56.3659, 25.0228], [56.366, 25.0231], [56.366, 25.0232], [56.3661, 25.0234], [56.3663, 25.024], [56.3663, 25.0242], [56.3663, 25.0243], [56.3663, 25.0246], [56.3669, 25.0247], [56.367, 25.0247], [56.367, 25.0248], [56.3668, 25.0249], [56.3668, 25.025], [56.367, 25.0252], [56.3673, 25.0253], [56.3674, 25.0254], [56.3676, 25.0254], [56.3678, 25.0257], [56.3681, 25.0261], [56.3684, 25.0263], [56.3689, 25.0266], [56.3694, 25.0269], [56.37, 25.0271], [56.3721, 25.0278], [56.3752, 25.0288], [56.3752, 25.0286], [56.3703, 25.027], [56.3696, 25.0267], [56.3695, 25.0266], [56.3695, 25.0257], [56.3695, 25.023], [56.3694, 25.0203], [56.3695, 25.0179], [56.3695, 25.0162], [56.3696, 25.0154], [56.3697, 25.0137], [56.3698, 25.0125], [56.3702, 25.0095], [56.3711, 25.0011], [56.3721, 24.9945], [56.3737, 24.9866], [56.375, 24.9806], [56.3739, 24.9803], [56.3731, 24.9801], [56.3731, 24.9802], [56.373, 24.9803], [56.3729, 24.9808], [56.3728, 24.9811], [56.3728, 24.9819], [56.3726, 24.9828], [56.3722, 24.9841], [56.372, 24.9847], [56.3719, 24.9853], [56.3717, 24.9856], [56.3714, 24.9857], [56.3714, 24.9858], [56.3715, 24.9861], [56.3716, 24.9864], [56.3717, 24.9866], [56.3715, 24.9871]]], [[[55.1922, 25.2112], [55.1922, 25.2111], [55.1921, 25.2111], [55.192, 25.2112], [55.1919, 25.2113], [55.192, 25.2114], [55.1921, 25.2113], [55.1922, 25.2112]]], [[[55.1926, 25.2116], [55.1927, 25.2115], [55.1926, 25.2114], [55.1925, 25.2113], [55.1924, 25.2113], [55.1923, 25.2115], [55.1923, 25.2116], [55.1925, 25.2116], [55.1926, 25.2116]]], [[[55.1931, 25.203], [55.1912, 25.2017], [55.1899, 25.2009], [55.189, 25.2003], [55.1889, 25.2005], [55.1898, 25.2011], [55.1911, 25.2019], [55.1929, 25.2032], [55.1937, 25.2042], [55.1945, 25.2056], [55.195, 25.2065], [55.1958, 25.2076], [55.1974, 25.2096], [55.1984, 25.2112], [55.1993, 25.2126], [55.1996, 25.2143], [55.2, 25.217], [55.2005, 25.2184], [55.2012, 25.2194], [55.2026, 25.2213], [55.2033, 25.2227], [55.2038, 25.2239], [55.2039, 25.2252], [55.2039, 25.2265], [55.2039, 25.2271], [55.2042, 25.2271], [55.2041, 25.2265], [55.2042, 25.2251], [55.2041, 25.2239], [55.2036, 25.2226], [55.2029, 25.221], [55.2013, 25.2191], [55.2008, 25.2183], [55.2002, 25.2169], [55.1999, 25.2143], [55.1995, 25.2126], [55.1987, 25.211], [55.1976, 25.2094], [55.196, 25.2075], [55.1953, 25.2064], [55.1948, 25.2055], [55.194, 25.2041], [55.1931, 25.203]]], [[[55.1935, 25.217], [55.1934, 25.2167], [55.1933, 25.2165], [55.193, 25.2162], [55.1924, 25.216], [55.1922, 25.2158], [55.192, 25.2156], [55.1916, 25.2152], [55.1914, 25.215], [55.1911, 25.2148], [55.1905, 25.2145], [55.1902, 25.2144], [55.1899, 25.2141], [55.1897, 25.2138], [55.1897, 25.2137], [55.1897, 25.2132], [55.1896, 25.213], [55.1893, 25.2121], [55.1892, 25.2118], [55.1892, 25.2115], [55.1893, 25.2109], [55.1893, 25.2106], [55.1892, 25.2104], [55.1888, 25.2095], [55.1887, 25.2091], [55.1887, 25.2087], [55.1887, 25.208], [55.1888, 25.2071], [55.1888, 25.2068], [55.1891, 25.2062], [55.1891, 25.2058], [55.1891, 25.2053], [55.1891, 25.2051], [55.189, 25.205], [55.1888, 25.2049], [55.1884, 25.2049], [55.188, 25.2049], [55.1879, 25.205], [55.1878, 25.2051], [55.1877, 25.2056], [55.1876, 25.2057], [55.1873, 25.2059], [55.1872, 25.2061], [55.1872, 25.2063], [55.1872, 25.2068], [55.1872, 25.207], [55.1871, 25.2072], [55.1868, 25.2075], [55.1867, 25.2079], [55.1867, 25.2082], [55.1867, 25.209], [55.1869, 25.2099], [55.1872, 25.2106], [55.1878, 25.2118], [55.188, 25.2122], [55.188, 25.2125], [55.1881, 25.2129], [55.1879, 25.2139], [55.1879, 25.2142], [55.1879, 25.2144], [55.188, 25.2146], [55.1883, 25.2148], [55.1889, 25.2154], [55.1892, 25.2156], [55.1902, 25.2161], [55.1906, 25.2163], [55.1915, 25.217], [55.1918, 25.2174], [55.1921, 25.2176], [55.1924, 25.2181], [55.1926, 25.2184], [55.1927, 25.2187], [55.1929, 25.2192], [55.193, 25.2195], [55.193, 25.2204], [55.1931, 25.2207], [55.1932, 25.221], [55.1937, 25.2214], [55.1937, 25.2215], [55.1936, 25.2215], [55.1932, 25.2217], [55.193, 25.2218], [55.1929, 25.2223], [55.193, 25.2227], [55.1931, 25.2231], [55.1933, 25.2235], [55.1937, 25.2236], [55.1944, 25.2231], [55.1946, 25.223], [55.195, 25.2232], [55.1956, 25.2232], [55.1958, 25.2232], [55.196, 25.2232], [55.1962, 25.2231], [55.1963, 25.223], [55.1966, 25.2226], [55.1967, 25.2224], [55.1968, 25.2223], [55.1971, 25.2223], [55.1972, 25.2222], [55.1973, 25.2221], [55.1973, 25.222], [55.1972, 25.2218], [55.1972, 25.2217], [55.1971, 25.2216], [55.197, 25.2216], [55.1969, 25.2215], [55.1967, 25.2215], [55.1966, 25.2216], [55.1963, 25.2218], [55.1962, 25.2219], [55.1959, 25.2218], [55.1956, 25.2216], [55.1955, 25.2214], [55.1954, 25.221], [55.1953, 25.2208], [55.1951, 25.2207], [55.1946, 25.2203], [55.1945, 25.22], [55.1944, 25.2198], [55.1944, 25.219], [55.1943, 25.2187], [55.1942, 25.2185], [55.1938, 25.218], [55.1937, 25.2178], [55.1936, 25.2176], [55.1935, 25.217]]], [[[55.1937, 25.2154], [55.1934, 25.2154], [55.1932, 25.2155], [55.193, 25.2156], [55.1934, 25.2159], [55.1938, 25.2163], [55.1937, 25.2165], [55.1941, 25.2171], [55.195, 25.2183], [55.1958, 25.2192], [55.1962, 25.2197], [55.1961, 25.22], [55.1966, 25.22], [55.1971, 25.2196], [55.1972, 25.2192], [55.1967, 25.2189], [55.1962, 25.2184], [55.1955, 25.2175], [55.1949, 25.2167], [55.1944, 25.2161], [55.1937, 25.2154]]], [[[55.2009, 25.2322], [55.2007, 25.232], [55.2005, 25.2319], [55.2, 25.2317], [55.199, 25.2314], [55.1988, 25.2315], [55.1987, 25.2316], [55.1986, 25.2319], [55.1986, 25.2321], [55.1987, 25.2322], [55.1988, 25.2322], [55.1993, 25.2324], [55.1995, 25.2325], [55.1999, 25.2325], [55.2002, 25.2326], [55.2003, 25.2328], [55.2003, 25.233], [55.2003, 25.2332], [55.2001, 25.2334], [55.2, 25.2334], [55.1998, 25.2334], [55.199, 25.233], [55.1988, 25.2329], [55.1982, 25.2323], [55.1979, 25.2321], [55.1973, 25.2318], [55.1969, 25.2316], [55.1966, 25.2316], [55.1963, 25.2316], [55.1957, 25.2316], [55.1955, 25.2317], [55.1949, 25.2321], [55.1947, 25.2321], [55.1946, 25.232], [55.1946, 25.2318], [55.1946, 25.2314], [55.1946, 25.2311], [55.1949, 25.2307], [55.1949, 25.2303], [55.1948, 25.2299], [55.1946, 25.2291], [55.1944, 25.2286], [55.194, 25.2279], [55.1938, 25.2277], [55.1937, 25.2271], [55.1936, 25.227], [55.1935, 25.2269], [55.1933, 25.2268], [55.1932, 25.2268], [55.193, 25.2268], [55.1928, 25.2269], [55.1927, 25.227], [55.1927, 25.2273], [55.1926, 25.2274], [55.1925, 25.2274], [55.1922, 25.2273], [55.1921, 25.2273], [55.192, 25.2274], [55.1918, 25.2275], [55.1918, 25.2276], [55.1917, 25.2277], [55.1917, 25.2281], [55.1918, 25.2283], [55.1919, 25.2285], [55.1921, 25.2288], [55.1922, 25.2288], [55.1924, 25.2291], [55.1926, 25.2294], [55.1928, 25.2297], [55.1928, 25.2301], [55.1926, 25.231], [55.1926, 25.2312], [55.1926, 25.2313], [55.1927, 25.2315], [55.1929, 25.2316], [55.1932, 25.2317], [55.1933, 25.2317], [55.1935, 25.2315], [55.1936, 25.2315], [55.1938, 25.2315], [55.1939, 25.2316], [55.194, 25.2317], [55.1941, 25.232], [55.194, 25.2323], [55.1939, 25.2325], [55.1938, 25.2327], [55.1936, 25.2328], [55.193, 25.2332], [55.1924, 25.2334], [55.1918, 25.2335], [55.1912, 25.2335], [55.1907, 25.2335], [55.1905, 25.2334], [55.1899, 25.233], [55.1895, 25.233], [55.1894, 25.233], [55.1893, 25.233], [55.1893, 25.2332], [55.1893, 25.2335], [55.1893, 25.2336], [55.1896, 25.2337], [55.1897, 25.2338], [55.1898, 25.234], [55.1898, 25.2341], [55.1896, 25.2343], [55.1895, 25.2344], [55.1894, 25.2344], [55.189, 25.2344], [55.1889, 25.2344], [55.1888, 25.2345], [55.1888, 25.2347], [55.1888, 25.2349], [55.1889, 25.2351], [55.1891, 25.2352], [55.1895, 25.2354], [55.1899, 25.2356], [55.1903, 25.2357], [55.191, 25.2359], [55.1912, 25.236], [55.1914, 25.2359], [55.1916, 25.2359], [55.1918, 25.2358], [55.192, 25.2357], [55.192, 25.2355], [55.192, 25.2349], [55.1921, 25.2349], [55.1922, 25.2348], [55.1924, 25.2348], [55.1926, 25.2349], [55.1927, 25.2352], [55.1928, 25.2353], [55.1929, 25.2354], [55.1932, 25.2354], [55.1934, 25.2353], [55.1935, 25.2352], [55.1939, 25.2345], [55.1943, 25.2342], [55.1946, 25.234], [55.195, 25.2338], [55.1954, 25.2337], [55.1957, 25.2337], [55.1963, 25.2338], [55.1966, 25.2338], [55.1968, 25.2339], [55.1971, 25.2341], [55.1974, 25.2346], [55.1975, 25.2347], [55.1978, 25.2348], [55.1981, 25.2348], [55.1983, 25.2348], [55.1984, 25.2347], [55.1987, 25.2342], [55.1988, 25.2341], [55.1989, 25.234], [55.1991, 25.234], [55.1996, 25.234], [55.2002, 25.2341], [55.2003, 25.2341], [55.2005, 25.2341], [55.2007, 25.234], [55.201, 25.2337], [55.2011, 25.2334], [55.2012, 25.233], [55.2012, 25.2328], [55.2011, 25.2326], [55.201, 25.2324], [55.2009, 25.2322]]], [[[55.1986, 25.2351], [55.1984, 25.2353], [55.1982, 25.2355], [55.1979, 25.2358], [55.1977, 25.2361], [55.1973, 25.2363], [55.1972, 25.2366], [55.1968, 25.2368], [55.1947, 25.2366], [55.194, 25.2364], [55.1935, 25.2364], [55.1928, 25.2363], [55.1922, 25.2364], [55.1921, 25.2367], [55.192, 25.2372], [55.192, 25.2375], [55.1919, 25.2378], [55.1918, 25.2382], [55.1916, 25.2385], [55.1915, 25.2387], [55.1913, 25.2385], [55.1912, 25.2382], [55.191, 25.238], [55.1909, 25.2377], [55.1907, 25.2375], [55.1904, 25.2373], [55.1901, 25.2371], [55.1896, 25.2369], [55.1889, 25.2369], [55.1886, 25.2369], [55.1882, 25.2368], [55.1879, 25.2368], [55.1877, 25.2366], [55.1876, 25.2364], [55.1876, 25.2361], [55.1877, 25.2359], [55.1879, 25.2358], [55.1881, 25.2357], [55.1882, 25.2355], [55.1881, 25.2352], [55.1878, 25.2351], [55.1877, 25.2349], [55.1875, 25.2348], [55.1872, 25.2347], [55.1871, 25.2348], [55.1869, 25.2349], [55.1867, 25.2351], [55.1866, 25.2352], [55.1867, 25.2352], [55.1866, 25.2359], [55.1866, 25.2363], [55.1867, 25.2366], [55.1869, 25.2369], [55.1873, 25.2372], [55.1878, 25.2377], [55.188, 25.2377], [55.1885, 25.2377], [55.1891, 25.2377], [55.1896, 25.2379], [55.19, 25.238], [55.1904, 25.2382], [55.1905, 25.2385], [55.1905, 25.2387], [55.1903, 25.2388], [55.19, 25.2388], [55.1895, 25.2388], [55.1891, 25.2386], [55.1886, 25.2384], [55.1882, 25.2383], [55.1878, 25.2384], [55.1878, 25.2387], [55.1889, 25.2392], [55.19, 25.2394], [55.1909, 25.2395], [55.1912, 25.2395], [55.1916, 25.2394], [55.1923, 25.2394], [55.1925, 25.2392], [55.1929, 25.2392], [55.1931, 25.2394], [55.1933, 25.2396], [55.1935, 25.2397], [55.1937, 25.2396], [55.1937, 25.2395], [55.1937, 25.2393], [55.1938, 25.2392], [55.1939, 25.239], [55.1943, 25.2389], [55.1946, 25.2388], [55.1949, 25.2387], [55.1953, 25.2387], [55.1959, 25.2387], [55.1962, 25.2387], [55.1963, 25.2387], [55.1965, 25.2387], [55.1966, 25.2386], [55.1969, 25.2386], [55.1974, 25.2383], [55.1976, 25.2382], [55.1979, 25.238], [55.1984, 25.2378], [55.1987, 25.2376], [55.1989, 25.2374], [55.199, 25.2373], [55.1992, 25.237], [55.1994, 25.2369], [55.1996, 25.2368], [55.1998, 25.2368], [55.2001, 25.2366], [55.2001, 25.2363], [55.2, 25.2363], [55.1998, 25.2363], [55.1997, 25.2362], [55.1997, 25.236], [55.1997, 25.2358], [55.1998, 25.2357], [55.2, 25.2356], [55.1999, 25.2354], [55.1998, 25.2352], [55.1997, 25.235], [55.1996, 25.2349], [55.1995, 25.2349], [55.1992, 25.235], [55.1989, 25.235], [55.1986, 25.2351]]], [[[55.1928, 25.2402], [55.1929, 25.2403], [55.193, 25.2405], [55.1935, 25.2408], [55.194, 25.2411], [55.1946, 25.2412], [55.1954, 25.2414], [55.1964, 25.2414], [55.197, 25.2414], [55.1979, 25.2413], [55.1986, 25.241], [55.1998, 25.2406], [55.2002, 25.2407], [55.2005, 25.2406], [55.2006, 25.2405], [55.2007, 25.2404], [55.2008, 25.2402], [55.201, 25.2397], [55.2011, 25.2393], [55.2009, 25.2386], [55.201, 25.2384], [55.2014, 25.238], [55.2017, 25.2378], [55.2019, 25.2374], [55.2018, 25.237], [55.2019, 25.2366], [55.2018, 25.2361], [55.2017, 25.2361], [55.2015, 25.2361], [55.2009, 25.2365], [55.2003, 25.2377], [55.2002, 25.2384], [55.1998, 25.2393], [55.1991, 25.2399], [55.1983, 25.2404], [55.1977, 25.2407], [55.1972, 25.2407], [55.1967, 25.2407], [55.1962, 25.2406], [55.1958, 25.2405], [55.1954, 25.2405], [55.1949, 25.2406], [55.1944, 25.2406], [55.1938, 25.2405], [55.1934, 25.2402], [55.1929, 25.24], [55.1927, 25.2401], [55.1927, 25.2402], [55.1928, 25.2402]]], [[[55.2023, 25.2449], [55.2028, 25.2435], [55.2031, 25.2422], [55.2036, 25.2405], [55.2042, 25.2382], [55.2046, 25.2372], [55.2047, 25.2355], [55.2046, 25.2341], [55.2042, 25.2322], [55.2039, 25.2309], [55.2035, 25.2299], [55.2033, 25.2294], [55.2031, 25.2297], [55.2033, 25.2301], [55.2036, 25.231], [55.204, 25.2322], [55.2044, 25.2341], [55.2044, 25.2355], [55.2042, 25.2372], [55.204, 25.2382], [55.2033, 25.2404], [55.2025, 25.2434], [55.2021, 25.2449], [55.2017, 25.2461], [55.2012, 25.2471], [55.2008, 25.2479], [55.2004, 25.2487], [55.1998, 25.2494], [55.1991, 25.2501], [55.1984, 25.2509], [55.1975, 25.2515], [55.1966, 25.2522], [55.1956, 25.2528], [55.1946, 25.2535], [55.1938, 25.2541], [55.1928, 25.2547], [55.1929, 25.2549], [55.1939, 25.2542], [55.1947, 25.2536], [55.1957, 25.2529], [55.1967, 25.2523], [55.1976, 25.2516], [55.1985, 25.251], [55.1993, 25.2502], [55.1999, 25.2495], [55.2005, 25.2488], [55.201, 25.248], [55.2014, 25.2472], [55.2019, 25.2462], [55.2023, 25.2449]]], [[[55.192, 25.246], [55.1919, 25.2464], [55.1911, 25.2469], [55.191, 25.2471], [55.1912, 25.2474], [55.1923, 25.2481], [55.193, 25.2482], [55.1939, 25.248], [55.1954, 25.2466], [55.1954, 25.2463], [55.195, 25.2462], [55.1941, 25.2469], [55.1933, 25.247], [55.1931, 25.2468], [55.193, 25.2466], [55.193, 25.2464], [55.1932, 25.2457], [55.1935, 25.2455], [55.1946, 25.2447], [55.1947, 25.2443], [55.1946, 25.244], [55.194, 25.244], [55.1933, 25.2443], [55.1929, 25.2449], [55.192, 25.246]]], [[[56.2804, 25.2881], [56.2818, 25.2855], [56.2813, 25.2848], [56.284, 25.282], [56.2872, 25.2776], [56.289, 25.277], [56.2932, 25.277], [56.2932, 25.2762], [56.2891, 25.2755], [56.288, 25.2737], [56.2869, 25.2725], [56.2847, 25.2706], [56.2845, 25.2668], [56.2851, 25.2653], [56.2847, 25.2628], [56.2828, 25.2633], [56.2818, 25.2621], [56.2794, 25.262], [56.277, 25.2628], [56.276, 25.2621], [56.2737, 25.2607], [56.2718, 25.2614], [56.2702, 25.2633], [56.27, 25.2641], [56.271, 25.2672], [56.2711, 25.2699], [56.2711, 25.2728], [56.2711, 25.2745], [56.2702, 25.2755], [56.2679, 25.2779], [56.2677, 25.2795], [56.269, 25.2804], [56.2692, 25.2822], [56.272, 25.2847], [56.2727, 25.2867], [56.2743, 25.2869], [56.2778, 25.2904], [56.2795, 25.2903], [56.2804, 25.2881]]], [[[55.2907, 25.3116], [55.2908, 25.3116], [55.2909, 25.3115], [55.2911, 25.3114], [55.2912, 25.3114], [55.2913, 25.3113], [55.2914, 25.3112], [55.2915, 25.3111], [55.2916, 25.311], [55.2917, 25.311], [55.2918, 25.3109], [55.2919, 25.3108], [55.292, 25.3107], [55.2921, 25.3106], [55.2922, 25.3105], [55.2922, 25.3104], [55.2923, 25.3104], [55.2923, 25.3103], [55.2923, 25.3102], [55.2923, 25.3101], [55.2923, 25.31], [55.2922, 25.31], [55.2922, 25.3099], [55.292, 25.3096], [55.2921, 25.3095], [55.2921, 25.3094], [55.2922, 25.3093], [55.2923, 25.3092], [55.2924, 25.3091], [55.2925, 25.309], [55.2926, 25.3089], [55.2927, 25.3089], [55.2928, 25.3088], [55.2929, 25.3087], [55.293, 25.3086], [55.2931, 25.3085], [55.2933, 25.3085], [55.2934, 25.3084], [55.2935, 25.3083], [55.2936, 25.3083], [55.2937, 25.3082], [55.2939, 25.3082], [55.2941, 25.3085], [55.2942, 25.3085], [55.2942, 25.3086], [55.2943, 25.3086], [55.2944, 25.3086], [55.2945, 25.3086], [55.2946, 25.3086], [55.2947, 25.3086], [55.2948, 25.3086], [55.2948, 25.3085], [55.2952, 25.3083], [55.2957, 25.3079], [55.2963, 25.3074], [55.2964, 25.3074], [55.2964, 25.3073], [55.2964, 25.3072], [55.2964, 25.3071], [55.2963, 25.307], [55.2962, 25.3069], [55.2961, 25.3068], [55.2961, 25.3067], [55.296, 25.3067], [55.2959, 25.3066], [55.2959, 25.3065], [55.2958, 25.3064], [55.2958, 25.3063], [55.2957, 25.3062], [55.2957, 25.3061], [55.2957, 25.306], [55.2957, 25.3059], [55.2956, 25.3058], [55.2956, 25.3057], [55.2956, 25.3056], [55.2956, 25.3055], [55.2956, 25.3054], [55.2956, 25.3053], [55.2956, 25.3052], [55.2956, 25.3051], [55.2956, 25.305], [55.2956, 25.3049], [55.2957, 25.3048], [55.2957, 25.3047], [55.2957, 25.3046], [55.2958, 25.3046], [55.2958, 25.3045], [55.2958, 25.3044], [55.2959, 25.3043], [55.2959, 25.3042], [55.296, 25.3042], [55.296, 25.3041], [55.2961, 25.304], [55.2962, 25.3039], [55.2962, 25.3038], [55.2961, 25.3037], [55.2961, 25.3036], [55.296, 25.3036], [55.2959, 25.3035], [55.2957, 25.3035], [55.2955, 25.3034], [55.2953, 25.3032], [55.2952, 25.3031], [55.295, 25.303], [55.2948, 25.3029], [55.2947, 25.3029], [55.2946, 25.3029], [55.2945, 25.3029], [55.2944, 25.3029], [55.2937, 25.3031], [55.2936, 25.3031], [55.2935, 25.3031], [55.2934, 25.3031], [55.2934, 25.303], [55.2933, 25.303], [55.2932, 25.3029], [55.293, 25.3028], [55.2928, 25.3026], [55.2927, 25.3025], [55.2925, 25.3023], [55.2924, 25.3022], [55.2922, 25.302], [55.292, 25.3019], [55.2919, 25.3017], [55.2917, 25.3016], [55.2916, 25.3014], [55.2915, 25.3013], [55.2913, 25.3011], [55.2912, 25.3009], [55.2911, 25.3008], [55.2909, 25.3006], [55.2908, 25.3004], [55.2907, 25.3002], [55.2906, 25.3001], [55.2906, 25.3], [55.2907, 25.2999], [55.291, 25.2991], [55.291, 25.299], [55.291, 25.2989], [55.291, 25.2988], [55.2909, 25.2987], [55.2908, 25.2985], [55.2906, 25.2982], [55.2905, 25.2979], [55.2903, 25.2977], [55.2902, 25.2974], [55.2901, 25.2971], [55.29, 25.2969], [55.2898, 25.2966], [55.2897, 25.2963], [55.2896, 25.296], [55.2895, 25.2958], [55.2894, 25.2955], [55.2893, 25.2952], [55.2892, 25.2949], [55.2891, 25.2947], [55.289, 25.2944], [55.2889, 25.2942], [55.2888, 25.2939], [55.2887, 25.2937], [55.2886, 25.2934], [55.2885, 25.2933], [55.2884, 25.2933], [55.2883, 25.2934], [55.2862, 25.2986], [55.2861, 25.2986], [55.2856, 25.2994], [55.2852, 25.3001], [55.2841, 25.3018], [55.284, 25.3019], [55.2839, 25.3021], [55.2837, 25.3023], [55.2836, 25.3025], [55.2834, 25.3027], [55.2832, 25.3029], [55.2831, 25.3031], [55.2829, 25.3032], [55.2827, 25.3034], [55.2826, 25.3036], [55.2824, 25.3038], [55.2822, 25.3039], [55.282, 25.3041], [55.2818, 25.3043], [55.2816, 25.3044], [55.2814, 25.3046], [55.2813, 25.3048], [55.2811, 25.3049], [55.2807, 25.3053], [55.2803, 25.3056], [55.2799, 25.306], [55.2795, 25.3063], [55.2791, 25.3067], [55.2787, 25.307], [55.2783, 25.3074], [55.2778, 25.3077], [55.2774, 25.3081], [55.2774, 25.3082], [55.2773, 25.3082], [55.2773, 25.3083], [55.2774, 25.3083], [55.2774, 25.3084], [55.2775, 25.3084], [55.2775, 25.3085], [55.2776, 25.3085], [55.2777, 25.3085], [55.2777, 25.3084], [55.2778, 25.3084], [55.278, 25.3082], [55.2785, 25.3078], [55.2805, 25.3102], [55.2805, 25.311], [55.2784, 25.3124], [55.2775, 25.3122], [55.2759, 25.3107], [55.2759, 25.3106], [55.2758, 25.3106], [55.2758, 25.3105], [55.2758, 25.3104], [55.2758, 25.3103], [55.2758, 25.3102], [55.2758, 25.3101], [55.2758, 25.31], [55.2762, 25.3094], [55.2763, 25.3093], [55.2763, 25.3092], [55.2763, 25.3091], [55.2763, 25.309], [55.2762, 25.3089], [55.2761, 25.3089], [55.2762, 25.309], [55.2762, 25.3091], [55.2762, 25.3092], [55.2762, 25.3093], [55.2758, 25.3099], [55.2756, 25.3102], [55.2756, 25.3101], [55.2755, 25.3101], [55.2755, 25.31], [55.2754, 25.31], [55.2753, 25.3099], [55.2753, 25.3098], [55.2752, 25.3098], [55.2752, 25.3097], [55.2751, 25.3097], [55.2751, 25.3096], [55.275, 25.3096], [55.275, 25.3095], [55.2749, 25.3095], [55.2749, 25.3094], [55.2748, 25.3093], [55.2748, 25.3092], [55.2747, 25.3092], [55.2747, 25.3091], [55.2747, 25.309], [55.2746, 25.3089], [55.2746, 25.3088], [55.2746, 25.3087], [55.2746, 25.3086], [55.2746, 25.3085], [55.2746, 25.3084], [55.2746, 25.3083], [55.2746, 25.3082], [55.2747, 25.3081], [55.2748, 25.308], [55.2748, 25.3079], [55.2749, 25.3079], [55.275, 25.3078], [55.2751, 25.3077], [55.2752, 25.3076], [55.2753, 25.3076], [55.2753, 25.3075], [55.2754, 25.3075], [55.2755, 25.3075], [55.2755, 25.3074], [55.2756, 25.3074], [55.2757, 25.3074], [55.2758, 25.3074], [55.2759, 25.3074], [55.276, 25.3074], [55.276, 25.3073], [55.2761, 25.3072], [55.2761, 25.3071], [55.276, 25.3071], [55.276, 25.307], [55.2759, 25.307], [55.2758, 25.3069], [55.2758, 25.307], [55.2757, 25.307], [55.2756, 25.307], [55.2756, 25.3071], [55.2755, 25.3071], [55.2754, 25.3072], [55.2753, 25.3073], [55.2751, 25.3074], [55.275, 25.3075], [55.2749, 25.3076], [55.2748, 25.3077], [55.2748, 25.3078], [55.2747, 25.3079], [55.2746, 25.308], [55.2745, 25.3081], [55.2744, 25.3082], [55.2743, 25.3083], [55.2742, 25.3084], [55.2742, 25.3085], [55.2741, 25.3086], [55.274, 25.3088], [55.274, 25.3089], [55.2739, 25.309], [55.2739, 25.3091], [55.2738, 25.3091], [55.2738, 25.3092], [55.2738, 25.3093], [55.2738, 25.3094], [55.2737, 25.3095], [55.2737, 25.3096], [55.2737, 25.3097], [55.2737, 25.3098], [55.2737, 25.3099], [55.2737, 25.31], [55.2737, 25.3101], [55.2737, 25.3102], [55.2737, 25.3103], [55.2737, 25.3104], [55.2737, 25.3105], [55.2738, 25.3106], [55.2738, 25.3107], [55.2739, 25.3108], [55.2739, 25.3109], [55.274, 25.311], [55.274, 25.3111], [55.2741, 25.3111], [55.2741, 25.3112], [55.2742, 25.3113], [55.2742, 25.3114], [55.2743, 25.3114], [55.2744, 25.3115], [55.2745, 25.3116], [55.2746, 25.3117], [55.2747, 25.3118], [55.2748, 25.3118], [55.2751, 25.312], [55.2754, 25.3122], [55.2757, 25.3124], [55.276, 25.3126], [55.2763, 25.3128], [55.2766, 25.313], [55.2769, 25.3132], [55.2772, 25.3134], [55.2776, 25.3136], [55.278, 25.3139], [55.2784, 25.3142], [55.2786, 25.3143], [55.2787, 25.3144], [55.2788, 25.3145], [55.2789, 25.3145], [55.2791, 25.3146], [55.2792, 25.3147], [55.2793, 25.3148], [55.2795, 25.3148], [55.2796, 25.3149], [55.2797, 25.3149], [55.2799, 25.315], [55.28, 25.315], [55.2802, 25.3151], [55.2803, 25.3151], [55.2804, 25.3152], [55.2806, 25.3152], [55.2807, 25.3152], [55.2809, 25.3153], [55.281, 25.3153], [55.2812, 25.3153], [55.2813, 25.3153], [55.2815, 25.3153], [55.2816, 25.3154], [55.2818, 25.3154], [55.2819, 25.3154], [55.2821, 25.3154], [55.2822, 25.3154], [55.2824, 25.3154], [55.2825, 25.3153], [55.2827, 25.3153], [55.2828, 25.3153], [55.283, 25.3153], [55.2831, 25.3153], [55.2833, 25.3152], [55.2834, 25.3152], [55.2836, 25.3152], [55.2837, 25.3151], [55.2839, 25.3151], [55.284, 25.315], [55.2842, 25.315], [55.2843, 25.3149], [55.2846, 25.3148], [55.2848, 25.3147], [55.285, 25.3146], [55.2853, 25.3145], [55.2855, 25.3144], [55.2858, 25.3143], [55.286, 25.3142], [55.2862, 25.3141], [55.2864, 25.314], [55.2867, 25.3139], [55.2869, 25.3137], [55.2871, 25.3136], [55.2872, 25.3136], [55.2872, 25.3135], [55.2873, 25.3135], [55.2873, 25.3134], [55.2873, 25.3133], [55.2874, 25.3133], [55.2874, 25.3132], [55.2874, 25.3131], [55.2873, 25.3131], [55.2873, 25.313], [55.287, 25.3126], [55.2871, 25.3125], [55.2872, 25.3124], [55.2873, 25.3124], [55.2874, 25.3123], [55.2875, 25.3122], [55.2876, 25.3121], [55.2878, 25.312], [55.2879, 25.312], [55.288, 25.3119], [55.2881, 25.3118], [55.2882, 25.3118], [55.2883, 25.3117], [55.2885, 25.3117], [55.2886, 25.3116], [55.2887, 25.3116], [55.2889, 25.3115], [55.289, 25.3115], [55.2891, 25.3115], [55.2894, 25.3118], [55.2895, 25.3119], [55.2896, 25.3119], [55.2897, 25.312], [55.2898, 25.312], [55.2899, 25.312], [55.29, 25.3119], [55.2901, 25.3119], [55.2902, 25.3119], [55.2903, 25.3118], [55.2904, 25.3118], [55.2906, 25.3117], [55.2907, 25.3116]]], [[[55.296, 25.3054], [55.296, 25.3055], [55.296, 25.3056], [55.296, 25.3057], [55.2961, 25.3058], [55.2961, 25.3059], [55.2962, 25.3059], [55.2962, 25.306], [55.2963, 25.306], [55.2963, 25.3061], [55.2964, 25.3061], [55.2964, 25.3062], [55.2965, 25.3062], [55.2965, 25.3063], [55.2965, 25.3064], [55.2965, 25.3065], [55.2965, 25.3066], [55.2966, 25.3067], [55.2966, 25.3068], [55.2967, 25.3068], [55.2967, 25.3069], [55.2968, 25.3069], [55.2969, 25.3069], [55.297, 25.3069], [55.2971, 25.3069], [55.2972, 25.3069], [55.2973, 25.3068], [55.2975, 25.3067], [55.2977, 25.3066], [55.2979, 25.3066], [55.2981, 25.3065], [55.2983, 25.3064], [55.2985, 25.3063], [55.2987, 25.3062], [55.2988, 25.3062], [55.2989, 25.3061], [55.299, 25.3061], [55.299, 25.306], [55.2991, 25.3059], [55.2992, 25.3058], [55.2992, 25.3057], [55.2993, 25.3056], [55.2993, 25.3055], [55.2993, 25.3054], [55.2993, 25.3053], [55.2993, 25.3052], [55.2992, 25.3051], [55.2992, 25.305], [55.2991, 25.3049], [55.2991, 25.3048], [55.299, 25.3048], [55.299, 25.3047], [55.2989, 25.3047], [55.2988, 25.3046], [55.2987, 25.3046], [55.2986, 25.3045], [55.2984, 25.3045], [55.2982, 25.3044], [55.298, 25.3044], [55.2978, 25.3043], [55.2976, 25.3043], [55.2974, 25.3042], [55.2972, 25.3041], [55.297, 25.304], [55.2969, 25.304], [55.2968, 25.304], [55.2967, 25.304], [55.2966, 25.304], [55.2966, 25.3041], [55.2965, 25.3041], [55.2965, 25.3042], [55.2964, 25.3042], [55.2964, 25.3043], [55.2964, 25.3044], [55.2964, 25.3045], [55.2964, 25.3046], [55.2964, 25.3047], [55.2964, 25.3048], [55.2963, 25.3048], [55.2963, 25.3049], [55.2962, 25.305], [55.2962, 25.3051], [55.2961, 25.3051], [55.2961, 25.3052], [55.296, 25.3052], [55.296, 25.3053], [55.296, 25.3054]]], [[[55.3099, 25.3108], [55.3099, 25.3107], [55.31, 25.3106], [55.31, 25.3105], [55.31, 25.3104], [55.31, 25.3102], [55.31, 25.3101], [55.31, 25.31], [55.31, 25.3099], [55.31, 25.3098], [55.3099, 25.3097], [55.3099, 25.3096], [55.3099, 25.3094], [55.3099, 25.3093], [55.3098, 25.3092], [55.3098, 25.3091], [55.3098, 25.309], [55.3097, 25.3089], [55.3097, 25.3088], [55.3096, 25.3087], [55.3096, 25.3086], [55.3095, 25.3085], [55.3095, 25.3084], [55.3094, 25.3083], [55.3093, 25.3082], [55.3092, 25.3081], [55.3092, 25.308], [55.3091, 25.3079], [55.309, 25.3079], [55.3089, 25.3078], [55.3088, 25.3077], [55.3087, 25.3076], [55.3086, 25.3076], [55.3085, 25.3075], [55.3084, 25.3074], [55.3083, 25.3074], [55.3082, 25.3073], [55.3081, 25.3073], [55.308, 25.3072], [55.3078, 25.3072], [55.3077, 25.3071], [55.3076, 25.3071], [55.3075, 25.307], [55.3074, 25.307], [55.3073, 25.307], [55.3071, 25.3069], [55.307, 25.3069], [55.3069, 25.3069], [55.3068, 25.3069], [55.3066, 25.3069], [55.3065, 25.3069], [55.3064, 25.3068], [55.3063, 25.3068], [55.3061, 25.3068], [55.306, 25.3069], [55.3059, 25.3069], [55.3058, 25.3069], [55.3056, 25.3069], [55.3055, 25.3069], [55.3054, 25.3069], [55.3053, 25.307], [55.3051, 25.307], [55.305, 25.307], [55.3049, 25.3071], [55.3048, 25.3071], [55.3047, 25.3071], [55.3046, 25.3072], [55.3044, 25.3072], [55.3043, 25.3073], [55.3042, 25.3073], [55.3041, 25.3074], [55.2966, 25.3118], [55.2966, 25.3119], [55.2967, 25.3119], [55.2974, 25.312], [55.2973, 25.3141], [55.2954, 25.3141], [55.2954, 25.314], [55.2954, 25.3139], [55.2953, 25.3139], [55.2953, 25.3138], [55.2952, 25.3138], [55.2951, 25.3138], [55.295, 25.3138], [55.2949, 25.3139], [55.2949, 25.314], [55.2949, 25.3141], [55.2949, 25.3142], [55.295, 25.3142], [55.2951, 25.3142], [55.2952, 25.3142], [55.2953, 25.3142], [55.2955, 25.3143], [55.2957, 25.3143], [55.2958, 25.3143], [55.296, 25.3143], [55.2961, 25.3143], [55.2962, 25.3143], [55.2964, 25.3143], [55.2965, 25.3143], [55.2966, 25.3143], [55.2967, 25.3143], [55.2968, 25.3144], [55.297, 25.3145], [55.2971, 25.3146], [55.2972, 25.3148], [55.2973, 25.3149], [55.2974, 25.315], [55.2975, 25.3151], [55.2976, 25.3152], [55.2977, 25.3153], [55.2978, 25.3154], [55.2979, 25.3156], [55.298, 25.3157], [55.298, 25.3158], [55.2981, 25.316], [55.2982, 25.3161], [55.2983, 25.3162], [55.2983, 25.3164], [55.2984, 25.3165], [55.2985, 25.3166], [55.2985, 25.3168], [55.2985, 25.3169], [55.2985, 25.317], [55.2985, 25.3171], [55.2984, 25.3172], [55.2984, 25.3173], [55.2983, 25.3174], [55.2983, 25.3176], [55.2982, 25.3177], [55.2981, 25.3179], [55.2981, 25.318], [55.298, 25.3182], [55.298, 25.3183], [55.2981, 25.3183], [55.2981, 25.3184], [55.2982, 25.3184], [55.2982, 25.3185], [55.2983, 25.3185], [55.2984, 25.3184], [55.2985, 25.3184], [55.2985, 25.3183], [55.2985, 25.3182], [55.2985, 25.3181], [55.2984, 25.3181], [55.2984, 25.318], [55.2983, 25.318], [55.299, 25.3163], [55.3012, 25.317], [55.301, 25.3177], [55.301, 25.3178], [55.3011, 25.3178], [55.3084, 25.3131], [55.3085, 25.313], [55.3086, 25.3129], [55.3087, 25.3128], [55.3088, 25.3127], [55.3089, 25.3126], [55.309, 25.3125], [55.3091, 25.3124], [55.3092, 25.3124], [55.3092, 25.3123], [55.3093, 25.3122], [55.3094, 25.3121], [55.3094, 25.312], [55.3095, 25.3119], [55.3096, 25.3118], [55.3096, 25.3117], [55.3097, 25.3116], [55.3097, 25.3115], [55.3098, 25.3114], [55.3098, 25.3112], [55.3098, 25.3111], [55.3099, 25.311], [55.3099, 25.3109], [55.3099, 25.3108]]], [[[55.252, 25.3108], [55.2516, 25.3108], [55.2512, 25.3109], [55.2508, 25.3109], [55.2504, 25.3109], [55.25, 25.311], [55.2496, 25.311], [55.2492, 25.3111], [55.2489, 25.3112], [55.2485, 25.3112], [55.2481, 25.3113], [55.2477, 25.3114], [55.2473, 25.3114], [55.2469, 25.3115], [55.2466, 25.3116], [55.2462, 25.3117], [55.2458, 25.3118], [55.2454, 25.3119], [55.245, 25.3119], [55.2447, 25.312], [55.2443, 25.3121], [55.2439, 25.3123], [55.2435, 25.3124], [55.2432, 25.3125], [55.2428, 25.3126], [55.2424, 25.3127], [55.2421, 25.3128], [55.2417, 25.313], [55.2416, 25.313], [55.2415, 25.313], [55.2415, 25.3131], [55.2414, 25.3131], [55.2413, 25.3131], [55.2412, 25.3132], [55.2411, 25.3132], [55.2411, 25.3133], [55.241, 25.3134], [55.2409, 25.3134], [55.2409, 25.3135], [55.2408, 25.3135], [55.2407, 25.3136], [55.2407, 25.3137], [55.2406, 25.3137], [55.2406, 25.3138], [55.2405, 25.3139], [55.2405, 25.314], [55.2404, 25.3141], [55.2404, 25.3142], [55.2404, 25.3143], [55.2403, 25.3144], [55.2403, 25.3145], [55.2403, 25.3146], [55.2403, 25.3147], [55.2403, 25.3148], [55.2403, 25.3149], [55.2403, 25.3189], [55.2403, 25.319], [55.2404, 25.319], [55.2404, 25.3191], [55.2404, 25.3192], [55.241, 25.3202], [55.2411, 25.3202], [55.2412, 25.3202], [55.241, 25.3199], [55.241, 25.3198], [55.2411, 25.3197], [55.2415, 25.3195], [55.2418, 25.3194], [55.2421, 25.3192], [55.2424, 25.3191], [55.2428, 25.3189], [55.2431, 25.3188], [55.2434, 25.3186], [55.2437, 25.3185], [55.2441, 25.3184], [55.2444, 25.3182], [55.2448, 25.3181], [55.2451, 25.318], [55.2454, 25.3178], [55.2458, 25.3177], [55.2461, 25.3176], [55.2465, 25.3175], [55.2468, 25.3174], [55.2471, 25.3173], [55.2475, 25.3172], [55.2478, 25.3171], [55.2482, 25.317], [55.2486, 25.3169], [55.2489, 25.3168], [55.2493, 25.3167], [55.2496, 25.3166], [55.25, 25.3165], [55.2503, 25.3165], [55.2507, 25.3164], [55.251, 25.3163], [55.2514, 25.3162], [55.2518, 25.3162], [55.2521, 25.3161], [55.2525, 25.3161], [55.2528, 25.316], [55.2532, 25.316], [55.2536, 25.3159], [55.2539, 25.3159], [55.2543, 25.3158], [55.2544, 25.3159], [55.2545, 25.3159], [55.2545, 25.316], [55.2545, 25.3162], [55.2545, 25.3163], [55.2546, 25.3163], [55.2546, 25.3162], [55.2545, 25.3111], [55.2545, 25.311], [55.2545, 25.3109], [55.2544, 25.3109], [55.2544, 25.3108], [55.2543, 25.3108], [55.2543, 25.3107], [55.2542, 25.3107], [55.2541, 25.3107], [55.254, 25.3107], [55.2539, 25.3107], [55.2535, 25.3107], [55.2531, 25.3107], [55.2527, 25.3107], [55.2523, 25.3108], [55.252, 25.3108]]], [[[55.2624, 25.3112], [55.2621, 25.3112], [55.2617, 25.3111], [55.2613, 25.311], [55.2609, 25.311], [55.2605, 25.3109], [55.2601, 25.3109], [55.2597, 25.3109], [55.2593, 25.3108], [55.259, 25.3108], [55.2586, 25.3108], [55.2582, 25.3107], [55.2578, 25.3107], [55.2577, 25.3107], [55.2576, 25.3107], [55.2575, 25.3107], [55.2574, 25.3108], [55.2573, 25.3108], [55.2572, 25.3108], [55.2572, 25.3109], [55.2571, 25.3109], [55.2571, 25.311], [55.257, 25.311], [55.257, 25.3111], [55.2569, 25.3111], [55.2569, 25.3112], [55.2568, 25.3113], [55.2568, 25.3114], [55.2568, 25.3115], [55.2568, 25.3116], [55.2569, 25.3161], [55.257, 25.3161], [55.257, 25.3158], [55.257, 25.3157], [55.2571, 25.3157], [55.2575, 25.3157], [55.2579, 25.3157], [55.2582, 25.3157], [55.2586, 25.3157], [55.259, 25.3157], [55.2593, 25.3157], [55.2597, 25.3157], [55.2601, 25.3157], [55.2605, 25.3158], [55.2609, 25.3158], [55.2613, 25.3158], [55.2617, 25.3159], [55.2621, 25.3159], [55.2625, 25.3159], [55.2629, 25.316], [55.2633, 25.316], [55.2637, 25.3161], [55.2641, 25.3161], [55.2645, 25.3162], [55.2649, 25.3163], [55.2653, 25.3163], [55.2657, 25.3164], [55.2661, 25.3165], [55.2665, 25.3166], [55.2669, 25.3166], [55.2673, 25.3167], [55.2677, 25.3168], [55.2681, 25.3169], [55.2685, 25.317], [55.2689, 25.3171], [55.2692, 25.3172], [55.2696, 25.3173], [55.27, 25.3174], [55.2704, 25.3175], [55.2708, 25.3177], [55.2712, 25.3178], [55.2716, 25.3179], [55.2719, 25.318], [55.2723, 25.3182], [55.2727, 25.3183], [55.2731, 25.3184], [55.2735, 25.3186], [55.2738, 25.3187], [55.2742, 25.3189], [55.2746, 25.319], [55.2749, 25.3192], [55.2753, 25.3193], [55.2757, 25.3195], [55.276, 25.3196], [55.2764, 25.3198], [55.2767, 25.3199], [55.2767, 25.32], [55.2768, 25.32], [55.2768, 25.3201], [55.2768, 25.3202], [55.2768, 25.3203], [55.2765, 25.3207], [55.2765, 25.3208], [55.2765, 25.3209], [55.2766, 25.3209], [55.2767, 25.321], [55.2768, 25.3209], [55.2769, 25.3209], [55.2786, 25.3183], [55.2786, 25.3182], [55.2786, 25.3181], [55.2787, 25.3181], [55.2787, 25.318], [55.2787, 25.3179], [55.2786, 25.3178], [55.2786, 25.3177], [55.2785, 25.3176], [55.2784, 25.3175], [55.2781, 25.3173], [55.2778, 25.3171], [55.2775, 25.3169], [55.2772, 25.3167], [55.2768, 25.3165], [55.2765, 25.3163], [55.2762, 25.3161], [55.2758, 25.3159], [55.2755, 25.3158], [55.2752, 25.3156], [55.2748, 25.3154], [55.2745, 25.3152], [55.2742, 25.315], [55.2738, 25.3149], [55.2735, 25.3147], [55.2731, 25.3145], [55.2728, 25.3144], [55.2724, 25.3142], [55.2721, 25.3141], [55.2717, 25.3139], [55.2714, 25.3138], [55.271, 25.3136], [55.2707, 25.3135], [55.2703, 25.3133], [55.2699, 25.3132], [55.2696, 25.3131], [55.2692, 25.3129], [55.2688, 25.3128], [55.2685, 25.3127], [55.2681, 25.3126], [55.2677, 25.3125], [55.2674, 25.3124], [55.267, 25.3122], [55.2666, 25.3121], [55.2662, 25.312], [55.2659, 25.3119], [55.2655, 25.3118], [55.2651, 25.3118], [55.2647, 25.3117], [55.2644, 25.3116], [55.264, 25.3115], [55.2636, 25.3114], [55.2632, 25.3114], [55.2628, 25.3113], [55.2624, 25.3112]]], [[[55.3314, 25.3253], [55.3314, 25.3254], [55.3314, 25.3255], [55.3313, 25.3256], [55.3311, 25.3256], [55.331, 25.3256], [55.3309, 25.3256], [55.3308, 25.3257], [55.3303, 25.3265], [55.3299, 25.3267], [55.3289, 25.3258], [55.3291, 25.3227], [55.3312, 25.3225], [55.3313, 25.3231], [55.3313, 25.3232], [55.3313, 25.3233], [55.3311, 25.3238], [55.3311, 25.3239], [55.3312, 25.3239], [55.3313, 25.3239], [55.3315, 25.3233], [55.3315, 25.3232], [55.3315, 25.3231], [55.3314, 25.3225], [55.3314, 25.3224], [55.3314, 25.3222], [55.3314, 25.3219], [55.3313, 25.3217], [55.3313, 25.3215], [55.3313, 25.3212], [55.3312, 25.321], [55.3312, 25.3207], [55.3312, 25.3205], [55.3311, 25.3202], [55.3311, 25.32], [55.3311, 25.3197], [55.331, 25.3195], [55.331, 25.3193], [55.331, 25.319], [55.3309, 25.3188], [55.3309, 25.3185], [55.3308, 25.3183], [55.3308, 25.318], [55.3308, 25.3178], [55.3307, 25.3175], [55.3307, 25.3173], [55.3306, 25.3171], [55.3306, 25.3168], [55.3305, 25.3166], [55.3305, 25.3163], [55.3304, 25.3161], [55.3304, 25.3159], [55.3303, 25.3156], [55.3303, 25.3154], [55.3302, 25.3151], [55.3302, 25.3149], [55.3301, 25.3146], [55.3301, 25.3144], [55.33, 25.3142], [55.3299, 25.3139], [55.3299, 25.3137], [55.3298, 25.3134], [55.3298, 25.3132], [55.3297, 25.313], [55.3297, 25.3127], [55.3296, 25.3125], [55.3295, 25.3122], [55.3295, 25.312], [55.3294, 25.3118], [55.3294, 25.3117], [55.3294, 25.3115], [55.3293, 25.3114], [55.3293, 25.3113], [55.3293, 25.3112], [55.3293, 25.311], [55.3294, 25.3107], [55.3294, 25.3104], [55.3294, 25.3101], [55.3294, 25.3098], [55.3295, 25.3095], [55.3295, 25.3093], [55.3296, 25.309], [55.3296, 25.3087], [55.3297, 25.3085], [55.3297, 25.3084], [55.3293, 25.3075], [55.3292, 25.3074], [55.3292, 25.3073], [55.3291, 25.3073], [55.3291, 25.3072], [55.329, 25.3072], [55.329, 25.3071], [55.3289, 25.3071], [55.3288, 25.307], [55.3287, 25.307], [55.3286, 25.307], [55.3285, 25.307], [55.3284, 25.307], [55.3284, 25.3071], [55.3283, 25.3071], [55.3282, 25.3071], [55.3282, 25.3072], [55.3281, 25.3072], [55.3281, 25.3073], [55.328, 25.3074], [55.3279, 25.3075], [55.3278, 25.3075], [55.3278, 25.3076], [55.3277, 25.3076], [55.3276, 25.3076], [55.3275, 25.3076], [55.3275, 25.3077], [55.3274, 25.3077], [55.3273, 25.3077], [55.3272, 25.3077], [55.3271, 25.3076], [55.327, 25.3076], [55.327, 25.3075], [55.3269, 25.3075], [55.3269, 25.3074], [55.3268, 25.3074], [55.3268, 25.3073], [55.3268, 25.3072], [55.3267, 25.3071], [55.3267, 25.307], [55.3268, 25.307], [55.3268, 25.3069], [55.3268, 25.3068], [55.3268, 25.3067], [55.3269, 25.3067], [55.327, 25.3067], [55.3271, 25.3066], [55.3272, 25.3065], [55.3272, 25.3064], [55.3273, 25.3064], [55.3273, 25.3063], [55.3273, 25.3062], [55.3273, 25.3061], [55.3274, 25.306], [55.3275, 25.3059], [55.3275, 25.3058], [55.3276, 25.3058], [55.3276, 25.3057], [55.3276, 25.3056], [55.3277, 25.3055], [55.3277, 25.3054], [55.3277, 25.3053], [55.3277, 25.3052], [55.3277, 25.3051], [55.3277, 25.305], [55.3277, 25.3049], [55.3277, 25.3048], [55.3277, 25.3047], [55.3277, 25.3046], [55.3277, 25.3045], [55.3276, 25.3045], [55.3276, 25.3044], [55.3276, 25.3043], [55.3275, 25.3042], [55.3275, 25.3041], [55.3274, 25.3041], [55.3274, 25.304], [55.3273, 25.304], [55.3273, 25.3039], [55.3272, 25.3039], [55.3272, 25.3038], [55.3271, 25.3038], [55.327, 25.3037], [55.3269, 25.3037], [55.3268, 25.3037], [55.3267, 25.3036], [55.3266, 25.3036], [55.3265, 25.3036], [55.3264, 25.3036], [55.3263, 25.3036], [55.3262, 25.3036], [55.3261, 25.3036], [55.326, 25.3036], [55.326, 25.3037], [55.3259, 25.3037], [55.3258, 25.3037], [55.3257, 25.3037], [55.3256, 25.3037], [55.3255, 25.3036], [55.3254, 25.3036], [55.3254, 25.3035], [55.3253, 25.3035], [55.3253, 25.3034], [55.3253, 25.3033], [55.3252, 25.3032], [55.3253, 25.3031], [55.3253, 25.303], [55.3253, 25.3029], [55.3254, 25.3029], [55.3254, 25.3028], [55.3255, 25.3027], [55.3255, 25.3026], [55.3256, 25.3025], [55.3256, 25.3024], [55.3257, 25.3023], [55.3257, 25.3022], [55.3258, 25.3021], [55.3258, 25.302], [55.3259, 25.3019], [55.3259, 25.3018], [55.3259, 25.3017], [55.3259, 25.3016], [55.3259, 25.3015], [55.3259, 25.3014], [55.3259, 25.3013], [55.3259, 25.3012], [55.3258, 25.3012], [55.3258, 25.3011], [55.3257, 25.3011], [55.3257, 25.301], [55.3256, 25.301], [55.3256, 25.3009], [55.3255, 25.3009], [55.3254, 25.3009], [55.3253, 25.3009], [55.3252, 25.3008], [55.3251, 25.3008], [55.325, 25.3008], [55.3249, 25.3008], [55.3248, 25.3008], [55.3247, 25.3008], [55.3246, 25.3008], [55.3245, 25.3009], [55.3244, 25.3009], [55.3243, 25.3009], [55.3243, 25.301], [55.3242, 25.301], [55.3239, 25.3011], [55.3237, 25.3013], [55.3235, 25.3014], [55.3232, 25.3015], [55.323, 25.3016], [55.3227, 25.3018], [55.3225, 25.3019], [55.3222, 25.302], [55.322, 25.3021], [55.3217, 25.3022], [55.3214, 25.3023], [55.3212, 25.3024], [55.3209, 25.3025], [55.3207, 25.3025], [55.3204, 25.3026], [55.3204, 25.3027], [55.3204, 25.3028], [55.3203, 25.3028], [55.3203, 25.3029], [55.3203, 25.303], [55.3202, 25.303], [55.3202, 25.3031], [55.3201, 25.3032], [55.32, 25.3033], [55.32, 25.3034], [55.3199, 25.3034], [55.3199, 25.3035], [55.3198, 25.3035], [55.3197, 25.3036], [55.3196, 25.3037], [55.3195, 25.3037], [55.3194, 25.3038], [55.3193, 25.3038], [55.3192, 25.3038], [55.3191, 25.3039], [55.319, 25.3039], [55.3189, 25.3039], [55.3188, 25.3039], [55.3187, 25.3039], [55.3186, 25.3039], [55.3185, 25.3039], [55.3184, 25.3039], [55.3183, 25.3039], [55.3182, 25.3039], [55.3181, 25.3039], [55.318, 25.3039], [55.3179, 25.3038], [55.3178, 25.3038], [55.3177, 25.3038], [55.3176, 25.3037], [55.3175, 25.3036], [55.3174, 25.3036], [55.3174, 25.3035], [55.3173, 25.3035], [55.3172, 25.3034], [55.3169, 25.3034], [55.3166, 25.3035], [55.3163, 25.3035], [55.3157, 25.3036], [55.3141, 25.3038], [55.3123, 25.304], [55.3119, 25.3041], [55.3118, 25.3041], [55.3117, 25.3041], [55.3116, 25.3042], [55.3115, 25.3042], [55.3115, 25.3043], [55.3114, 25.3043], [55.3114, 25.3044], [55.3113, 25.3044], [55.3113, 25.3045], [55.3112, 25.3045], [55.3111, 25.3047], [55.3111, 25.3048], [55.311, 25.3049], [55.311, 25.305], [55.311, 25.3051], [55.3109, 25.3052], [55.3109, 25.3054], [55.3109, 25.3055], [55.3109, 25.3056], [55.3109, 25.3057], [55.3109, 25.3058], [55.3109, 25.306], [55.3109, 25.3061], [55.311, 25.3062], [55.311, 25.3063], [55.311, 25.3064], [55.3111, 25.3065], [55.3111, 25.3066], [55.3112, 25.3067], [55.3113, 25.3069], [55.3113, 25.307], [55.3114, 25.307], [55.3115, 25.3071], [55.3116, 25.3072], [55.3117, 25.3073], [55.3118, 25.3074], [55.3119, 25.3075], [55.312, 25.3075], [55.312, 25.3076], [55.3121, 25.3076], [55.3121, 25.3077], [55.3122, 25.3077], [55.3123, 25.3077], [55.3123, 25.3078], [55.3125, 25.3079], [55.3126, 25.308], [55.3127, 25.308], [55.3129, 25.3081], [55.313, 25.3082], [55.3131, 25.3083], [55.3132, 25.3084], [55.3134, 25.3085], [55.3135, 25.3086], [55.3136, 25.3087], [55.3137, 25.3087], [55.3138, 25.3088], [55.314, 25.3089], [55.3141, 25.309], [55.3142, 25.3091], [55.3143, 25.3092], [55.3144, 25.3093], [55.3146, 25.3094], [55.3147, 25.3095], [55.3148, 25.3096], [55.3149, 25.3097], [55.315, 25.3098], [55.3151, 25.3099], [55.3152, 25.31], [55.3155, 25.3102], [55.3156, 25.3104], [55.3157, 25.3105], [55.3158, 25.3106], [55.316, 25.3108], [55.3161, 25.3109], [55.3163, 25.3112], [55.3165, 25.3113], [55.3166, 25.3114], [55.3167, 25.3116], [55.3168, 25.3117], [55.3169, 25.3118], [55.317, 25.3119], [55.3173, 25.3122], [55.3175, 25.3124], [55.3177, 25.3127], [55.3179, 25.3129], [55.3181, 25.3132], [55.3183, 25.3134], [55.3185, 25.3137], [55.3187, 25.3139], [55.3189, 25.3142], [55.319, 25.3144], [55.3192, 25.3147], [55.3194, 25.315], [55.3196, 25.3152], [55.3197, 25.3155], [55.3199, 25.3158], [55.3201, 25.316], [55.3202, 25.3163], [55.3204, 25.3166], [55.3205, 25.3168], [55.3207, 25.3171], [55.3208, 25.3174], [55.3209, 25.3174], [55.3209, 25.3175], [55.3209, 25.3176], [55.321, 25.3176], [55.321, 25.3177], [55.3211, 25.3178], [55.3212, 25.3179], [55.3213, 25.3179], [55.3214, 25.318], [55.3215, 25.318], [55.3216, 25.3181], [55.3217, 25.3181], [55.3218, 25.3181], [55.3219, 25.3182], [55.322, 25.3182], [55.3221, 25.3182], [55.3222, 25.3183], [55.3223, 25.3183], [55.3223, 25.3184], [55.3223, 25.3185], [55.3224, 25.3188], [55.3225, 25.3191], [55.3227, 25.3194], [55.3227, 25.3197], [55.3228, 25.3197], [55.3228, 25.3198], [55.3228, 25.3199], [55.3227, 25.3199], [55.3227, 25.32], [55.3226, 25.3201], [55.3225, 25.3202], [55.3224, 25.3202], [55.3224, 25.3203], [55.3223, 25.3204], [55.3222, 25.3205], [55.3222, 25.3206], [55.3221, 25.3207], [55.3221, 25.3208], [55.3221, 25.3209], [55.3221, 25.321], [55.3221, 25.3211], [55.3222, 25.3212], [55.3222, 25.3213], [55.3223, 25.3214], [55.3223, 25.3215], [55.3224, 25.3215], [55.3224, 25.3216], [55.3225, 25.3216], [55.3226, 25.3217], [55.3227, 25.3217], [55.3228, 25.3218], [55.3229, 25.3218], [55.323, 25.3218], [55.3231, 25.3218], [55.3231, 25.3219], [55.3232, 25.3219], [55.3233, 25.322], [55.3233, 25.3221], [55.3234, 25.3221], [55.3234, 25.3222], [55.3235, 25.3225], [55.3235, 25.3228], [55.3236, 25.3231], [55.3236, 25.3234], [55.3236, 25.3235], [55.3236, 25.3236], [55.3236, 25.3237], [55.3235, 25.3237], [55.3235, 25.3238], [55.3234, 25.3238], [55.3234, 25.3239], [55.3233, 25.3239], [55.3232, 25.324], [55.3231, 25.3241], [55.323, 25.3242], [55.323, 25.3243], [55.3229, 25.3243], [55.3229, 25.3244], [55.3229, 25.3245], [55.3228, 25.3246], [55.3228, 25.3247], [55.3228, 25.3248], [55.3228, 25.3249], [55.3228, 25.325], [55.3228, 25.3253], [55.3228, 25.3256], [55.3229, 25.3259], [55.3229, 25.3262], [55.3229, 25.3265], [55.3229, 25.3268], [55.3229, 25.3271], [55.3229, 25.3275], [55.3229, 25.3278], [55.3229, 25.3281], [55.3228, 25.3284], [55.3228, 25.3287], [55.3228, 25.329], [55.3228, 25.3293], [55.3227, 25.3296], [55.3227, 25.3299], [55.3227, 25.3302], [55.3226, 25.3305], [55.3226, 25.3306], [55.3226, 25.3307], [55.3226, 25.3308], [55.3226, 25.3309], [55.3227, 25.3309], [55.3227, 25.331], [55.3227, 25.3311], [55.3228, 25.3312], [55.3228, 25.3313], [55.3229, 25.3313], [55.3229, 25.3314], [55.323, 25.3314], [55.323, 25.3315], [55.3231, 25.3315], [55.3231, 25.3316], [55.3232, 25.3316], [55.3233, 25.3316], [55.3233, 25.3317], [55.3234, 25.3317], [55.3235, 25.3317], [55.3235, 25.3318], [55.3236, 25.3318], [55.3237, 25.3318], [55.3238, 25.3318], [55.3239, 25.3318], [55.324, 25.3318], [55.3241, 25.3318], [55.3242, 25.3318], [55.3243, 25.3318], [55.3244, 25.3317], [55.3245, 25.3317], [55.3246, 25.3317], [55.3246, 25.3316], [55.3247, 25.3316], [55.3248, 25.3316], [55.3248, 25.3315], [55.3253, 25.331], [55.3254, 25.331], [55.3254, 25.3309], [55.3255, 25.3309], [55.3256, 25.3307], [55.3257, 25.3306], [55.3258, 25.3305], [55.3259, 25.3304], [55.326, 25.3303], [55.3261, 25.3302], [55.3263, 25.3301], [55.3264, 25.33], [55.3266, 25.3299], [55.3268, 25.3298], [55.327, 25.3297], [55.3271, 25.3296], [55.3273, 25.3295], [55.3275, 25.3294], [55.3276, 25.3292], [55.3278, 25.3291], [55.3279, 25.329], [55.3281, 25.3288], [55.3282, 25.3287], [55.3283, 25.3285], [55.3285, 25.3283], [55.3285, 25.3282], [55.3297, 25.3276], [55.3297, 25.3275], [55.3298, 25.3275], [55.33, 25.3274], [55.3302, 25.3272], [55.3304, 25.3271], [55.3305, 25.3271], [55.3306, 25.327], [55.3307, 25.3269], [55.3308, 25.3268], [55.3309, 25.3267], [55.331, 25.3266], [55.3311, 25.3265], [55.3311, 25.3264], [55.3312, 25.3262], [55.3313, 25.3261], [55.3313, 25.326], [55.3314, 25.3259], [55.3315, 25.3258], [55.3315, 25.3257], [55.3316, 25.3256], [55.3316, 25.3255], [55.3316, 25.3254], [55.3316, 25.3253], [55.3316, 25.3252], [55.3316, 25.3251], [55.3316, 25.325], [55.3316, 25.3249], [55.3316, 25.3248], [55.3316, 25.3247], [55.3316, 25.3246], [55.3316, 25.3244], [55.3315, 25.3243], [55.3314, 25.3244], [55.3314, 25.3246], [55.3314, 25.3247], [55.3314, 25.3248], [55.3314, 25.3249], [55.3314, 25.3251], [55.3314, 25.3252], [55.3314, 25.3253]]], [[[55.3171, 25.3169], [55.3172, 25.3168], [55.3172, 25.3167], [55.3172, 25.3166], [55.3173, 25.3165], [55.3173, 25.3164], [55.3173, 25.3163], [55.3173, 25.3162], [55.3173, 25.3161], [55.3173, 25.316], [55.3173, 25.3159], [55.3173, 25.3158], [55.3173, 25.3157], [55.3173, 25.3156], [55.3173, 25.3155], [55.3173, 25.3154], [55.3172, 25.3154], [55.3172, 25.3153], [55.3172, 25.3152], [55.3171, 25.3151], [55.3171, 25.315], [55.317, 25.315], [55.317, 25.3149], [55.317, 25.3148], [55.3169, 25.3148], [55.3168, 25.3147], [55.3167, 25.3146], [55.3167, 25.3145], [55.3166, 25.3144], [55.3165, 25.3144], [55.3164, 25.3143], [55.3163, 25.3142], [55.3162, 25.3142], [55.3161, 25.3141], [55.316, 25.3141], [55.3159, 25.314], [55.3158, 25.314], [55.3157, 25.3139], [55.3156, 25.3139], [55.3155, 25.3138], [55.3154, 25.3138], [55.3153, 25.3137], [55.3152, 25.3137], [55.3151, 25.3137], [55.315, 25.3137], [55.3149, 25.3136], [55.3148, 25.3136], [55.3146, 25.3136], [55.3145, 25.3136], [55.3144, 25.3136], [55.3143, 25.3136], [55.3142, 25.3136], [55.3141, 25.3136], [55.3139, 25.3136], [55.3138, 25.3136], [55.3137, 25.3136], [55.3136, 25.3136], [55.3135, 25.3137], [55.3134, 25.3137], [55.3133, 25.3137], [55.3132, 25.3137], [55.313, 25.3138], [55.3129, 25.3138], [55.3128, 25.3139], [55.3127, 25.3139], [55.3126, 25.3139], [55.3125, 25.314], [55.3124, 25.3141], [55.3123, 25.3141], [55.3122, 25.3142], [55.3121, 25.3142], [55.3121, 25.3143], [55.312, 25.3144], [55.3119, 25.3144], [55.3119, 25.3145], [55.3118, 25.3145], [55.3118, 25.3146], [55.3117, 25.3147], [55.3117, 25.3148], [55.3116, 25.3148], [55.3116, 25.3149], [55.3115, 25.315], [55.3115, 25.3151], [55.3115, 25.3152], [55.3114, 25.3152], [55.3114, 25.3153], [55.3114, 25.3154], [55.3114, 25.3155], [55.3114, 25.3156], [55.3114, 25.3157], [55.3113, 25.3157], [55.3113, 25.3158], [55.3114, 25.3159], [55.3114, 25.316], [55.3114, 25.3161], [55.3114, 25.3162], [55.3114, 25.3163], [55.3114, 25.3164], [55.3115, 25.3164], [55.3115, 25.3165], [55.3116, 25.3165], [55.3117, 25.3166], [55.3118, 25.3166], [55.3119, 25.3166], [55.312, 25.3166], [55.3121, 25.3166], [55.3122, 25.3166], [55.3123, 25.3165], [55.3124, 25.3165], [55.3125, 25.3165], [55.3125, 25.3164], [55.3126, 25.3164], [55.3127, 25.3164], [55.3127, 25.3165], [55.3128, 25.3165], [55.3129, 25.3165], [55.313, 25.3165], [55.313, 25.3166], [55.3131, 25.3166], [55.3131, 25.3167], [55.3132, 25.3167], [55.3132, 25.3168], [55.3132, 25.3169], [55.3132, 25.317], [55.3132, 25.3171], [55.3132, 25.3172], [55.3132, 25.3173], [55.3131, 25.3173], [55.3131, 25.3174], [55.313, 25.3174], [55.3127, 25.3177], [55.3126, 25.3178], [55.3126, 25.3179], [55.3125, 25.3179], [55.3125, 25.318], [55.3124, 25.3181], [55.3124, 25.3182], [55.3124, 25.3183], [55.3124, 25.3184], [55.3125, 25.3184], [55.3125, 25.3185], [55.3125, 25.3186], [55.3126, 25.3187], [55.3126, 25.3188], [55.3127, 25.3188], [55.3128, 25.3189], [55.3129, 25.3189], [55.313, 25.3189], [55.3131, 25.319], [55.3132, 25.319], [55.3133, 25.3191], [55.3134, 25.3191], [55.3135, 25.3191], [55.3136, 25.3191], [55.3137, 25.3192], [55.3138, 25.3192], [55.3139, 25.3192], [55.314, 25.3192], [55.3141, 25.3192], [55.3142, 25.3192], [55.3143, 25.3192], [55.3144, 25.3192], [55.3145, 25.3192], [55.3146, 25.3192], [55.3147, 25.3192], [55.3148, 25.3192], [55.3149, 25.3191], [55.315, 25.3191], [55.3151, 25.3191], [55.3152, 25.319], [55.3153, 25.319], [55.3153, 25.3189], [55.3154, 25.3188], [55.3154, 25.3187], [55.3155, 25.3186], [55.3155, 25.3185], [55.3155, 25.3184], [55.3155, 25.3183], [55.3155, 25.3182], [55.3154, 25.3182], [55.3154, 25.3181], [55.3153, 25.318], [55.3151, 25.3177], [55.3151, 25.3176], [55.3151, 25.3175], [55.3151, 25.3174], [55.3151, 25.3173], [55.3151, 25.3172], [55.3151, 25.3171], [55.3152, 25.3171], [55.3152, 25.317], [55.3153, 25.317], [55.3153, 25.3169], [55.3154, 25.3169], [55.3155, 25.3169], [55.3156, 25.3168], [55.3157, 25.3168], [55.3158, 25.3168], [55.3158, 25.3169], [55.3159, 25.3169], [55.316, 25.3169], [55.316, 25.317], [55.3161, 25.317], [55.3162, 25.3171], [55.3163, 25.3171], [55.3163, 25.3172], [55.3164, 25.3172], [55.3165, 25.3172], [55.3166, 25.3172], [55.3167, 25.3172], [55.3168, 25.3172], [55.3169, 25.3172], [55.3169, 25.3171], [55.317, 25.3171], [55.317, 25.317], [55.3171, 25.317], [55.3171, 25.3169]]], [[[55.367, 25.3217], [55.3669, 25.3227], [55.367, 25.3232], [55.3676, 25.3236], [55.3684, 25.3237], [55.3687, 25.3237], [55.37, 25.323], [55.3708, 25.322], [55.3709, 25.3209], [55.3706, 25.32], [55.3704, 25.3198], [55.3707, 25.3195], [55.3706, 25.3195], [55.37, 25.3189], [55.3691, 25.3188], [55.369, 25.3188], [55.368, 25.3193], [55.368, 25.3194], [55.3677, 25.3196], [55.3672, 25.3207], [55.367, 25.3217]]], [[[55.2367, 25.3151], [55.2364, 25.3153], [55.2361, 25.3154], [55.2357, 25.3156], [55.2354, 25.3158], [55.2351, 25.316], [55.2348, 25.3162], [55.2345, 25.3164], [55.2342, 25.3166], [55.2338, 25.3168], [55.2335, 25.317], [55.2332, 25.3172], [55.2329, 25.3174], [55.2326, 25.3176], [55.2323, 25.3178], [55.2322, 25.3179], [55.2319, 25.3181], [55.2316, 25.3183], [55.2313, 25.3185], [55.2311, 25.3188], [55.2308, 25.319], [55.2305, 25.3192], [55.2302, 25.3194], [55.2299, 25.3197], [55.2297, 25.3199], [55.2294, 25.3202], [55.2291, 25.3204], [55.2289, 25.3207], [55.2286, 25.3209], [55.2283, 25.3212], [55.2281, 25.3215], [55.2278, 25.3217], [55.2275, 25.322], [55.2273, 25.3223], [55.227, 25.3225], [55.2268, 25.3228], [55.2266, 25.3231], [55.2263, 25.3234], [55.2262, 25.3235], [55.2259, 25.3238], [55.2257, 25.3241], [55.2254, 25.3245], [55.2253, 25.3246], [55.2253, 25.3247], [55.2252, 25.3248], [55.2252, 25.3249], [55.2252, 25.325], [55.2252, 25.3251], [55.2251, 25.3252], [55.2251, 25.3253], [55.2251, 25.3254], [55.2251, 25.3255], [55.2251, 25.3256], [55.2252, 25.3257], [55.2252, 25.3258], [55.2252, 25.3259], [55.2253, 25.326], [55.2253, 25.3261], [55.2254, 25.3262], [55.2255, 25.3264], [55.2256, 25.3265], [55.2257, 25.3267], [55.2258, 25.3268], [55.2259, 25.327], [55.2259, 25.3271], [55.226, 25.3273], [55.2261, 25.3275], [55.2262, 25.3276], [55.2262, 25.3278], [55.2263, 25.328], [55.2264, 25.3281], [55.2264, 25.3283], [55.2265, 25.3285], [55.2265, 25.3286], [55.2266, 25.3288], [55.2266, 25.329], [55.2267, 25.3292], [55.2267, 25.3293], [55.2267, 25.3295], [55.2267, 25.3297], [55.2268, 25.3299], [55.2268, 25.33], [55.2268, 25.3302], [55.2268, 25.3304], [55.2268, 25.3305], [55.2269, 25.3307], [55.2269, 25.3308], [55.2269, 25.331], [55.227, 25.3311], [55.227, 25.3313], [55.2271, 25.3315], [55.2271, 25.3316], [55.2272, 25.3318], [55.2272, 25.3319], [55.2273, 25.3321], [55.2274, 25.3322], [55.2274, 25.3324], [55.2275, 25.3325], [55.2276, 25.3327], [55.2277, 25.3328], [55.2278, 25.3328], [55.2278, 25.3329], [55.2285, 25.3332], [55.2286, 25.3332], [55.2286, 25.3331], [55.2285, 25.333], [55.2284, 25.333], [55.2284, 25.3329], [55.2284, 25.3328], [55.2285, 25.3325], [55.2286, 25.3322], [55.2287, 25.3319], [55.2288, 25.3317], [55.229, 25.3314], [55.2291, 25.3312], [55.2292, 25.3309], [55.2293, 25.3306], [55.2295, 25.3304], [55.2296, 25.3301], [55.2297, 25.3299], [55.2299, 25.3296], [55.23, 25.3294], [55.2302, 25.3291], [55.2303, 25.3289], [55.2305, 25.3286], [55.2307, 25.3284], [55.2308, 25.3281], [55.231, 25.3279], [55.2312, 25.3276], [55.2314, 25.3274], [55.2315, 25.3272], [55.2317, 25.3269], [55.2319, 25.3267], [55.2321, 25.3265], [55.2323, 25.3262], [55.2326, 25.326], [55.2328, 25.3257], [55.2331, 25.3254], [55.2334, 25.3252], [55.2336, 25.3249], [55.2339, 25.3247], [55.2342, 25.3244], [55.2345, 25.3242], [55.2348, 25.3239], [55.2351, 25.3237], [55.2354, 25.3235], [55.2357, 25.3232], [55.236, 25.323], [55.2363, 25.3228], [55.2366, 25.3225], [55.2369, 25.3223], [55.2372, 25.3221], [55.2375, 25.3219], [55.2378, 25.3217], [55.2379, 25.3217], [55.238, 25.3217], [55.238, 25.3219], [55.238, 25.322], [55.2381, 25.322], [55.2381, 25.3219], [55.238, 25.3155], [55.238, 25.3154], [55.238, 25.3153], [55.238, 25.3152], [55.2379, 25.3152], [55.2379, 25.3151], [55.2378, 25.3151], [55.2378, 25.315], [55.2377, 25.315], [55.2376, 25.3149], [55.2375, 25.3149], [55.2374, 25.3149], [55.2373, 25.3149], [55.2372, 25.3149], [55.2371, 25.3149], [55.237, 25.3149], [55.2369, 25.315], [55.2367, 25.3151]]], [[[55.3403, 25.3216], [55.3402, 25.3216], [55.3401, 25.3217], [55.34, 25.3218], [55.3399, 25.3218], [55.3399, 25.3219], [55.3398, 25.3219], [55.3397, 25.3219], [55.3397, 25.3221], [55.3396, 25.3221], [55.3396, 25.3222], [55.3396, 25.3223], [55.3395, 25.3223], [55.339, 25.3237], [55.339, 25.3238], [55.339, 25.3239], [55.3389, 25.3239], [55.3389, 25.324], [55.3388, 25.3241], [55.3388, 25.3242], [55.3387, 25.3242], [55.3387, 25.3243], [55.3386, 25.3244], [55.3384, 25.3246], [55.3378, 25.3249], [55.3378, 25.325], [55.3377, 25.325], [55.3376, 25.325], [55.3375, 25.3251], [55.3374, 25.3251], [55.3374, 25.3252], [55.3373, 25.3252], [55.3373, 25.3253], [55.3371, 25.3258], [55.3367, 25.3265], [55.3364, 25.3264], [55.3363, 25.3264], [55.3362, 25.3264], [55.3361, 25.3263], [55.3357, 25.326], [55.3349, 25.325], [55.3348, 25.3251], [55.3348, 25.325], [55.3347, 25.3249], [55.3346, 25.3249], [55.3346, 25.325], [55.3346, 25.3251], [55.3347, 25.3252], [55.3348, 25.3253], [55.3349, 25.3254], [55.3349, 25.3255], [55.335, 25.3256], [55.3351, 25.3257], [55.3352, 25.3258], [55.3353, 25.3259], [55.3354, 25.3259], [55.3354, 25.326], [55.3355, 25.3261], [55.3356, 25.3261], [55.336, 25.3266], [55.3372, 25.327], [55.3386, 25.3271], [55.3395, 25.3266], [55.3396, 25.3266], [55.3397, 25.3265], [55.3398, 25.3265], [55.3399, 25.3264], [55.3409, 25.3258], [55.3411, 25.3255], [55.3416, 25.3246], [55.3421, 25.3231], [55.342, 25.3226], [55.3419, 25.3225], [55.3419, 25.3224], [55.3419, 25.3223], [55.3419, 25.3222], [55.3418, 25.3221], [55.3417, 25.322], [55.3417, 25.3219], [55.3416, 25.3219], [55.3416, 25.3218], [55.3415, 25.3218], [55.3414, 25.3217], [55.3413, 25.3217], [55.3412, 25.3216], [55.3411, 25.3216], [55.341, 25.3216], [55.3409, 25.3216], [55.3409, 25.3215], [55.3408, 25.3215], [55.3407, 25.3215], [55.3406, 25.3215], [55.3405, 25.3216], [55.3404, 25.3216], [55.3403, 25.3216]]], [[[55.303, 25.323], [55.3029, 25.323], [55.3029, 25.3229], [55.3028, 25.3229], [55.3027, 25.3228], [55.3026, 25.3228], [55.3025, 25.3227], [55.3024, 25.3227], [55.3023, 25.3226], [55.3022, 25.3226], [55.3021, 25.3225], [55.302, 25.3225], [55.3019, 25.3225], [55.3018, 25.3225], [55.3017, 25.3224], [55.3016, 25.3224], [55.3015, 25.3224], [55.3014, 25.3224], [55.3013, 25.3224], [55.3012, 25.3224], [55.3011, 25.3224], [55.301, 25.3224], [55.3009, 25.3224], [55.3009, 25.3225], [55.3009, 25.3226], [55.3009, 25.3227], [55.3009, 25.3228], [55.3009, 25.3229], [55.3008, 25.3229], [55.3008, 25.323], [55.3008, 25.3231], [55.3007, 25.3231], [55.3007, 25.3232], [55.3006, 25.3232], [55.3006, 25.3233], [55.3005, 25.3233], [55.3005, 25.3234], [55.3004, 25.3234], [55.3004, 25.3235], [55.3003, 25.3235], [55.3002, 25.3236], [55.3001, 25.3236], [55.3, 25.3237], [55.2999, 25.3237], [55.2998, 25.3237], [55.2998, 25.3238], [55.2997, 25.3238], [55.2996, 25.3238], [55.2995, 25.3238], [55.2994, 25.3238], [55.2993, 25.3238], [55.2992, 25.3238], [55.2991, 25.3238], [55.2991, 25.3237], [55.299, 25.3237], [55.2989, 25.3237], [55.2988, 25.3238], [55.2988, 25.3239], [55.2988, 25.324], [55.2987, 25.3241], [55.2987, 25.3242], [55.2987, 25.3243], [55.2987, 25.3244], [55.2987, 25.3245], [55.2986, 25.3246], [55.2986, 25.3247], [55.2986, 25.3248], [55.2986, 25.3249], [55.2987, 25.325], [55.2987, 25.3251], [55.2987, 25.3252], [55.2987, 25.3253], [55.2987, 25.3254], [55.2988, 25.3255], [55.2988, 25.3256], [55.2989, 25.3257], [55.2989, 25.3258], [55.299, 25.3258], [55.299, 25.3259], [55.2991, 25.3259], [55.2991, 25.326], [55.2992, 25.326], [55.2993, 25.3261], [55.2994, 25.3261], [55.2995, 25.326], [55.2996, 25.3261], [55.2998, 25.3261], [55.3, 25.3262], [55.3001, 25.3263], [55.3003, 25.3264], [55.3005, 25.3264], [55.3006, 25.3265], [55.3008, 25.3266], [55.3009, 25.3267], [55.301, 25.3267], [55.3011, 25.3268], [55.3012, 25.3269], [55.3013, 25.327], [55.3013, 25.3271], [55.3014, 25.3271], [55.3014, 25.3272], [55.3014, 25.3273], [55.3015, 25.3273], [55.3015, 25.3274], [55.3015, 25.3275], [55.3014, 25.3276], [55.3023, 25.3277], [55.3023, 25.3276], [55.3024, 25.3276], [55.3024, 25.3275], [55.3025, 25.3274], [55.3026, 25.3273], [55.3027, 25.3272], [55.3029, 25.3271], [55.303, 25.327], [55.3031, 25.3269], [55.3033, 25.3269], [55.3034, 25.3268], [55.3035, 25.3267], [55.3036, 25.3267], [55.3037, 25.3267], [55.3038, 25.3267], [55.3039, 25.3266], [55.3041, 25.3259], [55.304, 25.3259], [55.3039, 25.3259], [55.3038, 25.3258], [55.3037, 25.3257], [55.3036, 25.3256], [55.3035, 25.3255], [55.3035, 25.3254], [55.3034, 25.3253], [55.3034, 25.3252], [55.3033, 25.325], [55.3033, 25.3249], [55.3033, 25.3247], [55.3032, 25.3245], [55.3032, 25.3244], [55.3032, 25.3242], [55.3032, 25.324], [55.3032, 25.3239], [55.3032, 25.3237], [55.3033, 25.3236], [55.3032, 25.3236], [55.3032, 25.3235], [55.3032, 25.3234], [55.3032, 25.3233], [55.3031, 25.3232], [55.3031, 25.3231], [55.303, 25.3231], [55.303, 25.323]]], [[[55.2943, 25.3222], [55.2942, 25.3222], [55.2935, 25.3222], [55.2936, 25.32], [55.2956, 25.32], [55.2955, 25.3201], [55.2956, 25.3202], [55.2956, 25.3203], [55.2957, 25.3203], [55.2958, 25.3203], [55.2959, 25.3203], [55.296, 25.3203], [55.296, 25.3202], [55.296, 25.3201], [55.296, 25.32], [55.296, 25.3199], [55.2959, 25.3199], [55.2958, 25.3199], [55.2956, 25.3199], [55.2954, 25.3199], [55.2953, 25.3199], [55.2951, 25.3198], [55.2949, 25.3198], [55.2948, 25.3198], [55.2947, 25.3198], [55.2946, 25.3198], [55.2944, 25.3198], [55.2943, 25.3198], [55.2942, 25.3198], [55.2941, 25.3197], [55.2939, 25.3195], [55.2938, 25.3194], [55.2937, 25.3193], [55.2935, 25.3191], [55.2934, 25.319], [55.2933, 25.3189], [55.2932, 25.3187], [55.2931, 25.3186], [55.2929, 25.3184], [55.2928, 25.3183], [55.2927, 25.3181], [55.2926, 25.318], [55.2925, 25.3178], [55.2924, 25.3177], [55.2924, 25.3175], [55.2923, 25.3174], [55.2922, 25.3172], [55.2921, 25.317], [55.292, 25.3169], [55.2921, 25.3168], [55.2921, 25.3167], [55.2921, 25.3166], [55.2921, 25.3165], [55.2922, 25.3164], [55.2922, 25.3163], [55.2922, 25.3162], [55.2923, 25.3161], [55.2924, 25.3159], [55.2924, 25.3158], [55.2925, 25.3156], [55.2925, 25.3155], [55.2925, 25.3154], [55.2925, 25.3153], [55.2924, 25.3152], [55.2923, 25.3152], [55.2922, 25.3152], [55.2921, 25.3152], [55.2921, 25.3153], [55.292, 25.3153], [55.292, 25.3154], [55.292, 25.3155], [55.2921, 25.3155], [55.2921, 25.3156], [55.2922, 25.3156], [55.2923, 25.3156], [55.2916, 25.3173], [55.2893, 25.3166], [55.2896, 25.316], [55.2896, 25.3159], [55.2895, 25.3159], [55.2894, 25.3159], [55.2871, 25.3173], [55.2866, 25.3176], [55.2861, 25.3179], [55.2857, 25.3182], [55.2852, 25.3185], [55.2847, 25.3188], [55.2843, 25.3191], [55.2838, 25.3195], [55.2834, 25.3198], [55.2829, 25.3201], [55.2824, 25.3204], [55.282, 25.3208], [55.2816, 25.3211], [55.2811, 25.3215], [55.2807, 25.3218], [55.2802, 25.3221], [55.2798, 25.3225], [55.2794, 25.3228], [55.2789, 25.3232], [55.2785, 25.3236], [55.2781, 25.3239], [55.278, 25.3239], [55.278, 25.324], [55.278, 25.3241], [55.278, 25.3242], [55.2785, 25.3249], [55.2785, 25.325], [55.2784, 25.3251], [55.2783, 25.3252], [55.2782, 25.3253], [55.2781, 25.3254], [55.278, 25.3254], [55.2779, 25.3255], [55.2778, 25.3256], [55.2777, 25.3257], [55.2776, 25.3257], [55.2775, 25.3258], [55.2773, 25.3259], [55.2772, 25.3259], [55.2771, 25.326], [55.277, 25.3261], [55.2769, 25.3261], [55.2767, 25.3262], [55.2766, 25.3262], [55.2765, 25.3262], [55.2764, 25.3263], [55.2762, 25.3263], [55.2761, 25.3263], [55.2756, 25.3256], [55.2755, 25.3256], [55.2755, 25.3255], [55.2754, 25.3255], [55.2753, 25.3255], [55.2752, 25.3256], [55.275, 25.3256], [55.2748, 25.3256], [55.2747, 25.3257], [55.2746, 25.3257], [55.2745, 25.3257], [55.2744, 25.3257], [55.2743, 25.3257], [55.2742, 25.3257], [55.2741, 25.3257], [55.274, 25.3257], [55.274, 25.3256], [55.2739, 25.3256], [55.2738, 25.3256], [55.2738, 25.3255], [55.2737, 25.3255], [55.2736, 25.3254], [55.2735, 25.3253], [55.2734, 25.3252], [55.2733, 25.3251], [55.2733, 25.325], [55.2732, 25.3249], [55.2732, 25.3247], [55.2731, 25.3246], [55.2731, 25.3244], [55.273, 25.3243], [55.273, 25.3242], [55.2729, 25.324], [55.2729, 25.3239], [55.2729, 25.3237], [55.2729, 25.3236], [55.2729, 25.3235], [55.2728, 25.3234], [55.2728, 25.3233], [55.2728, 25.3232], [55.2727, 25.3231], [55.2727, 25.323], [55.2727, 25.3228], [55.2726, 25.3227], [55.2726, 25.3226], [55.2725, 25.3225], [55.2725, 25.3224], [55.2724, 25.3223], [55.2723, 25.3222], [55.2723, 25.3221], [55.2722, 25.322], [55.2721, 25.3219], [55.2721, 25.3218], [55.272, 25.3217], [55.2719, 25.3216], [55.2718, 25.3215], [55.2717, 25.3215], [55.2716, 25.3214], [55.2715, 25.3213], [55.2714, 25.3212], [55.2713, 25.3211], [55.2712, 25.3211], [55.2711, 25.321], [55.271, 25.3209], [55.2709, 25.3209], [55.2708, 25.3208], [55.2707, 25.3208], [55.2706, 25.3207], [55.2705, 25.3207], [55.2704, 25.3207], [55.2703, 25.3207], [55.2702, 25.3207], [55.2701, 25.3207], [55.27, 25.3207], [55.2699, 25.3207], [55.2698, 25.3207], [55.2697, 25.3207], [55.2697, 25.3208], [55.2696, 25.3208], [55.2695, 25.3208], [55.2695, 25.3209], [55.2694, 25.3209], [55.2693, 25.321], [55.2692, 25.321], [55.2692, 25.3211], [55.2691, 25.3212], [55.269, 25.3213], [55.269, 25.3214], [55.269, 25.3215], [55.2689, 25.3215], [55.2689, 25.3217], [55.2689, 25.3218], [55.2688, 25.322], [55.2688, 25.3221], [55.2687, 25.3223], [55.2687, 25.3224], [55.2687, 25.3226], [55.2687, 25.3227], [55.2687, 25.3229], [55.2686, 25.323], [55.2686, 25.3232], [55.2686, 25.3233], [55.2686, 25.3235], [55.2686, 25.3237], [55.2686, 25.3238], [55.2686, 25.324], [55.2687, 25.3241], [55.2687, 25.3243], [55.2687, 25.3244], [55.2687, 25.3246], [55.2688, 25.3247], [55.2688, 25.3249], [55.2688, 25.325], [55.2689, 25.3252], [55.2689, 25.3254], [55.269, 25.3256], [55.2691, 25.3259], [55.2692, 25.3261], [55.2693, 25.3264], [55.2693, 25.3266], [55.2694, 25.3269], [55.2695, 25.3271], [55.2696, 25.3273], [55.2697, 25.3276], [55.2698, 25.3278], [55.27, 25.328], [55.2701, 25.3283], [55.2702, 25.3285], [55.2703, 25.3287], [55.2704, 25.3289], [55.2706, 25.3292], [55.2707, 25.3294], [55.2708, 25.3296], [55.271, 25.3298], [55.2711, 25.3301], [55.2713, 25.3303], [55.2714, 25.3305], [55.2716, 25.3307], [55.2717, 25.3309], [55.2719, 25.3311], [55.272, 25.3313], [55.2721, 25.3314], [55.2723, 25.3316], [55.2724, 25.3319], [55.2726, 25.3321], [55.2728, 25.3323], [55.2729, 25.3325], [55.2731, 25.3327], [55.2733, 25.3329], [55.2734, 25.3331], [55.2736, 25.3333], [55.2738, 25.3335], [55.274, 25.3337], [55.2742, 25.3338], [55.2743, 25.334], [55.2745, 25.3342], [55.2747, 25.3344], [55.2749, 25.3346], [55.2751, 25.3348], [55.2753, 25.3349], [55.2755, 25.3351], [55.2758, 25.3353], [55.276, 25.3354], [55.2762, 25.3356], [55.2764, 25.3358], [55.2766, 25.3359], [55.2768, 25.3361], [55.2771, 25.3362], [55.2773, 25.3364], [55.2775, 25.3365], [55.2776, 25.3366], [55.2778, 25.3367], [55.2779, 25.3367], [55.2781, 25.3368], [55.2782, 25.3369], [55.2784, 25.3369], [55.2785, 25.337], [55.2787, 25.3371], [55.2788, 25.3371], [55.279, 25.3372], [55.2792, 25.3372], [55.2793, 25.3373], [55.2795, 25.3373], [55.2796, 25.3374], [55.2798, 25.3374], [55.28, 25.3374], [55.2801, 25.3375], [55.2803, 25.3375], [55.2805, 25.3375], [55.2806, 25.3375], [55.2808, 25.3376], [55.281, 25.3376], [55.2811, 25.3376], [55.2812, 25.3376], [55.2813, 25.3376], [55.2813, 25.3375], [55.2814, 25.3375], [55.2815, 25.3375], [55.2816, 25.3375], [55.2817, 25.3374], [55.2818, 25.3374], [55.2818, 25.3373], [55.2819, 25.3373], [55.282, 25.3372], [55.2821, 25.3371], [55.2822, 25.337], [55.2822, 25.3369], [55.2823, 25.3368], [55.2823, 25.3367], [55.2823, 25.3366], [55.2823, 25.3365], [55.2823, 25.3364], [55.2823, 25.3363], [55.2823, 25.3362], [55.2823, 25.3361], [55.2823, 25.336], [55.2822, 25.3359], [55.2822, 25.3357], [55.2822, 25.3356], [55.2821, 25.3355], [55.2821, 25.3354], [55.282, 25.3353], [55.282, 25.3352], [55.2819, 25.3351], [55.2819, 25.335], [55.2818, 25.3349], [55.2817, 25.3348], [55.2817, 25.3347], [55.2816, 25.3346], [55.2815, 25.3345], [55.2814, 25.3344], [55.2814, 25.3343], [55.2813, 25.3342], [55.2812, 25.3341], [55.2811, 25.3341], [55.281, 25.334], [55.2809, 25.3339], [55.2808, 25.3338], [55.2807, 25.3338], [55.2806, 25.3337], [55.2805, 25.3336], [55.2804, 25.3336], [55.2803, 25.3335], [55.2801, 25.3334], [55.28, 25.3333], [55.2798, 25.3333], [55.2797, 25.3332], [55.2796, 25.3331], [55.2794, 25.333], [55.2793, 25.3329], [55.2792, 25.3328], [55.2791, 25.3327], [55.2789, 25.3326], [55.2789, 25.3325], [55.2788, 25.3325], [55.2788, 25.3324], [55.2787, 25.3323], [55.2787, 25.3322], [55.2786, 25.3322], [55.2786, 25.3321], [55.2786, 25.332], [55.2786, 25.3319], [55.2786, 25.3318], [55.2786, 25.3317], [55.2786, 25.3316], [55.2786, 25.3315], [55.2787, 25.3314], [55.2787, 25.3313], [55.2788, 25.3312], [55.2788, 25.3311], [55.279, 25.331], [55.2791, 25.3309], [55.2792, 25.3307], [55.2792, 25.3306], [55.2792, 25.3305], [55.2786, 25.3297], [55.2787, 25.3296], [55.2788, 25.3295], [55.2789, 25.3294], [55.279, 25.3293], [55.2791, 25.3293], [55.2792, 25.3292], [55.2793, 25.3291], [55.2794, 25.329], [55.2795, 25.3289], [55.2796, 25.3289], [55.2797, 25.3288], [55.2798, 25.3287], [55.2799, 25.3286], [55.28, 25.3286], [55.2802, 25.3285], [55.2803, 25.3285], [55.2804, 25.3284], [55.2805, 25.3284], [55.2806, 25.3283], [55.2808, 25.3283], [55.2809, 25.3282], [55.281, 25.3282], [55.2815, 25.3289], [55.2816, 25.3289], [55.2816, 25.329], [55.2817, 25.329], [55.2818, 25.329], [55.2824, 25.3288], [55.2829, 25.3285], [55.2834, 25.3283], [55.2839, 25.3281], [55.2844, 25.3278], [55.285, 25.3276], [55.2855, 25.3273], [55.286, 25.3271], [55.2865, 25.3268], [55.287, 25.3266], [55.2875, 25.3263], [55.288, 25.3261], [55.2885, 25.3258], [55.289, 25.3255], [55.2895, 25.3252], [55.29, 25.325], [55.2905, 25.3247], [55.291, 25.3244], [55.2915, 25.3241], [55.292, 25.3238], [55.2943, 25.3223], [55.2943, 25.3222]]], [[[55.3196, 25.3348], [55.3197, 25.3348], [55.3198, 25.3347], [55.3198, 25.3346], [55.32, 25.3344], [55.3201, 25.3342], [55.3202, 25.334], [55.3203, 25.334], [55.3203, 25.3339], [55.3203, 25.3338], [55.3204, 25.3338], [55.3204, 25.3337], [55.3204, 25.3336], [55.3204, 25.3335], [55.3203, 25.3335], [55.3203, 25.3334], [55.3202, 25.3334], [55.3201, 25.3334], [55.32, 25.3334], [55.3199, 25.3334], [55.3199, 25.3335], [55.3198, 25.3336], [55.3198, 25.3337], [55.3197, 25.3337], [55.3197, 25.3338], [55.3196, 25.3338], [55.3195, 25.3338], [55.3194, 25.3338], [55.3194, 25.3337], [55.3193, 25.3337], [55.3192, 25.3336], [55.3192, 25.3335], [55.3192, 25.3334], [55.3192, 25.3333], [55.3192, 25.3332], [55.3193, 25.3331], [55.3194, 25.3331], [55.3194, 25.333], [55.3195, 25.333], [55.3196, 25.333], [55.3197, 25.333], [55.3198, 25.3329], [55.3199, 25.3329], [55.32, 25.3329], [55.32, 25.3328], [55.3201, 25.3328], [55.3202, 25.3328], [55.3202, 25.3327], [55.3203, 25.3327], [55.3203, 25.3326], [55.3204, 25.3326], [55.3204, 25.3325], [55.3205, 25.3325], [55.3205, 25.3324], [55.3206, 25.3323], [55.3206, 25.3322], [55.3207, 25.3321], [55.3207, 25.332], [55.3207, 25.3319], [55.3208, 25.3318], [55.3208, 25.3317], [55.3208, 25.3316], [55.3208, 25.3315], [55.3207, 25.3314], [55.3206, 25.3313], [55.3205, 25.3313], [55.3204, 25.3313], [55.3203, 25.3313], [55.3202, 25.3313], [55.3202, 25.3314], [55.3202, 25.3315], [55.3201, 25.3316], [55.3201, 25.3317], [55.32, 25.3317], [55.32, 25.3318], [55.3199, 25.3318], [55.3199, 25.3319], [55.3198, 25.3319], [55.3197, 25.3319], [55.3196, 25.3319], [55.3196, 25.3318], [55.3195, 25.3318], [55.3195, 25.3317], [55.3194, 25.3317], [55.3194, 25.3316], [55.3194, 25.3315], [55.3194, 25.3314], [55.3195, 25.3313], [55.3195, 25.3312], [55.3196, 25.3312], [55.3196, 25.3311], [55.3197, 25.3311], [55.3198, 25.3311], [55.3198, 25.331], [55.3199, 25.331], [55.32, 25.331], [55.32, 25.3309], [55.3201, 25.3308], [55.3202, 25.3307], [55.3202, 25.3306], [55.3203, 25.3305], [55.3204, 25.3304], [55.3204, 25.3303], [55.3205, 25.3302], [55.3206, 25.3301], [55.3206, 25.33], [55.3207, 25.3299], [55.3207, 25.3298], [55.3207, 25.3297], [55.3208, 25.3295], [55.3208, 25.3294], [55.3208, 25.3293], [55.3209, 25.3292], [55.3209, 25.3291], [55.3209, 25.3288], [55.3209, 25.3285], [55.3209, 25.3282], [55.3209, 25.3279], [55.3209, 25.3276], [55.3209, 25.3273], [55.3209, 25.327], [55.3209, 25.3267], [55.3209, 25.3264], [55.3209, 25.3261], [55.3209, 25.3258], [55.3209, 25.3255], [55.3209, 25.3252], [55.3208, 25.3249], [55.3208, 25.3246], [55.3208, 25.3243], [55.3207, 25.324], [55.3207, 25.3237], [55.3206, 25.3234], [55.3206, 25.3231], [55.3205, 25.3228], [55.3205, 25.3225], [55.3204, 25.3222], [55.3203, 25.322], [55.3202, 25.3217], [55.3202, 25.3214], [55.3201, 25.3211], [55.32, 25.3208], [55.3199, 25.3205], [55.3198, 25.3202], [55.3197, 25.3199], [55.3196, 25.3197], [55.3195, 25.3194], [55.3194, 25.3191], [55.3193, 25.3188], [55.3192, 25.3185], [55.3191, 25.3183], [55.319, 25.3181], [55.319, 25.318], [55.3188, 25.3178], [55.3187, 25.3175], [55.3185, 25.3172], [55.3184, 25.317], [55.3184, 25.3169], [55.3183, 25.3169], [55.3183, 25.3168], [55.3182, 25.3168], [55.3181, 25.3168], [55.3181, 25.3167], [55.318, 25.3167], [55.3179, 25.3167], [55.3178, 25.3167], [55.3178, 25.3168], [55.3177, 25.3168], [55.3176, 25.3169], [55.3176, 25.317], [55.3175, 25.317], [55.3175, 25.3171], [55.3175, 25.3172], [55.3175, 25.3173], [55.3175, 25.3174], [55.3174, 25.3175], [55.3174, 25.3176], [55.3174, 25.3177], [55.3173, 25.3178], [55.3173, 25.3179], [55.3172, 25.318], [55.3172, 25.3181], [55.3171, 25.3182], [55.317, 25.3183], [55.317, 25.3184], [55.3169, 25.3184], [55.3168, 25.3185], [55.3168, 25.3186], [55.3167, 25.3187], [55.3166, 25.3188], [55.3165, 25.3188], [55.3164, 25.3189], [55.3164, 25.319], [55.3163, 25.319], [55.3162, 25.3191], [55.3161, 25.3192], [55.316, 25.3192], [55.3159, 25.3193], [55.3158, 25.3193], [55.3157, 25.3194], [55.3156, 25.3194], [55.3155, 25.3195], [55.3154, 25.3195], [55.3152, 25.3195], [55.3151, 25.3196], [55.315, 25.3196], [55.3149, 25.3196], [55.3148, 25.3196], [55.3147, 25.3196], [55.3146, 25.3196], [55.3145, 25.3197], [55.3143, 25.3197], [55.3142, 25.3197], [55.3141, 25.3197], [55.314, 25.3197], [55.3139, 25.3196], [55.3138, 25.3196], [55.3137, 25.3196], [55.3136, 25.3196], [55.3135, 25.3196], [55.3134, 25.3196], [55.3132, 25.3195], [55.3131, 25.3195], [55.313, 25.3195], [55.3129, 25.3194], [55.3128, 25.3194], [55.3127, 25.3193], [55.3126, 25.3193], [55.3125, 25.3192], [55.3124, 25.3192], [55.3123, 25.3191], [55.3122, 25.3191], [55.3121, 25.319], [55.312, 25.3189], [55.3119, 25.3188], [55.3118, 25.3187], [55.3117, 25.3186], [55.3116, 25.3186], [55.3116, 25.3185], [55.3115, 25.3184], [55.3114, 25.3183], [55.3114, 25.3182], [55.3113, 25.3181], [55.3113, 25.318], [55.3112, 25.3179], [55.3112, 25.3178], [55.3111, 25.3177], [55.3111, 25.3176], [55.311, 25.3175], [55.311, 25.3174], [55.311, 25.3173], [55.311, 25.3172], [55.3109, 25.3171], [55.3109, 25.317], [55.3109, 25.3169], [55.3109, 25.3168], [55.3109, 25.3167], [55.3109, 25.3166], [55.3109, 25.3165], [55.3109, 25.3164], [55.3109, 25.3163], [55.3109, 25.3162], [55.3109, 25.3161], [55.3108, 25.316], [55.3108, 25.3159], [55.3107, 25.3159], [55.3107, 25.3158], [55.3106, 25.3158], [55.3105, 25.3157], [55.3104, 25.3157], [55.3103, 25.3157], [55.3102, 25.3157], [55.3101, 25.3157], [55.31, 25.3157], [55.3099, 25.3157], [55.3098, 25.3157], [55.3098, 25.3158], [55.3097, 25.3158], [55.3061, 25.3181], [55.3061, 25.3182], [55.3059, 25.3183], [55.3058, 25.3184], [55.3056, 25.3185], [55.3055, 25.3186], [55.3053, 25.3187], [55.3052, 25.3189], [55.305, 25.319], [55.3049, 25.3191], [55.3048, 25.3193], [55.3046, 25.3194], [55.3045, 25.3195], [55.3044, 25.3197], [55.3043, 25.3197], [55.3043, 25.3198], [55.3042, 25.3199], [55.3041, 25.32], [55.304, 25.3201], [55.304, 25.3202], [55.3039, 25.3203], [55.3039, 25.3204], [55.3039, 25.3205], [55.3038, 25.3206], [55.3038, 25.3207], [55.3038, 25.3208], [55.3038, 25.3209], [55.3037, 25.321], [55.3037, 25.3211], [55.3037, 25.3212], [55.3037, 25.3213], [55.3037, 25.3214], [55.3037, 25.3215], [55.3037, 25.3216], [55.3037, 25.3217], [55.3037, 25.3218], [55.3037, 25.3219], [55.3038, 25.322], [55.3038, 25.3221], [55.3038, 25.3222], [55.3039, 25.3223], [55.3039, 25.3224], [55.3039, 25.3225], [55.304, 25.3226], [55.3041, 25.3227], [55.3041, 25.3228], [55.3042, 25.3229], [55.3043, 25.323], [55.3043, 25.3231], [55.3044, 25.3231], [55.3045, 25.3232], [55.3045, 25.3233], [55.3046, 25.3234], [55.3047, 25.3234], [55.3048, 25.3235], [55.3049, 25.3236], [55.305, 25.3237], [55.3051, 25.3237], [55.3052, 25.3238], [55.3053, 25.3239], [55.3054, 25.3239], [55.3055, 25.324], [55.3056, 25.3241], [55.3056, 25.3242], [55.3057, 25.3242], [55.3058, 25.3243], [55.3058, 25.3244], [55.3058, 25.3245], [55.3059, 25.3246], [55.3059, 25.3247], [55.3059, 25.3248], [55.3059, 25.3249], [55.3059, 25.325], [55.3059, 25.3251], [55.3059, 25.3252], [55.3058, 25.3253], [55.3058, 25.3254], [55.3057, 25.3254], [55.3057, 25.3255], [55.3057, 25.3256], [55.3056, 25.3256], [55.3055, 25.3257], [55.3054, 25.3258], [55.3053, 25.3258], [55.3052, 25.3259], [55.3051, 25.3259], [55.305, 25.326], [55.3049, 25.326], [55.3048, 25.326], [55.3047, 25.326], [55.3046, 25.326], [55.3041, 25.3281], [55.3061, 25.3307], [55.3062, 25.3307], [55.3063, 25.3307], [55.3063, 25.3308], [55.3064, 25.3308], [55.3065, 25.3309], [55.3066, 25.3309], [55.3067, 25.331], [55.3068, 25.331], [55.3068, 25.3311], [55.3069, 25.3311], [55.307, 25.3312], [55.3071, 25.3312], [55.3071, 25.3313], [55.3072, 25.3314], [55.3073, 25.3314], [55.3073, 25.3315], [55.3074, 25.3316], [55.3074, 25.3317], [55.3075, 25.3317], [55.3075, 25.3318], [55.3075, 25.3319], [55.3076, 25.332], [55.3076, 25.3321], [55.3076, 25.3322], [55.3077, 25.3323], [55.3077, 25.3324], [55.3077, 25.3325], [55.3077, 25.3326], [55.3077, 25.3327], [55.3077, 25.3328], [55.3112, 25.3373], [55.3118, 25.3368], [55.3156, 25.3346], [55.3164, 25.336], [55.316, 25.3362], [55.3159, 25.3362], [55.3159, 25.3363], [55.3159, 25.3364], [55.3159, 25.3365], [55.316, 25.3365], [55.3161, 25.3365], [55.3178, 25.3361], [55.3179, 25.336], [55.318, 25.336], [55.3182, 25.3359], [55.3183, 25.3359], [55.3184, 25.3358], [55.3185, 25.3358], [55.3186, 25.3357], [55.3187, 25.3356], [55.3188, 25.3356], [55.3189, 25.3355], [55.319, 25.3354], [55.3191, 25.3353], [55.3192, 25.3353], [55.3193, 25.3352], [55.3194, 25.3351], [55.3195, 25.335], [55.3195, 25.3349], [55.3196, 25.3348]]], [[[55.261, 25.3216], [55.261, 25.3218], [55.261, 25.322], [55.2611, 25.3222], [55.2611, 25.3224], [55.2611, 25.3225], [55.2611, 25.3227], [55.2612, 25.3229], [55.2612, 25.3231], [55.2612, 25.3232], [55.2613, 25.3234], [55.2613, 25.3236], [55.2614, 25.3238], [55.2614, 25.3239], [55.2614, 25.324], [55.2615, 25.3242], [55.2616, 25.3245], [55.2617, 25.3248], [55.2618, 25.325], [55.2619, 25.3253], [55.262, 25.3255], [55.2621, 25.3258], [55.2622, 25.326], [55.2623, 25.3262], [55.2625, 25.3265], [55.2626, 25.3267], [55.2627, 25.327], [55.2628, 25.3272], [55.263, 25.3275], [55.2631, 25.3277], [55.2633, 25.3279], [55.2634, 25.3282], [55.2635, 25.3284], [55.2637, 25.3286], [55.2639, 25.3288], [55.264, 25.3291], [55.2642, 25.3293], [55.2643, 25.3295], [55.2645, 25.3297], [55.2647, 25.33], [55.2648, 25.3302], [55.2651, 25.3305], [55.2658, 25.3313], [55.2665, 25.3322], [55.2672, 25.333], [55.2679, 25.3339], [55.2681, 25.3342], [55.2687, 25.3351], [55.2693, 25.336], [55.27, 25.3369], [55.2706, 25.3378], [55.2706, 25.3379], [55.2708, 25.3381], [55.2709, 25.3383], [55.2711, 25.3386], [55.2712, 25.3388], [55.2714, 25.339], [55.2716, 25.3392], [55.2718, 25.3394], [55.2719, 25.3396], [55.2721, 25.3398], [55.2723, 25.3401], [55.2725, 25.3403], [55.2727, 25.3405], [55.2729, 25.3407], [55.2731, 25.3409], [55.2733, 25.3411], [55.2735, 25.3412], [55.2737, 25.3414], [55.2739, 25.3416], [55.2741, 25.3418], [55.2743, 25.342], [55.2745, 25.3422], [55.2748, 25.3424], [55.275, 25.3425], [55.2752, 25.3427], [55.2754, 25.3429], [55.2757, 25.343], [55.2758, 25.3431], [55.2759, 25.3432], [55.2761, 25.3433], [55.2762, 25.3434], [55.2764, 25.3435], [55.2766, 25.3436], [55.2767, 25.3437], [55.2769, 25.3438], [55.2771, 25.3439], [55.2773, 25.344], [55.2774, 25.344], [55.2776, 25.3441], [55.2778, 25.3442], [55.278, 25.3443], [55.2782, 25.3443], [55.2783, 25.3444], [55.2785, 25.3444], [55.2787, 25.3445], [55.2789, 25.3446], [55.2791, 25.3446], [55.2792, 25.3446], [55.2793, 25.3446], [55.2794, 25.3446], [55.2795, 25.3446], [55.2796, 25.3446], [55.2797, 25.3446], [55.2798, 25.3446], [55.2799, 25.3446], [55.28, 25.3445], [55.2801, 25.3445], [55.2802, 25.3444], [55.2803, 25.3444], [55.2804, 25.3443], [55.2805, 25.3442], [55.2806, 25.3441], [55.2806, 25.344], [55.2807, 25.3439], [55.2807, 25.3438], [55.2807, 25.3437], [55.2808, 25.3436], [55.2808, 25.3435], [55.2808, 25.3434], [55.2808, 25.3433], [55.2808, 25.3432], [55.2808, 25.3431], [55.2808, 25.343], [55.2808, 25.3429], [55.2808, 25.3428], [55.2807, 25.3427], [55.2807, 25.3426], [55.2807, 25.3425], [55.2807, 25.3424], [55.2806, 25.3423], [55.2806, 25.3422], [55.2805, 25.3421], [55.2805, 25.342], [55.2804, 25.3419], [55.2804, 25.3418], [55.2803, 25.3417], [55.2802, 25.3416], [55.2801, 25.3415], [55.28, 25.3414], [55.28, 25.3413], [55.2799, 25.3413], [55.2798, 25.3412], [55.2797, 25.3411], [55.2796, 25.3411], [55.2796, 25.341], [55.2786, 25.3404], [55.2777, 25.3398], [55.2768, 25.3391], [55.2759, 25.3385], [55.2757, 25.3383], [55.2755, 25.3382], [55.2753, 25.338], [55.2751, 25.3378], [55.2749, 25.3377], [55.2747, 25.3375], [55.2745, 25.3374], [55.2743, 25.3372], [55.2741, 25.337], [55.2739, 25.3369], [55.2738, 25.3367], [55.2736, 25.3365], [55.2734, 25.3363], [55.2733, 25.3361], [55.2731, 25.336], [55.2729, 25.3358], [55.2728, 25.3356], [55.2726, 25.3354], [55.2723, 25.335], [55.272, 25.3346], [55.2717, 25.3343], [55.2714, 25.3339], [55.2712, 25.3335], [55.2709, 25.3331], [55.2706, 25.3328], [55.2703, 25.3324], [55.2703, 25.3323], [55.27, 25.332], [55.2697, 25.3316], [55.2694, 25.3312], [55.2692, 25.3308], [55.2689, 25.3305], [55.2686, 25.3301], [55.2684, 25.3297], [55.2681, 25.3293], [55.2679, 25.3291], [55.2678, 25.3289], [55.2677, 25.3287], [55.2676, 25.3285], [55.2674, 25.3283], [55.2673, 25.3281], [55.2672, 25.3279], [55.2671, 25.3277], [55.267, 25.3274], [55.2669, 25.3272], [55.2668, 25.327], [55.2667, 25.3268], [55.2666, 25.3266], [55.2665, 25.3264], [55.2664, 25.3261], [55.2663, 25.3259], [55.2662, 25.3257], [55.2662, 25.3255], [55.2662, 25.3254], [55.2658, 25.3244], [55.2655, 25.3234], [55.2652, 25.3223], [55.2649, 25.3213], [55.2648, 25.3212], [55.2648, 25.3211], [55.2648, 25.321], [55.2647, 25.3209], [55.2647, 25.3208], [55.2646, 25.3207], [55.2645, 25.3206], [55.2645, 25.3205], [55.2644, 25.3204], [55.2643, 25.3203], [55.2642, 25.3203], [55.2642, 25.3202], [55.2641, 25.3201], [55.264, 25.32], [55.2639, 25.32], [55.2639, 25.3199], [55.2638, 25.3199], [55.2637, 25.3198], [55.2636, 25.3198], [55.2635, 25.3197], [55.2634, 25.3197], [55.2633, 25.3196], [55.2632, 25.3196], [55.2631, 25.3195], [55.263, 25.3195], [55.2629, 25.3195], [55.2628, 25.3194], [55.2627, 25.3194], [55.2626, 25.3194], [55.2625, 25.3194], [55.2624, 25.3194], [55.2623, 25.3194], [55.2622, 25.3194], [55.2621, 25.3194], [55.262, 25.3194], [55.2619, 25.3195], [55.2618, 25.3195], [55.2617, 25.3196], [55.2616, 25.3196], [55.2615, 25.3197], [55.2614, 25.3198], [55.2613, 25.3199], [55.2613, 25.32], [55.2612, 25.32], [55.2612, 25.3201], [55.2611, 25.3202], [55.2611, 25.3203], [55.2611, 25.3204], [55.2611, 25.3205], [55.2611, 25.3206], [55.261, 25.3207], [55.261, 25.3209], [55.261, 25.3211], [55.261, 25.3213], [55.261, 25.3215], [55.261, 25.3216]]], [[[55.2993, 25.3285], [55.2992, 25.3284], [55.2991, 25.3283], [55.2991, 25.3282], [55.299, 25.3281], [55.299, 25.328], [55.2989, 25.3279], [55.2989, 25.3278], [55.2989, 25.3277], [55.2988, 25.3276], [55.2988, 25.3275], [55.2988, 25.3274], [55.2987, 25.3273], [55.2987, 25.3272], [55.2986, 25.3272], [55.2986, 25.3271], [55.2985, 25.327], [55.2985, 25.3269], [55.2984, 25.3268], [55.2984, 25.3267], [55.2983, 25.3266], [55.2982, 25.3266], [55.2982, 25.3265], [55.2981, 25.3264], [55.298, 25.3263], [55.2979, 25.3263], [55.2978, 25.3262], [55.2978, 25.3261], [55.2977, 25.3261], [55.2976, 25.3261], [55.2976, 25.326], [55.2975, 25.326], [55.2974, 25.326], [55.2973, 25.326], [55.2972, 25.326], [55.2971, 25.326], [55.297, 25.326], [55.2969, 25.326], [55.2968, 25.326], [55.2968, 25.3261], [55.2967, 25.3261], [55.2966, 25.3262], [55.2965, 25.3262], [55.2963, 25.3265], [55.2961, 25.3267], [55.2958, 25.3269], [55.2957, 25.327], [55.2955, 25.3273], [55.2953, 25.3275], [55.2951, 25.3277], [55.2948, 25.328], [55.2946, 25.3282], [55.2944, 25.3284], [55.2942, 25.3287], [55.294, 25.3289], [55.2933, 25.33], [55.2933, 25.3301], [55.2932, 25.3302], [55.2931, 25.3303], [55.2931, 25.3304], [55.293, 25.3305], [55.293, 25.3306], [55.2929, 25.3307], [55.2929, 25.3308], [55.2928, 25.3311], [55.2927, 25.3312], [55.2927, 25.3314], [55.2927, 25.3316], [55.2926, 25.3318], [55.2926, 25.332], [55.2926, 25.3321], [55.2925, 25.3325], [55.2925, 25.3328], [55.2925, 25.3331], [55.2925, 25.3333], [55.2925, 25.3335], [55.2925, 25.3336], [55.2925, 25.3339], [55.2925, 25.3341], [55.2925, 25.3344], [55.2925, 25.3346], [55.2925, 25.3349], [55.2926, 25.3355], [55.2927, 25.3362], [55.293, 25.3371], [55.2931, 25.338], [55.2933, 25.339], [55.2936, 25.34], [55.2937, 25.3407], [55.2937, 25.341], [55.2938, 25.3413], [55.2939, 25.3416], [55.2939, 25.3417], [55.2939, 25.3418], [55.294, 25.3418], [55.294, 25.3419], [55.2941, 25.3419], [55.2944, 25.342], [55.2946, 25.3421], [55.2947, 25.3422], [55.2949, 25.3422], [55.295, 25.3423], [55.2952, 25.3423], [55.2953, 25.3424], [55.2955, 25.3424], [55.2956, 25.3424], [55.2958, 25.3425], [55.2959, 25.3425], [55.2961, 25.3425], [55.2962, 25.3425], [55.2964, 25.3425], [55.2965, 25.3426], [55.2967, 25.3426], [55.2968, 25.3426], [55.297, 25.3426], [55.2971, 25.3426], [55.2973, 25.3426], [55.2974, 25.3426], [55.2976, 25.3426], [55.2977, 25.3425], [55.2979, 25.3425], [55.2981, 25.3425], [55.2982, 25.3425], [55.2984, 25.3424], [55.2985, 25.3424], [55.2987, 25.3424], [55.2988, 25.3423], [55.2989, 25.3423], [55.2991, 25.3422], [55.2992, 25.3422], [55.2994, 25.3421], [55.3106, 25.3378], [55.3109, 25.3376], [55.3073, 25.333], [55.3072, 25.333], [55.3071, 25.333], [55.307, 25.3329], [55.3069, 25.3328], [55.3068, 25.3328], [55.3067, 25.3327], [55.3066, 25.3327], [55.3066, 25.3326], [55.3065, 25.3326], [55.3064, 25.3325], [55.3063, 25.3324], [55.3062, 25.3323], [55.3062, 25.3322], [55.3061, 25.3321], [55.306, 25.332], [55.306, 25.3319], [55.3059, 25.3318], [55.3059, 25.3317], [55.3058, 25.3316], [55.3058, 25.3315], [55.3058, 25.3314], [55.3058, 25.3313], [55.3057, 25.3312], [55.3057, 25.3311], [55.3057, 25.331], [55.3037, 25.3283], [55.3014, 25.328], [55.3014, 25.3281], [55.3013, 25.3282], [55.3013, 25.3283], [55.3012, 25.3284], [55.3011, 25.3285], [55.301, 25.3286], [55.3009, 25.3286], [55.3009, 25.3287], [55.3008, 25.3287], [55.3007, 25.3287], [55.3007, 25.3288], [55.3006, 25.3288], [55.3005, 25.3288], [55.3004, 25.3288], [55.3003, 25.3289], [55.3002, 25.3289], [55.3001, 25.3289], [55.3, 25.3288], [55.2999, 25.3288], [55.2998, 25.3288], [55.2997, 25.3288], [55.2996, 25.3287], [55.2995, 25.3287], [55.2995, 25.3286], [55.2994, 25.3286], [55.2993, 25.3285]]], [[[55.2521, 25.3213], [55.2521, 25.3214], [55.2521, 25.3215], [55.2521, 25.3216], [55.2521, 25.3217], [55.2521, 25.3218], [55.2522, 25.3219], [55.2522, 25.322], [55.2522, 25.3221], [55.2523, 25.3224], [55.2524, 25.3226], [55.2526, 25.3229], [55.2527, 25.3232], [55.2528, 25.3234], [55.2529, 25.3237], [55.253, 25.3239], [55.2532, 25.3242], [55.2533, 25.3245], [55.2534, 25.3247], [55.2536, 25.325], [55.2537, 25.3252], [55.2539, 25.3255], [55.254, 25.3257], [55.2542, 25.326], [55.2543, 25.3262], [55.2545, 25.3265], [55.2547, 25.3267], [55.2549, 25.327], [55.2551, 25.3273], [55.2554, 25.3277], [55.2556, 25.328], [55.2559, 25.3283], [55.2561, 25.3286], [55.2564, 25.329], [55.2566, 25.3293], [55.2569, 25.3296], [55.2571, 25.3299], [55.2574, 25.3302], [55.2577, 25.3305], [55.258, 25.3308], [55.2582, 25.3311], [55.2585, 25.3314], [55.2588, 25.3317], [55.2591, 25.332], [55.2594, 25.3323], [55.2597, 25.3326], [55.26, 25.3329], [55.2603, 25.3332], [55.2606, 25.3335], [55.2609, 25.3338], [55.2612, 25.3341], [55.2614, 25.3343], [55.2617, 25.3346], [55.2619, 25.3348], [55.2621, 25.335], [55.2624, 25.3353], [55.2626, 25.3355], [55.2628, 25.3358], [55.2631, 25.3361], [55.2633, 25.3363], [55.2635, 25.3366], [55.2636, 25.3366], [55.2637, 25.3369], [55.2639, 25.3372], [55.2641, 25.3375], [55.2643, 25.3378], [55.2645, 25.3381], [55.2646, 25.3384], [55.2648, 25.3387], [55.2649, 25.339], [55.2651, 25.3393], [55.2652, 25.3396], [55.2654, 25.3399], [55.2656, 25.3402], [55.2657, 25.3406], [55.2659, 25.3409], [55.2661, 25.3413], [55.2663, 25.3416], [55.2665, 25.342], [55.2667, 25.3423], [55.2669, 25.3427], [55.2671, 25.343], [55.2673, 25.3434], [55.2675, 25.3437], [55.2678, 25.3441], [55.268, 25.3444], [55.2682, 25.3447], [55.2684, 25.3451], [55.2687, 25.3454], [55.2689, 25.3457], [55.2691, 25.3461], [55.2694, 25.3464], [55.2696, 25.3467], [55.2699, 25.3471], [55.2701, 25.3474], [55.2704, 25.3477], [55.2704, 25.3478], [55.2706, 25.348], [55.2708, 25.3482], [55.271, 25.3485], [55.2712, 25.3487], [55.2714, 25.3489], [55.2716, 25.3491], [55.2718, 25.3493], [55.272, 25.3495], [55.2722, 25.3498], [55.2724, 25.35], [55.2726, 25.3502], [55.2729, 25.3504], [55.2731, 25.3506], [55.2733, 25.3508], [55.2735, 25.351], [55.2738, 25.3512], [55.274, 25.3513], [55.2742, 25.3515], [55.2743, 25.3516], [55.2744, 25.3516], [55.2744, 25.3517], [55.2745, 25.3517], [55.2746, 25.3518], [55.2747, 25.3518], [55.2748, 25.3518], [55.2749, 25.3519], [55.275, 25.3519], [55.2751, 25.352], [55.2752, 25.352], [55.2753, 25.352], [55.2754, 25.352], [55.2755, 25.352], [55.2756, 25.352], [55.2757, 25.352], [55.2758, 25.352], [55.2759, 25.352], [55.276, 25.352], [55.2761, 25.352], [55.2762, 25.352], [55.2763, 25.3519], [55.2764, 25.3519], [55.2765, 25.3519], [55.2766, 25.3519], [55.2767, 25.3518], [55.2768, 25.3518], [55.2768, 25.3517], [55.2769, 25.3517], [55.277, 25.3516], [55.2771, 25.3516], [55.2772, 25.3515], [55.2773, 25.3514], [55.2774, 25.3514], [55.2774, 25.3513], [55.2775, 25.3512], [55.2776, 25.3511], [55.2776, 25.351], [55.2777, 25.3509], [55.2777, 25.3508], [55.2778, 25.3508], [55.2778, 25.3507], [55.2778, 25.3506], [55.2778, 25.3505], [55.2779, 25.3505], [55.2779, 25.3504], [55.2779, 25.3503], [55.2779, 25.3502], [55.2779, 25.3501], [55.2779, 25.35], [55.2779, 25.3499], [55.2779, 25.3498], [55.2779, 25.3497], [55.2779, 25.3496], [55.2778, 25.3495], [55.2778, 25.3494], [55.2778, 25.3493], [55.2777, 25.3492], [55.2776, 25.3491], [55.2776, 25.349], [55.2775, 25.3489], [55.2774, 25.3488], [55.2773, 25.3487], [55.2772, 25.3486], [55.2771, 25.3485], [55.277, 25.3485], [55.2768, 25.3484], [55.2766, 25.3482], [55.2764, 25.348], [55.2761, 25.3479], [55.2759, 25.3477], [55.2756, 25.3475], [55.2754, 25.3474], [55.2752, 25.3472], [55.2749, 25.347], [55.2747, 25.3468], [55.2745, 25.3466], [55.2742, 25.3464], [55.274, 25.3462], [55.2738, 25.346], [55.2736, 25.3458], [55.2734, 25.3456], [55.2732, 25.3454], [55.273, 25.3452], [55.2728, 25.345], [55.2726, 25.3448], [55.2724, 25.3446], [55.2722, 25.3444], [55.272, 25.3441], [55.2718, 25.3439], [55.2716, 25.3437], [55.2714, 25.3435], [55.2712, 25.3432], [55.271, 25.343], [55.2709, 25.3428], [55.2707, 25.3425], [55.2705, 25.3423], [55.2703, 25.342], [55.2702, 25.3418], [55.27, 25.3415], [55.2699, 25.3413], [55.2697, 25.341], [55.2696, 25.3408], [55.2693, 25.3403], [55.2688, 25.3396], [55.2684, 25.3389], [55.268, 25.3381], [55.2675, 25.3374], [55.2671, 25.3367], [55.2666, 25.3359], [55.2665, 25.3358], [55.2664, 25.3355], [55.2662, 25.3353], [55.2661, 25.335], [55.2659, 25.3349], [55.2657, 25.3347], [55.2655, 25.3344], [55.2653, 25.3342], [55.265, 25.3338], [55.2644, 25.3331], [55.2638, 25.3325], [55.2632, 25.3318], [55.2626, 25.3312], [55.262, 25.3306], [55.2614, 25.3299], [55.2612, 25.3297], [55.261, 25.3295], [55.2608, 25.3292], [55.2606, 25.329], [55.2605, 25.3288], [55.2603, 25.3286], [55.2601, 25.3283], [55.2599, 25.3281], [55.2597, 25.3279], [55.2596, 25.3276], [55.2594, 25.3274], [55.2592, 25.3271], [55.2591, 25.3269], [55.2589, 25.3267], [55.2588, 25.3264], [55.2586, 25.3262], [55.2585, 25.3259], [55.2584, 25.3257], [55.2582, 25.3255], [55.2581, 25.3252], [55.258, 25.325], [55.2578, 25.3247], [55.2577, 25.3245], [55.2576, 25.3242], [55.2575, 25.324], [55.2573, 25.3237], [55.2572, 25.3234], [55.2571, 25.3232], [55.257, 25.3229], [55.2569, 25.3227], [55.2568, 25.3224], [55.2567, 25.3221], [55.2567, 25.3219], [55.2566, 25.3216], [55.2565, 25.3213], [55.2564, 25.3211], [55.2563, 25.3208], [55.2563, 25.3207], [55.2563, 25.3206], [55.2563, 25.3205], [55.2562, 25.3205], [55.2562, 25.3204], [55.2561, 25.3203], [55.2561, 25.3202], [55.256, 25.3202], [55.256, 25.3201], [55.2559, 25.32], [55.2558, 25.3199], [55.2558, 25.3198], [55.2557, 25.3198], [55.2556, 25.3197], [55.2555, 25.3197], [55.2555, 25.3196], [55.2554, 25.3196], [55.2553, 25.3196], [55.2552, 25.3195], [55.2551, 25.3194], [55.255, 25.3194], [55.2549, 25.3194], [55.2548, 25.3194], [55.2547, 25.3193], [55.2546, 25.3193], [55.2545, 25.3193], [55.2544, 25.3193], [55.2543, 25.3193], [55.2542, 25.3193], [55.2541, 25.3193], [55.254, 25.3193], [55.2539, 25.3193], [55.2538, 25.3194], [55.2537, 25.3194], [55.2536, 25.3194], [55.2535, 25.3195], [55.2534, 25.3195], [55.2533, 25.3195], [55.2532, 25.3196], [55.2531, 25.3196], [55.2531, 25.3197], [55.253, 25.3197], [55.2529, 25.3198], [55.2528, 25.3198], [55.2528, 25.3199], [55.2527, 25.3199], [55.2526, 25.32], [55.2526, 25.3201], [55.2525, 25.3201], [55.2525, 25.3202], [55.2524, 25.3203], [55.2524, 25.3204], [55.2523, 25.3204], [55.2523, 25.3205], [55.2522, 25.3206], [55.2522, 25.3207], [55.2521, 25.3208], [55.2521, 25.3209], [55.2521, 25.321], [55.2521, 25.3211], [55.2521, 25.3212], [55.2521, 25.3213]]], [[[55.2441, 25.3232], [55.2441, 25.3233], [55.2441, 25.3234], [55.2441, 25.3235], [55.2441, 25.3236], [55.2441, 25.3237], [55.2441, 25.3238], [55.2441, 25.3239], [55.2442, 25.324], [55.2442, 25.3241], [55.2443, 25.3242], [55.2443, 25.3243], [55.2443, 25.3244], [55.2444, 25.3245], [55.2446, 25.3248], [55.2448, 25.3251], [55.245, 25.3253], [55.2452, 25.3256], [55.2454, 25.3259], [55.2456, 25.3262], [55.2458, 25.3265], [55.246, 25.3267], [55.2462, 25.327], [55.2465, 25.3273], [55.2467, 25.3275], [55.2469, 25.3278], [55.2471, 25.3281], [55.2474, 25.3283], [55.2476, 25.3286], [55.2478, 25.3288], [55.2481, 25.3291], [55.2483, 25.3294], [55.2487, 25.3298], [55.2492, 25.3303], [55.2497, 25.3308], [55.2502, 25.3313], [55.2508, 25.3318], [55.2513, 25.3323], [55.2518, 25.3328], [55.2523, 25.3333], [55.2528, 25.3338], [55.2533, 25.3343], [55.2539, 25.3348], [55.2541, 25.335], [55.2543, 25.3352], [55.2546, 25.3354], [55.2548, 25.3356], [55.255, 25.3358], [55.2553, 25.336], [55.2555, 25.3362], [55.2557, 25.3364], [55.256, 25.3366], [55.2562, 25.3368], [55.2565, 25.337], [55.2567, 25.3372], [55.257, 25.3374], [55.2571, 25.3375], [55.2573, 25.3376], [55.2574, 25.3378], [55.2576, 25.3379], [55.2578, 25.3381], [55.2579, 25.3383], [55.2581, 25.3384], [55.2582, 25.3386], [55.2584, 25.3387], [55.2585, 25.3389], [55.2586, 25.3391], [55.2588, 25.3392], [55.2589, 25.3394], [55.259, 25.3396], [55.2592, 25.3398], [55.2593, 25.3399], [55.2594, 25.3401], [55.2595, 25.3403], [55.2596, 25.3405], [55.2597, 25.3407], [55.2598, 25.3409], [55.2599, 25.3411], [55.26, 25.3413], [55.2601, 25.3414], [55.2602, 25.3416], [55.2603, 25.3418], [55.2603, 25.3419], [55.2604, 25.3421], [55.2605, 25.3424], [55.2606, 25.3427], [55.2607, 25.343], [55.2608, 25.3432], [55.2609, 25.3435], [55.261, 25.3438], [55.2611, 25.3441], [55.2613, 25.3443], [55.2614, 25.3446], [55.2615, 25.3449], [55.2617, 25.3451], [55.2618, 25.3454], [55.262, 25.3459], [55.2623, 25.3465], [55.2627, 25.3471], [55.263, 25.3478], [55.2633, 25.3484], [55.2636, 25.349], [55.2639, 25.3496], [55.2643, 25.3502], [55.2646, 25.3509], [55.265, 25.3515], [55.2653, 25.3521], [55.2654, 25.3523], [55.2656, 25.3526], [55.2658, 25.3529], [55.2659, 25.3532], [55.2661, 25.3535], [55.2663, 25.3538], [55.2665, 25.3541], [55.2667, 25.3544], [55.2669, 25.3547], [55.2671, 25.355], [55.2673, 25.3552], [55.2675, 25.3555], [55.2677, 25.3558], [55.2679, 25.3561], [55.2681, 25.3563], [55.2683, 25.3566], [55.2685, 25.3569], [55.2688, 25.3572], [55.2689, 25.3573], [55.269, 25.3574], [55.2691, 25.3575], [55.2692, 25.3575], [55.2692, 25.3576], [55.2693, 25.3576], [55.2694, 25.3577], [55.2695, 25.3577], [55.2696, 25.3578], [55.2697, 25.3578], [55.2698, 25.3579], [55.2699, 25.3579], [55.27, 25.3579], [55.2701, 25.3579], [55.2702, 25.358], [55.2703, 25.358], [55.2704, 25.358], [55.2705, 25.358], [55.2706, 25.358], [55.2707, 25.358], [55.2708, 25.358], [55.2709, 25.358], [55.271, 25.358], [55.2711, 25.3579], [55.2712, 25.3579], [55.2713, 25.3579], [55.2714, 25.3578], [55.2715, 25.3578], [55.2716, 25.3578], [55.2717, 25.3577], [55.2718, 25.3577], [55.2719, 25.3576], [55.272, 25.3576], [55.2721, 25.3575], [55.2722, 25.3574], [55.2723, 25.3573], [55.2724, 25.3572], [55.2725, 25.3571], [55.2725, 25.357], [55.2726, 25.3569], [55.2727, 25.3568], [55.2727, 25.3567], [55.2727, 25.3566], [55.2728, 25.3565], [55.2728, 25.3564], [55.2728, 25.3563], [55.2728, 25.3562], [55.2728, 25.3561], [55.2728, 25.356], [55.2728, 25.3559], [55.2728, 25.3558], [55.2728, 25.3557], [55.2728, 25.3556], [55.2727, 25.3555], [55.2727, 25.3554], [55.2726, 25.3553], [55.2726, 25.3552], [55.2726, 25.3551], [55.2725, 25.3551], [55.2725, 25.355], [55.2724, 25.3549], [55.2723, 25.3548], [55.272, 25.3545], [55.2718, 25.3543], [55.2715, 25.354], [55.2712, 25.3537], [55.2709, 25.3534], [55.2707, 25.3531], [55.2704, 25.3528], [55.2701, 25.3525], [55.2699, 25.3522], [55.2696, 25.3519], [55.2694, 25.3515], [55.2691, 25.3512], [55.2689, 25.3509], [55.2687, 25.3506], [55.2684, 25.3503], [55.2682, 25.35], [55.2679, 25.3496], [55.2677, 25.3492], [55.2672, 25.3486], [55.2668, 25.348], [55.2664, 25.3474], [55.2659, 25.3468], [55.2659, 25.3466], [55.2657, 25.3464], [55.2656, 25.3462], [55.2654, 25.3459], [55.2653, 25.3457], [55.2651, 25.3455], [55.265, 25.3452], [55.2649, 25.345], [55.2647, 25.3447], [55.2646, 25.3445], [55.2645, 25.3442], [55.2644, 25.344], [55.2643, 25.3437], [55.2641, 25.3435], [55.264, 25.3432], [55.2639, 25.343], [55.2637, 25.3424], [55.2635, 25.3418], [55.2632, 25.3412], [55.263, 25.3406], [55.2627, 25.34], [55.2624, 25.3394], [55.2624, 25.3392], [55.2623, 25.339], [55.2622, 25.3389], [55.2621, 25.3387], [55.262, 25.3386], [55.2619, 25.3384], [55.2618, 25.3383], [55.2617, 25.3381], [55.2616, 25.338], [55.2615, 25.3378], [55.2614, 25.3377], [55.2613, 25.3375], [55.2612, 25.3374], [55.2611, 25.3372], [55.2609, 25.3371], [55.2608, 25.337], [55.2607, 25.3369], [55.2606, 25.3367], [55.2604, 25.3366], [55.2603, 25.3365], [55.2598, 25.3361], [55.2593, 25.3356], [55.2587, 25.3352], [55.2582, 25.3347], [55.2577, 25.3343], [55.2571, 25.3339], [55.257, 25.3338], [55.2568, 25.3336], [55.2566, 25.3334], [55.2564, 25.3332], [55.2562, 25.333], [55.256, 25.3328], [55.2557, 25.3326], [55.2555, 25.3324], [55.2553, 25.3322], [55.2551, 25.332], [55.2549, 25.3318], [55.2547, 25.3316], [55.2546, 25.3314], [55.2544, 25.3312], [55.2542, 25.331], [55.254, 25.3308], [55.2537, 25.3304], [55.2532, 25.3298], [55.2528, 25.3292], [55.2523, 25.3286], [55.2518, 25.328], [55.2516, 25.3277], [55.2514, 25.3274], [55.2511, 25.3271], [55.2509, 25.3268], [55.2506, 25.3265], [55.2504, 25.3261], [55.2502, 25.3258], [55.25, 25.3255], [55.2498, 25.3251], [55.2495, 25.3248], [55.2493, 25.3245], [55.2491, 25.3241], [55.2489, 25.3238], [55.2487, 25.3235], [55.2485, 25.3231], [55.2483, 25.3228], [55.2481, 25.3224], [55.2481, 25.3223], [55.248, 25.3222], [55.2479, 25.3221], [55.2479, 25.322], [55.2478, 25.322], [55.2477, 25.3219], [55.2476, 25.3218], [55.2475, 25.3218], [55.2475, 25.3217], [55.2474, 25.3217], [55.2473, 25.3216], [55.2472, 25.3216], [55.2471, 25.3216], [55.2471, 25.3215], [55.247, 25.3215], [55.2469, 25.3215], [55.2468, 25.3214], [55.2467, 25.3214], [55.2466, 25.3214], [55.2465, 25.3214], [55.2464, 25.3214], [55.2463, 25.3214], [55.2462, 25.3214], [55.2461, 25.3214], [55.246, 25.3214], [55.2459, 25.3214], [55.2458, 25.3214], [55.2457, 25.3215], [55.2456, 25.3215], [55.2455, 25.3215], [55.2454, 25.3216], [55.2453, 25.3216], [55.2452, 25.3217], [55.2451, 25.3217], [55.2451, 25.3218], [55.245, 25.3218], [55.2449, 25.3219], [55.2448, 25.3219], [55.2448, 25.322], [55.2447, 25.322], [55.2446, 25.3221], [55.2446, 25.3222], [55.2445, 25.3222], [55.2445, 25.3223], [55.2444, 25.3224], [55.2444, 25.3225], [55.2443, 25.3225], [55.2443, 25.3226], [55.2443, 25.3227], [55.2442, 25.3228], [55.2442, 25.3229], [55.2441, 25.323], [55.2441, 25.3231], [55.2441, 25.3232]]], [[[55.2897, 25.3377], [55.2897, 25.3373], [55.2896, 25.337], [55.2896, 25.3366], [55.2896, 25.3363], [55.2895, 25.3359], [55.2895, 25.3356], [55.2894, 25.3352], [55.2894, 25.3349], [55.2893, 25.3345], [55.2892, 25.3342], [55.2892, 25.3338], [55.2891, 25.3335], [55.289, 25.3331], [55.2889, 25.3328], [55.2889, 25.3324], [55.2888, 25.3321], [55.2887, 25.3317], [55.2886, 25.3314], [55.2885, 25.331], [55.2885, 25.3309], [55.2884, 25.3309], [55.2884, 25.3308], [55.2883, 25.3308], [55.2883, 25.3307], [55.2882, 25.3307], [55.2881, 25.3307], [55.2881, 25.3306], [55.288, 25.3306], [55.2879, 25.3306], [55.2878, 25.3306], [55.2845, 25.3311], [55.2844, 25.3311], [55.2844, 25.3312], [55.2844, 25.3313], [55.2844, 25.3314], [55.2845, 25.3314], [55.2845, 25.3315], [55.2846, 25.3315], [55.2851, 25.3314], [55.2852, 25.3314], [55.2853, 25.3314], [55.2853, 25.3315], [55.2854, 25.3315], [55.2854, 25.3316], [55.2854, 25.3319], [55.2855, 25.3323], [55.2855, 25.3326], [55.2855, 25.333], [55.2856, 25.3334], [55.2856, 25.3337], [55.2856, 25.3341], [55.2856, 25.3345], [55.2856, 25.3349], [55.2856, 25.3352], [55.2856, 25.3356], [55.2856, 25.336], [55.2856, 25.3363], [55.2856, 25.3367], [55.2856, 25.3371], [55.2856, 25.3374], [55.2855, 25.3378], [55.2855, 25.3382], [55.2855, 25.3385], [55.2854, 25.3389], [55.2854, 25.3393], [55.2854, 25.3396], [55.2853, 25.34], [55.2853, 25.3404], [55.2852, 25.3407], [55.2851, 25.3411], [55.2851, 25.3415], [55.285, 25.3418], [55.2849, 25.3422], [55.2849, 25.3426], [55.2848, 25.3429], [55.2847, 25.3433], [55.2846, 25.3436], [55.2845, 25.344], [55.2844, 25.3444], [55.2843, 25.3447], [55.2842, 25.3451], [55.2841, 25.3454], [55.284, 25.3458], [55.2839, 25.3462], [55.2838, 25.3465], [55.2837, 25.3469], [55.2836, 25.3472], [55.2834, 25.3476], [55.2833, 25.3478], [55.2832, 25.3481], [55.2831, 25.3485], [55.2829, 25.3488], [55.2828, 25.3491], [55.2827, 25.3494], [55.2825, 25.3497], [55.2825, 25.3498], [55.2824, 25.3498], [55.2823, 25.3498], [55.2821, 25.3497], [55.282, 25.3497], [55.282, 25.3498], [55.2865, 25.3515], [55.2866, 25.3515], [55.2867, 25.3515], [55.2867, 25.3516], [55.2868, 25.3516], [55.2869, 25.3516], [55.287, 25.3516], [55.2871, 25.3516], [55.2872, 25.3516], [55.2872, 25.3515], [55.2873, 25.3515], [55.2874, 25.3515], [55.2874, 25.3514], [55.2875, 25.3514], [55.2876, 25.3514], [55.2876, 25.3513], [55.2877, 25.3513], [55.2877, 25.3512], [55.2878, 25.3512], [55.2878, 25.3511], [55.2878, 25.351], [55.2879, 25.351], [55.288, 25.3507], [55.2881, 25.3503], [55.2882, 25.35], [55.2883, 25.3496], [55.2884, 25.3493], [55.2885, 25.3489], [55.2886, 25.3486], [55.2887, 25.3483], [55.2888, 25.3479], [55.2889, 25.3476], [55.289, 25.3472], [55.2891, 25.3469], [55.2891, 25.3465], [55.2892, 25.3462], [55.2893, 25.3458], [55.2893, 25.3455], [55.2894, 25.3451], [55.2894, 25.3448], [55.2895, 25.3444], [55.2895, 25.3441], [55.2896, 25.3437], [55.2896, 25.3434], [55.2897, 25.343], [55.2897, 25.3426], [55.2897, 25.3423], [55.2897, 25.3419], [55.2898, 25.3416], [55.2898, 25.3412], [55.2898, 25.3409], [55.2898, 25.3405], [55.2898, 25.3402], [55.2898, 25.3398], [55.2898, 25.3395], [55.2898, 25.3391], [55.2898, 25.3387], [55.2897, 25.3384], [55.2897, 25.338], [55.2897, 25.3377]]], [[[55.2372, 25.3276], [55.2372, 25.3277], [55.2372, 25.3278], [55.2373, 25.3279], [55.2373, 25.328], [55.2373, 25.3281], [55.2373, 25.3282], [55.2374, 25.3283], [55.2375, 25.3285], [55.2375, 25.3286], [55.2376, 25.3287], [55.2377, 25.3289], [55.2377, 25.329], [55.2378, 25.3291], [55.2379, 25.3292], [55.238, 25.3294], [55.2381, 25.3295], [55.2382, 25.3296], [55.2383, 25.3297], [55.2384, 25.3299], [55.2385, 25.33], [55.2386, 25.3301], [55.2387, 25.3302], [55.2388, 25.3303], [55.2389, 25.3304], [55.239, 25.3305], [55.2394, 25.3308], [55.2397, 25.3311], [55.2401, 25.3314], [55.2405, 25.3317], [55.2408, 25.3319], [55.2412, 25.3322], [55.2416, 25.3325], [55.2419, 25.3328], [55.2423, 25.3331], [55.2427, 25.3333], [55.2431, 25.3336], [55.2435, 25.3339], [55.2438, 25.3341], [55.2439, 25.3342], [55.2447, 25.3347], [55.2455, 25.3353], [55.2463, 25.3358], [55.247, 25.3363], [55.2478, 25.3369], [55.2486, 25.3374], [55.2493, 25.338], [55.2501, 25.3385], [55.2508, 25.3391], [55.2516, 25.3396], [55.2523, 25.3402], [55.2524, 25.3403], [55.2526, 25.3404], [55.2527, 25.3405], [55.2529, 25.3406], [55.253, 25.3407], [55.2532, 25.3409], [55.2533, 25.341], [55.2534, 25.3411], [55.2535, 25.3413], [55.2537, 25.3414], [55.2538, 25.3415], [55.2539, 25.3417], [55.254, 25.3418], [55.2541, 25.3419], [55.2542, 25.3421], [55.2543, 25.3422], [55.2544, 25.3424], [55.2545, 25.3425], [55.2546, 25.3426], [55.2547, 25.3428], [55.2548, 25.3429], [55.2549, 25.3431], [55.255, 25.3433], [55.2551, 25.3434], [55.2552, 25.3436], [55.2553, 25.3437], [55.2554, 25.3439], [55.2554, 25.344], [55.2555, 25.3442], [55.2556, 25.3444], [55.2557, 25.3445], [55.2557, 25.3447], [55.2557, 25.3448], [55.256, 25.3456], [55.2563, 25.3465], [55.2566, 25.3473], [55.2569, 25.3482], [55.2572, 25.349], [55.2574, 25.3499], [55.2577, 25.3507], [55.258, 25.3515], [55.2582, 25.3524], [55.2585, 25.3532], [55.2587, 25.3541], [55.2589, 25.3545], [55.259, 25.3549], [55.2591, 25.3553], [55.2593, 25.3557], [55.2594, 25.3562], [55.2596, 25.3566], [55.2597, 25.357], [55.2599, 25.3574], [55.26, 25.3578], [55.2602, 25.3583], [55.2603, 25.3587], [55.2605, 25.3591], [55.2607, 25.3595], [55.2607, 25.3596], [55.2608, 25.3597], [55.2608, 25.3598], [55.2609, 25.36], [55.261, 25.3601], [55.2611, 25.3602], [55.2611, 25.3604], [55.2612, 25.3605], [55.2613, 25.3606], [55.2614, 25.3607], [55.2615, 25.3609], [55.2616, 25.361], [55.2617, 25.3611], [55.2618, 25.3612], [55.2619, 25.3613], [55.262, 25.3614], [55.2621, 25.3615], [55.2622, 25.3616], [55.2624, 25.3618], [55.2625, 25.3619], [55.2626, 25.3619], [55.2627, 25.362], [55.2628, 25.362], [55.2628, 25.3621], [55.2629, 25.3621], [55.263, 25.3621], [55.2631, 25.3622], [55.2632, 25.3622], [55.2633, 25.3622], [55.2634, 25.3622], [55.2635, 25.3623], [55.2636, 25.3623], [55.2637, 25.3623], [55.2638, 25.3623], [55.2639, 25.3623], [55.264, 25.3623], [55.2641, 25.3623], [55.2642, 25.3623], [55.2643, 25.3623], [55.2644, 25.3623], [55.2645, 25.3622], [55.2646, 25.3622], [55.2647, 25.3622], [55.2648, 25.3622], [55.2649, 25.3621], [55.265, 25.362], [55.2651, 25.362], [55.2652, 25.362], [55.2652, 25.3619], [55.2653, 25.3619], [55.2654, 25.3618], [55.2655, 25.3617], [55.2656, 25.3616], [55.2657, 25.3615], [55.2657, 25.3614], [55.2658, 25.3614], [55.2658, 25.3613], [55.2659, 25.3612], [55.2659, 25.3611], [55.2659, 25.361], [55.266, 25.3609], [55.266, 25.3608], [55.266, 25.3607], [55.266, 25.3606], [55.266, 25.3605], [55.266, 25.3604], [55.266, 25.3603], [55.266, 25.3602], [55.266, 25.3601], [55.266, 25.36], [55.266, 25.3599], [55.2659, 25.3599], [55.2659, 25.3598], [55.2659, 25.3597], [55.2658, 25.3596], [55.2656, 25.3593], [55.2654, 25.3589], [55.2652, 25.3585], [55.265, 25.3581], [55.2648, 25.3578], [55.2646, 25.3574], [55.2644, 25.357], [55.2642, 25.3566], [55.2605, 25.3494], [55.2604, 25.3492], [55.2603, 25.3489], [55.2602, 25.3487], [55.2601, 25.3484], [55.26, 25.3482], [55.2599, 25.3479], [55.2598, 25.3477], [55.2597, 25.3474], [55.2596, 25.3472], [55.2595, 25.3469], [55.2594, 25.3467], [55.2593, 25.3464], [55.2592, 25.3458], [55.2589, 25.3451], [55.2587, 25.3445], [55.2585, 25.3438], [55.2583, 25.3432], [55.2581, 25.3425], [55.2581, 25.3424], [55.258, 25.3423], [55.258, 25.3421], [55.2579, 25.342], [55.2578, 25.3419], [55.2578, 25.3417], [55.2577, 25.3416], [55.2576, 25.3415], [55.2575, 25.3413], [55.2575, 25.3412], [55.2574, 25.3411], [55.2573, 25.341], [55.2572, 25.3408], [55.2571, 25.3407], [55.257, 25.3406], [55.257, 25.3405], [55.2569, 25.3404], [55.2568, 25.3403], [55.2567, 25.3401], [55.2566, 25.34], [55.2565, 25.3399], [55.2564, 25.3398], [55.2563, 25.3397], [55.2562, 25.3396], [55.2561, 25.3395], [55.256, 25.3394], [55.2558, 25.3393], [55.2557, 25.3392], [55.2556, 25.3391], [55.2555, 25.339], [55.2549, 25.3385], [55.2543, 25.3381], [55.2537, 25.3377], [55.2531, 25.3373], [55.2525, 25.3369], [55.2519, 25.3365], [55.2516, 25.3363], [55.2514, 25.3361], [55.2512, 25.336], [55.251, 25.3358], [55.2508, 25.3356], [55.2505, 25.3354], [55.2503, 25.3353], [55.2501, 25.3351], [55.2499, 25.3349], [55.2497, 25.3347], [55.2495, 25.3345], [55.2493, 25.3343], [55.2433, 25.3286], [55.243, 25.3284], [55.2427, 25.3281], [55.2424, 25.3277], [55.2421, 25.3274], [55.2418, 25.3271], [55.2415, 25.3268], [55.2412, 25.3265], [55.2409, 25.3262], [55.2408, 25.3261], [55.2407, 25.326], [55.2406, 25.3259], [55.2405, 25.3259], [55.2405, 25.3258], [55.2404, 25.3258], [55.2403, 25.3257], [55.2402, 25.3257], [55.2401, 25.3256], [55.24, 25.3256], [55.2399, 25.3256], [55.2398, 25.3256], [55.2397, 25.3255], [55.2396, 25.3255], [55.2395, 25.3255], [55.2394, 25.3255], [55.2393, 25.3255], [55.2392, 25.3255], [55.2391, 25.3255], [55.239, 25.3255], [55.2389, 25.3255], [55.2388, 25.3255], [55.2387, 25.3256], [55.2386, 25.3256], [55.2385, 25.3256], [55.2384, 25.3257], [55.2383, 25.3257], [55.2383, 25.3258], [55.2382, 25.3258], [55.2381, 25.3259], [55.238, 25.3259], [55.238, 25.326], [55.2379, 25.326], [55.2378, 25.3261], [55.2377, 25.3262], [55.2376, 25.3263], [55.2376, 25.3264], [55.2375, 25.3264], [55.2375, 25.3265], [55.2374, 25.3266], [55.2374, 25.3267], [55.2373, 25.3268], [55.2373, 25.3269], [55.2373, 25.327], [55.2373, 25.3271], [55.2372, 25.3272], [55.2372, 25.3273], [55.2372, 25.3274], [55.2372, 25.3275], [55.2372, 25.3276]]], [[[55.296, 25.3526], [55.296, 25.3525], [55.296, 25.3524], [55.2961, 25.3523], [55.2961, 25.3522], [55.2962, 25.3521], [55.2962, 25.352], [55.2962, 25.3519], [55.2963, 25.3518], [55.2964, 25.3517], [55.2965, 25.3516], [55.2966, 25.3515], [55.2967, 25.3513], [55.2968, 25.3512], [55.297, 25.351], [55.2971, 25.3508], [55.2972, 25.3507], [55.2974, 25.3505], [55.2975, 25.3504], [55.2977, 25.3502], [55.2979, 25.3501], [55.298, 25.3499], [55.2982, 25.3498], [55.2983, 25.3496], [55.2985, 25.3495], [55.2987, 25.3493], [55.2989, 25.3492], [55.299, 25.3491], [55.2992, 25.3489], [55.2994, 25.3488], [55.2996, 25.3487], [55.2998, 25.3486], [55.3, 25.3485], [55.3001, 25.3483], [55.3003, 25.3482], [55.3005, 25.3481], [55.3007, 25.348], [55.3009, 25.3479], [55.3011, 25.3478], [55.3012, 25.3478], [55.3013, 25.3477], [55.3014, 25.3477], [55.3015, 25.3476], [55.3016, 25.3476], [55.3017, 25.3476], [55.3018, 25.3476], [55.3018, 25.3475], [55.3019, 25.3475], [55.302, 25.3475], [55.3021, 25.3475], [55.3022, 25.3475], [55.3023, 25.3474], [55.3024, 25.3474], [55.3025, 25.3474], [55.3026, 25.3474], [55.3027, 25.3474], [55.3028, 25.3474], [55.3029, 25.3474], [55.303, 25.3474], [55.3031, 25.3474], [55.3032, 25.3475], [55.3033, 25.3475], [55.3034, 25.3475], [55.3035, 25.3475], [55.3036, 25.3476], [55.3037, 25.3476], [55.3038, 25.3477], [55.3039, 25.3477], [55.3039, 25.3478], [55.304, 25.3478], [55.3041, 25.3479], [55.3042, 25.3479], [55.3042, 25.348], [55.3043, 25.348], [55.3043, 25.3481], [55.304, 25.3484], [55.3033, 25.3489], [55.3033, 25.349], [55.3033, 25.3491], [55.3034, 25.3491], [55.3035, 25.3491], [55.3045, 25.3483], [55.3086, 25.345], [55.3087, 25.3449], [55.3087, 25.3448], [55.3088, 25.3447], [55.3089, 25.3446], [55.309, 25.3445], [55.3089, 25.3445], [55.3088, 25.3446], [55.3087, 25.3446], [55.3086, 25.3446], [55.3085, 25.3445], [55.3084, 25.3445], [55.3084, 25.3444], [55.3084, 25.3443], [55.3084, 25.3442], [55.3084, 25.3441], [55.3085, 25.3441], [55.3085, 25.344], [55.3086, 25.344], [55.3087, 25.3439], [55.3088, 25.3438], [55.3089, 25.3438], [55.309, 25.3437], [55.3091, 25.3437], [55.3092, 25.3437], [55.3093, 25.3437], [55.3093, 25.3436], [55.3094, 25.3436], [55.3095, 25.3437], [55.3096, 25.3437], [55.3096, 25.3438], [55.3096, 25.3439], [55.3096, 25.344], [55.3095, 25.344], [55.3095, 25.3441], [55.3096, 25.3441], [55.3097, 25.344], [55.3098, 25.344], [55.3098, 25.3439], [55.3099, 25.3439], [55.3099, 25.3438], [55.31, 25.3438], [55.3101, 25.3437], [55.3102, 25.3435], [55.3101, 25.3435], [55.3101, 25.3436], [55.31, 25.3436], [55.3099, 25.3436], [55.3098, 25.3436], [55.3097, 25.3436], [55.3097, 25.3435], [55.3096, 25.3435], [55.3096, 25.3434], [55.3096, 25.3433], [55.3096, 25.3432], [55.3097, 25.3431], [55.3098, 25.343], [55.3099, 25.3429], [55.31, 25.3429], [55.3101, 25.3428], [55.3102, 25.3428], [55.3103, 25.3427], [55.3104, 25.3427], [55.3105, 25.3427], [55.3105, 25.3426], [55.3106, 25.3426], [55.3107, 25.3426], [55.3107, 25.3427], [55.3108, 25.3427], [55.3108, 25.3428], [55.3108, 25.3429], [55.3108, 25.343], [55.3107, 25.343], [55.3107, 25.3431], [55.3108, 25.3431], [55.3109, 25.343], [55.311, 25.343], [55.3111, 25.3429], [55.3112, 25.3428], [55.3136, 25.3409], [55.314, 25.3405], [55.3126, 25.3381], [55.3108, 25.3382], [55.2994, 25.3426], [55.2999, 25.3435], [55.2994, 25.3437], [55.2995, 25.3441], [55.2996, 25.3441], [55.2996, 25.3442], [55.2996, 25.3443], [55.2996, 25.3444], [55.2996, 25.3445], [55.2995, 25.3446], [55.2995, 25.3447], [55.2995, 25.3448], [55.2994, 25.3449], [55.2993, 25.345], [55.2992, 25.3451], [55.2991, 25.3452], [55.299, 25.3452], [55.299, 25.3453], [55.2989, 25.3453], [55.2988, 25.3453], [55.2987, 25.3454], [55.2986, 25.3454], [55.2985, 25.3454], [55.2984, 25.3454], [55.2983, 25.3454], [55.2982, 25.3454], [55.2981, 25.3454], [55.2981, 25.3453], [55.298, 25.3453], [55.2979, 25.3453], [55.2978, 25.3452], [55.2977, 25.3452], [55.2976, 25.3451], [55.2976, 25.345], [55.2975, 25.345], [55.2974, 25.3449], [55.2974, 25.3448], [55.2973, 25.3447], [55.2974, 25.3447], [55.2974, 25.3446], [55.2974, 25.3445], [55.2973, 25.3445], [55.2973, 25.3444], [55.2972, 25.3444], [55.2971, 25.3443], [55.297, 25.3443], [55.297, 25.3444], [55.2969, 25.3444], [55.2968, 25.3444], [55.2968, 25.3445], [55.2968, 25.3446], [55.2968, 25.3447], [55.2968, 25.3448], [55.2969, 25.3448], [55.297, 25.3449], [55.2971, 25.3449], [55.2971, 25.345], [55.2972, 25.345], [55.2972, 25.3451], [55.2972, 25.3452], [55.2973, 25.3453], [55.2973, 25.3454], [55.2973, 25.3455], [55.2973, 25.3456], [55.2973, 25.3457], [55.2973, 25.3458], [55.2973, 25.3459], [55.2972, 25.3459], [55.2972, 25.346], [55.2971, 25.3461], [55.2971, 25.3462], [55.297, 25.3462], [55.297, 25.3463], [55.2969, 25.3463], [55.2969, 25.3464], [55.2968, 25.3464], [55.2967, 25.3465], [55.2966, 25.3465], [55.2965, 25.3465], [55.2965, 25.3466], [55.2964, 25.3466], [55.2963, 25.3466], [55.2962, 25.3466], [55.2961, 25.3466], [55.296, 25.3466], [55.2959, 25.3466], [55.2958, 25.3466], [55.2957, 25.3465], [55.2956, 25.3465], [55.2955, 25.3464], [55.2954, 25.3464], [55.2953, 25.3463], [55.2952, 25.3464], [55.2946, 25.345], [55.2945, 25.3449], [55.2945, 25.3448], [55.2945, 25.3447], [55.2945, 25.3446], [55.2945, 25.3445], [55.2946, 25.3438], [55.2946, 25.3437], [55.2945, 25.3436], [55.2945, 25.3435], [55.2944, 25.3434], [55.2944, 25.3433], [55.2943, 25.3433], [55.2942, 25.3433], [55.2942, 25.3432], [55.2941, 25.3432], [55.294, 25.3432], [55.2939, 25.3432], [55.2938, 25.3432], [55.2937, 25.3432], [55.2937, 25.3433], [55.2936, 25.3433], [55.2937, 25.3434], [55.2938, 25.344], [55.2939, 25.344], [55.2939, 25.3442], [55.294, 25.3443], [55.294, 25.3444], [55.2941, 25.3446], [55.2941, 25.3447], [55.2942, 25.3449], [55.2942, 25.345], [55.2942, 25.3451], [55.2943, 25.3453], [55.2943, 25.3454], [55.2943, 25.3456], [55.2943, 25.3457], [55.2943, 25.3459], [55.2943, 25.346], [55.2943, 25.3465], [55.2943, 25.3469], [55.2943, 25.3476], [55.2941, 25.3485], [55.2941, 25.3491], [55.2939, 25.3501], [55.2938, 25.3506], [55.2938, 25.3508], [55.2936, 25.3516], [55.2935, 25.352], [55.2935, 25.3522], [55.2934, 25.3523], [55.2933, 25.3529], [55.2931, 25.3537], [55.2927, 25.355], [55.2927, 25.3551], [55.2927, 25.3552], [55.2927, 25.3553], [55.2927, 25.3554], [55.2927, 25.3555], [55.2927, 25.3556], [55.2927, 25.3557], [55.2928, 25.3557], [55.2928, 25.3558], [55.2928, 25.3559], [55.2929, 25.3559], [55.2929, 25.356], [55.293, 25.356], [55.293, 25.3561], [55.2931, 25.3562], [55.2932, 25.3562], [55.2933, 25.3563], [55.2934, 25.3563], [55.2935, 25.3564], [55.2936, 25.3564], [55.2937, 25.3564], [55.2938, 25.3564], [55.2939, 25.3564], [55.294, 25.3564], [55.2941, 25.3564], [55.2942, 25.3564], [55.2943, 25.3564], [55.2944, 25.3564], [55.2945, 25.3564], [55.2945, 25.3563], [55.2946, 25.3563], [55.2947, 25.3562], [55.2948, 25.3562], [55.2977, 25.3538], [55.298, 25.3536], [55.298, 25.3535], [55.298, 25.3534], [55.2979, 25.3534], [55.2978, 25.3534], [55.297, 25.3541], [55.2966, 25.3544], [55.2966, 25.3543], [55.2965, 25.3543], [55.2965, 25.3542], [55.2964, 25.3541], [55.2963, 25.354], [55.2963, 25.3539], [55.2962, 25.3538], [55.2961, 25.3537], [55.2961, 25.3536], [55.2961, 25.3535], [55.2961, 25.3534], [55.296, 25.3534], [55.296, 25.3533], [55.296, 25.3532], [55.296, 25.3531], [55.296, 25.353], [55.296, 25.3529], [55.296, 25.3528], [55.296, 25.3527], [55.296, 25.3526]]], [[[55.2323, 25.3336], [55.2323, 25.3337], [55.2323, 25.3338], [55.2323, 25.3339], [55.2323, 25.334], [55.2323, 25.3341], [55.2324, 25.3342], [55.2324, 25.3343], [55.2324, 25.3344], [55.2325, 25.3345], [55.2325, 25.3346], [55.2326, 25.3347], [55.2326, 25.3348], [55.2327, 25.3348], [55.2328, 25.3349], [55.2328, 25.335], [55.2329, 25.3351], [55.233, 25.3351], [55.233, 25.3352], [55.2331, 25.3352], [55.2332, 25.3353], [55.2333, 25.3354], [55.2334, 25.3354], [55.2337, 25.3356], [55.2341, 25.3359], [55.2345, 25.3361], [55.2349, 25.3363], [55.2353, 25.3365], [55.2357, 25.3367], [55.236, 25.337], [55.2364, 25.3372], [55.2368, 25.3374], [55.2372, 25.3376], [55.2376, 25.3378], [55.238, 25.338], [55.2381, 25.338], [55.2389, 25.3384], [55.2397, 25.3388], [55.2406, 25.3392], [55.2414, 25.3396], [55.2422, 25.34], [55.243, 25.3404], [55.2438, 25.3408], [55.2447, 25.3413], [55.2448, 25.3413], [55.2452, 25.3416], [55.2456, 25.3418], [55.246, 25.342], [55.2464, 25.3422], [55.2468, 25.3424], [55.2472, 25.3427], [55.2476, 25.3429], [55.2478, 25.343], [55.2479, 25.3431], [55.2481, 25.3432], [55.2482, 25.3433], [55.2484, 25.3434], [55.2485, 25.3435], [55.2487, 25.3437], [55.2488, 25.3438], [55.2489, 25.3439], [55.2491, 25.344], [55.2492, 25.3441], [55.2493, 25.3443], [55.2495, 25.3444], [55.2496, 25.3445], [55.2497, 25.3447], [55.2498, 25.3448], [55.2499, 25.345], [55.25, 25.345], [55.2501, 25.3451], [55.2502, 25.3453], [55.2503, 25.3454], [55.2503, 25.3456], [55.2504, 25.3458], [55.2505, 25.3459], [55.2506, 25.3461], [55.2507, 25.3462], [55.2507, 25.3464], [55.2508, 25.3466], [55.2509, 25.3467], [55.2509, 25.3469], [55.251, 25.347], [55.251, 25.3472], [55.2511, 25.3474], [55.2511, 25.3476], [55.2512, 25.3477], [55.2512, 25.3479], [55.2513, 25.3483], [55.2514, 25.3487], [55.2515, 25.3491], [55.2515, 25.3495], [55.2516, 25.3499], [55.2517, 25.3504], [55.2518, 25.3508], [55.2519, 25.3517], [55.252, 25.3525], [55.2521, 25.3534], [55.2523, 25.3542], [55.2524, 25.3551], [55.2525, 25.3559], [55.2526, 25.3568], [55.2527, 25.3576], [55.2527, 25.358], [55.2528, 25.3584], [55.2529, 25.3589], [55.2529, 25.3593], [55.253, 25.3597], [55.253, 25.3601], [55.2531, 25.3605], [55.2532, 25.3609], [55.2533, 25.3613], [55.2534, 25.3617], [55.2535, 25.3621], [55.2536, 25.3625], [55.2536, 25.3626], [55.2536, 25.3627], [55.2537, 25.3628], [55.2537, 25.3629], [55.2537, 25.363], [55.2538, 25.3631], [55.2539, 25.3632], [55.2539, 25.3633], [55.254, 25.3634], [55.2541, 25.3634], [55.2541, 25.3635], [55.2542, 25.3636], [55.2543, 25.3636], [55.2543, 25.3637], [55.2544, 25.3638], [55.2545, 25.3638], [55.2546, 25.3639], [55.2547, 25.364], [55.2548, 25.364], [55.2549, 25.364], [55.255, 25.3641], [55.2551, 25.3641], [55.2552, 25.3641], [55.2553, 25.3642], [55.2554, 25.3642], [55.2555, 25.3642], [55.2556, 25.3642], [55.2557, 25.3642], [55.2558, 25.3642], [55.2559, 25.3642], [55.256, 25.3642], [55.2561, 25.3642], [55.2562, 25.3642], [55.2563, 25.3642], [55.2564, 25.3642], [55.2565, 25.3642], [55.2566, 25.3641], [55.2567, 25.3641], [55.2568, 25.364], [55.2569, 25.364], [55.2569, 25.3639], [55.257, 25.3639], [55.2571, 25.3638], [55.2572, 25.3637], [55.2573, 25.3636], [55.2574, 25.3635], [55.2574, 25.3634], [55.2575, 25.3634], [55.2575, 25.3633], [55.2575, 25.3632], [55.2576, 25.3631], [55.2576, 25.363], [55.2576, 25.3629], [55.2577, 25.3628], [55.2577, 25.3627], [55.2577, 25.3626], [55.2577, 25.3625], [55.2577, 25.3623], [55.2577, 25.3621], [55.2576, 25.3619], [55.2576, 25.3616], [55.2576, 25.3614], [55.2576, 25.3612], [55.2576, 25.361], [55.2575, 25.3608], [55.2575, 25.3605], [55.2574, 25.3603], [55.2574, 25.3601], [55.2573, 25.3599], [55.2573, 25.3597], [55.2572, 25.3591], [55.2566, 25.3569], [55.256, 25.3546], [55.2554, 25.3523], [55.2553, 25.3519], [55.255, 25.3505], [55.2547, 25.3492], [55.2543, 25.3478], [55.254, 25.3464], [55.2539, 25.3462], [55.2539, 25.346], [55.2538, 25.3459], [55.2538, 25.3457], [55.2537, 25.3455], [55.2537, 25.3454], [55.2536, 25.3452], [55.2535, 25.345], [55.2535, 25.3449], [55.2534, 25.3447], [55.2533, 25.3446], [55.2532, 25.3444], [55.2531, 25.3443], [55.253, 25.3441], [55.2529, 25.3439], [55.2528, 25.3438], [55.2527, 25.3436], [55.2526, 25.3435], [55.2525, 25.3434], [55.2525, 25.3433], [55.2524, 25.3432], [55.2523, 25.343], [55.2522, 25.3429], [55.252, 25.3428], [55.2519, 25.3426], [55.2518, 25.3425], [55.2517, 25.3424], [55.2515, 25.3422], [55.2514, 25.3421], [55.2513, 25.342], [55.2511, 25.3419], [55.251, 25.3417], [55.2509, 25.3416], [55.2507, 25.3415], [55.2506, 25.3414], [55.2504, 25.3413], [55.2503, 25.3412], [55.2501, 25.3411], [55.2499, 25.341], [55.2496, 25.3408], [55.2483, 25.34], [55.247, 25.3392], [55.2457, 25.3384], [55.2445, 25.3376], [55.244, 25.3373], [55.2419, 25.336], [55.2397, 25.3346], [55.2376, 25.3333], [55.2374, 25.3332], [55.2372, 25.3331], [55.237, 25.3329], [55.2368, 25.3328], [55.2366, 25.3327], [55.2364, 25.3326], [55.2362, 25.3325], [55.236, 25.3324], [55.2357, 25.3323], [55.2355, 25.3322], [55.2353, 25.3321], [55.2351, 25.332], [55.2348, 25.3319], [55.2347, 25.3319], [55.2346, 25.3318], [55.2345, 25.3318], [55.2344, 25.3318], [55.2343, 25.3318], [55.2342, 25.3318], [55.2341, 25.3318], [55.234, 25.3318], [55.2339, 25.3318], [55.2338, 25.3318], [55.2337, 25.3318], [55.2336, 25.3318], [55.2335, 25.3319], [55.2334, 25.3319], [55.2333, 25.3319], [55.2333, 25.332], [55.2332, 25.332], [55.2331, 25.332], [55.233, 25.3321], [55.2329, 25.3322], [55.2328, 25.3322], [55.2328, 25.3323], [55.2327, 25.3323], [55.2327, 25.3324], [55.2326, 25.3324], [55.2326, 25.3325], [55.2325, 25.3325], [55.2325, 25.3326], [55.2325, 25.3327], [55.2324, 25.3327], [55.2324, 25.3328], [55.2324, 25.3329], [55.2323, 25.333], [55.2323, 25.3331], [55.2323, 25.3332], [55.2323, 25.3333], [55.2323, 25.3334], [55.2323, 25.3335], [55.2323, 25.3336]]], [[[55.2303, 25.3412], [55.2303, 25.3413], [55.2303, 25.3414], [55.2303, 25.3415], [55.2303, 25.3416], [55.2304, 25.3417], [55.2304, 25.3418], [55.2304, 25.3419], [55.2304, 25.342], [55.2305, 25.342], [55.2305, 25.3421], [55.2306, 25.3422], [55.2306, 25.3423], [55.2307, 25.3424], [55.2308, 25.3425], [55.2308, 25.3426], [55.2309, 25.3427], [55.231, 25.3427], [55.231, 25.3428], [55.2311, 25.3429], [55.2312, 25.343], [55.2314, 25.3431], [55.2315, 25.3432], [55.2316, 25.3433], [55.2317, 25.3433], [55.2319, 25.3434], [55.232, 25.3435], [55.2322, 25.3436], [55.2323, 25.3437], [55.2325, 25.3438], [55.2326, 25.3438], [55.2328, 25.3439], [55.2329, 25.344], [55.2331, 25.344], [55.2332, 25.3441], [55.2334, 25.3442], [55.2335, 25.3442], [55.2337, 25.3443], [55.2339, 25.3443], [55.234, 25.3444], [55.2341, 25.3444], [55.2343, 25.3444], [55.2346, 25.3445], [55.2348, 25.3446], [55.235, 25.3447], [55.2353, 25.3447], [55.2355, 25.3448], [55.2357, 25.3449], [55.2359, 25.345], [55.2362, 25.3451], [55.2364, 25.3452], [55.2366, 25.3453], [55.2368, 25.3454], [55.237, 25.3455], [55.2372, 25.3456], [55.2374, 25.3457], [55.2376, 25.3458], [55.2379, 25.3459], [55.2381, 25.346], [55.2383, 25.3462], [55.2385, 25.3463], [55.2387, 25.3464], [55.2389, 25.3466], [55.239, 25.3467], [55.2392, 25.3468], [55.2394, 25.347], [55.2396, 25.3471], [55.2398, 25.3473], [55.24, 25.3474], [55.2401, 25.3476], [55.2403, 25.3477], [55.2405, 25.3479], [55.2407, 25.348], [55.2408, 25.3482], [55.241, 25.3483], [55.2411, 25.3485], [55.2413, 25.3487], [55.2415, 25.3488], [55.2416, 25.349], [55.2418, 25.3492], [55.2419, 25.3494], [55.242, 25.3496], [55.2422, 25.3497], [55.2422, 25.3498], [55.2424, 25.35], [55.2425, 25.3502], [55.2426, 25.3504], [55.2427, 25.3506], [55.2429, 25.3507], [55.243, 25.3509], [55.2431, 25.3511], [55.2432, 25.3513], [55.2433, 25.3515], [55.2434, 25.3517], [55.2435, 25.3519], [55.2436, 25.3521], [55.2437, 25.3523], [55.2438, 25.3525], [55.2439, 25.3528], [55.2439, 25.353], [55.244, 25.3532], [55.2441, 25.3534], [55.2442, 25.3536], [55.2442, 25.3538], [55.2443, 25.354], [55.2443, 25.3542], [55.2444, 25.3544], [55.2444, 25.3547], [55.2445, 25.3549], [55.2445, 25.3551], [55.2446, 25.3553], [55.2446, 25.3555], [55.2446, 25.3558], [55.2447, 25.356], [55.2447, 25.3562], [55.2447, 25.3564], [55.2447, 25.3566], [55.2447, 25.3569], [55.2447, 25.3571], [55.2447, 25.3573], [55.2447, 25.3575], [55.2447, 25.3577], [55.2447, 25.358], [55.2447, 25.3582], [55.2447, 25.3584], [55.2447, 25.3586], [55.2446, 25.3588], [55.2446, 25.3589], [55.2446, 25.3591], [55.2446, 25.3592], [55.2446, 25.3594], [55.2446, 25.3595], [55.2446, 25.3597], [55.2446, 25.3598], [55.2447, 25.36], [55.2447, 25.3601], [55.2447, 25.3603], [55.2447, 25.3604], [55.2448, 25.3606], [55.2448, 25.3607], [55.2448, 25.3609], [55.2449, 25.361], [55.2449, 25.3612], [55.245, 25.3613], [55.245, 25.3615], [55.2451, 25.3616], [55.2451, 25.3617], [55.2452, 25.3617], [55.2452, 25.3618], [55.2452, 25.3619], [55.2453, 25.362], [55.2454, 25.3621], [55.2455, 25.3622], [55.2455, 25.3623], [55.2456, 25.3623], [55.2457, 25.3624], [55.2457, 25.3625], [55.2458, 25.3625], [55.2459, 25.3626], [55.246, 25.3627], [55.2461, 25.3627], [55.2461, 25.3628], [55.2462, 25.3628], [55.2463, 25.3628], [55.2464, 25.3629], [55.2465, 25.3629], [55.2466, 25.363], [55.2467, 25.363], [55.2468, 25.363], [55.2469, 25.363], [55.247, 25.363], [55.247, 25.3631], [55.2471, 25.3631], [55.2472, 25.3631], [55.2473, 25.3631], [55.2474, 25.3631], [55.2475, 25.3631], [55.2476, 25.363], [55.2477, 25.363], [55.2478, 25.363], [55.2479, 25.363], [55.248, 25.3629], [55.2481, 25.3629], [55.2482, 25.3629], [55.2483, 25.3628], [55.2484, 25.3627], [55.2485, 25.3627], [55.2486, 25.3626], [55.2487, 25.3625], [55.2488, 25.3625], [55.2488, 25.3624], [55.2489, 25.3624], [55.2489, 25.3623], [55.249, 25.3622], [55.2491, 25.3621], [55.2491, 25.362], [55.2491, 25.3619], [55.2492, 25.3619], [55.2492, 25.3618], [55.2492, 25.3617], [55.2493, 25.3616], [55.2493, 25.3615], [55.2493, 25.3614], [55.2493, 25.3613], [55.2493, 25.3612], [55.2493, 25.3611], [55.2493, 25.361], [55.2493, 25.3609], [55.2492, 25.3608], [55.2492, 25.3606], [55.2492, 25.3603], [55.2491, 25.3601], [55.2491, 25.3599], [55.2491, 25.3596], [55.2491, 25.3594], [55.249, 25.3592], [55.249, 25.359], [55.249, 25.3587], [55.249, 25.3583], [55.249, 25.358], [55.249, 25.3577], [55.249, 25.3573], [55.249, 25.357], [55.249, 25.3566], [55.249, 25.3563], [55.249, 25.356], [55.249, 25.3553], [55.249, 25.3545], [55.249, 25.3538], [55.2491, 25.3531], [55.2491, 25.3523], [55.2491, 25.3516], [55.2491, 25.3514], [55.2491, 25.3512], [55.2491, 25.351], [55.2491, 25.3508], [55.249, 25.3506], [55.249, 25.3504], [55.249, 25.3502], [55.249, 25.35], [55.2489, 25.3498], [55.2489, 25.3496], [55.2489, 25.3494], [55.2488, 25.3492], [55.2488, 25.349], [55.2487, 25.3488], [55.2487, 25.3486], [55.2486, 25.3484], [55.2485, 25.3482], [55.2485, 25.348], [55.2484, 25.3478], [55.2483, 25.3476], [55.2483, 25.3475], [55.2482, 25.3473], [55.2481, 25.3472], [55.248, 25.347], [55.2479, 25.3469], [55.2478, 25.3467], [55.2477, 25.3465], [55.2476, 25.3464], [55.2474, 25.3462], [55.2473, 25.3461], [55.2472, 25.3459], [55.2471, 25.3457], [55.2469, 25.3456], [55.2468, 25.3455], [55.2466, 25.3453], [55.2464, 25.3452], [55.2463, 25.3451], [55.2461, 25.3449], [55.2459, 25.3448], [55.2457, 25.3447], [55.2456, 25.3446], [55.2454, 25.3445], [55.2452, 25.3443], [55.245, 25.3442], [55.2448, 25.3441], [55.2446, 25.344], [55.2444, 25.3439], [55.2442, 25.3438], [55.244, 25.3437], [55.2438, 25.3436], [55.2436, 25.3435], [55.2434, 25.3435], [55.2432, 25.3434], [55.243, 25.3433], [55.2428, 25.3432], [55.2421, 25.343], [55.2414, 25.3427], [55.2406, 25.3424], [55.2398, 25.3422], [55.2391, 25.3419], [55.2383, 25.3417], [55.2382, 25.3416], [55.2378, 25.3415], [55.2375, 25.3414], [55.2371, 25.3413], [55.2368, 25.3411], [55.2364, 25.341], [55.2361, 25.3409], [55.2358, 25.3407], [55.2354, 25.3406], [55.2351, 25.3405], [55.235, 25.3404], [55.2347, 25.3403], [55.2345, 25.3402], [55.2343, 25.3401], [55.234, 25.34], [55.2338, 25.3398], [55.2336, 25.3397], [55.2334, 25.3396], [55.2333, 25.3396], [55.2332, 25.3395], [55.2331, 25.3395], [55.233, 25.3394], [55.2329, 25.3394], [55.2328, 25.3394], [55.2327, 25.3394], [55.2326, 25.3394], [55.2325, 25.3393], [55.2324, 25.3393], [55.2323, 25.3393], [55.2322, 25.3393], [55.2321, 25.3393], [55.232, 25.3394], [55.2319, 25.3394], [55.2318, 25.3394], [55.2317, 25.3394], [55.2316, 25.3394], [55.2316, 25.3395], [55.2315, 25.3395], [55.2314, 25.3395], [55.2313, 25.3396], [55.2312, 25.3396], [55.2312, 25.3397], [55.2311, 25.3397], [55.231, 25.3398], [55.2309, 25.3398], [55.2309, 25.3399], [55.2308, 25.3399], [55.2308, 25.34], [55.2307, 25.3401], [55.2306, 25.3402], [55.2306, 25.3403], [55.2305, 25.3403], [55.2305, 25.3404], [55.2304, 25.3405], [55.2304, 25.3406], [55.2304, 25.3407], [55.2303, 25.3408], [55.2303, 25.3409], [55.2303, 25.341], [55.2303, 25.3411], [55.2303, 25.3412]]], [[[55.2428, 25.3651], [55.2425, 25.365], [55.2423, 25.3649], [55.242, 25.3647], [55.2418, 25.3646], [55.2415, 25.3645], [55.2413, 25.3643], [55.241, 25.3642], [55.2408, 25.364], [55.2406, 25.3639], [55.2403, 25.3637], [55.2401, 25.3636], [55.2399, 25.3634], [55.2398, 25.3633], [55.2395, 25.3631], [55.2393, 25.3629], [55.239, 25.3627], [55.2387, 25.3625], [55.2385, 25.3623], [55.2382, 25.3621], [55.238, 25.3619], [55.2377, 25.3617], [55.2375, 25.3616], [55.2374, 25.3615], [55.2373, 25.3614], [55.2372, 25.3613], [55.2372, 25.3611], [55.2371, 25.361], [55.237, 25.3609], [55.2369, 25.3608], [55.2368, 25.3607], [55.2367, 25.3606], [55.2367, 25.3605], [55.2366, 25.3604], [55.2365, 25.3602], [55.2365, 25.3601], [55.2364, 25.36], [55.2363, 25.3599], [55.2363, 25.3597], [55.2362, 25.3596], [55.2362, 25.3595], [55.2362, 25.3593], [55.2361, 25.3592], [55.2361, 25.3591], [55.2361, 25.3589], [55.236, 25.3588], [55.236, 25.3587], [55.236, 25.3585], [55.236, 25.3584], [55.236, 25.3583], [55.236, 25.3581], [55.236, 25.358], [55.236, 25.3579], [55.236, 25.3577], [55.236, 25.3576], [55.236, 25.3575], [55.236, 25.3574], [55.236, 25.3572], [55.236, 25.3571], [55.236, 25.357], [55.236, 25.3568], [55.236, 25.3567], [55.236, 25.3565], [55.2359, 25.3564], [55.2359, 25.3563], [55.2359, 25.3561], [55.2359, 25.356], [55.2358, 25.3558], [55.2358, 25.3557], [55.2357, 25.3556], [55.2357, 25.3554], [55.2356, 25.3553], [55.2356, 25.3552], [55.2355, 25.355], [55.2355, 25.3549], [55.2354, 25.3548], [55.2353, 25.3546], [55.2353, 25.3545], [55.2352, 25.3544], [55.2351, 25.3543], [55.235, 25.3541], [55.2349, 25.354], [55.2348, 25.3539], [55.2347, 25.3537], [55.2346, 25.3536], [55.2345, 25.3535], [55.2344, 25.3534], [55.2343, 25.3533], [55.2342, 25.3532], [55.234, 25.3531], [55.2339, 25.3531], [55.2338, 25.353], [55.2337, 25.3529], [55.2335, 25.3528], [55.2334, 25.3527], [55.2333, 25.3526], [55.2331, 25.3526], [55.233, 25.3525], [55.2329, 25.3524], [55.2327, 25.3524], [55.2326, 25.3523], [55.2324, 25.3523], [55.2323, 25.3522], [55.2321, 25.3521], [55.232, 25.3521], [55.2318, 25.3521], [55.2318, 25.352], [55.2316, 25.352], [55.2315, 25.3519], [55.2313, 25.3519], [55.2312, 25.3518], [55.2311, 25.3518], [55.2309, 25.3517], [55.2308, 25.3517], [55.2307, 25.3516], [55.2306, 25.3515], [55.2304, 25.3515], [55.2303, 25.3514], [55.2302, 25.3513], [55.2301, 25.3512], [55.2299, 25.3511], [55.2298, 25.351], [55.2297, 25.351], [55.2296, 25.3509], [55.2295, 25.3508], [55.2294, 25.3507], [55.2293, 25.3506], [55.2292, 25.3505], [55.2291, 25.3504], [55.229, 25.3503], [55.2289, 25.3501], [55.2288, 25.35], [55.2288, 25.3499], [55.2287, 25.3498], [55.2286, 25.3497], [55.2285, 25.3496], [55.2285, 25.3494], [55.2284, 25.3493], [55.2283, 25.3492], [55.2283, 25.3491], [55.2282, 25.349], [55.2281, 25.3487], [55.228, 25.3484], [55.2279, 25.3481], [55.2278, 25.3478], [55.2277, 25.3475], [55.2276, 25.3472], [55.2275, 25.3469], [55.2274, 25.3466], [55.2273, 25.3466], [55.2273, 25.3463], [55.2272, 25.3461], [55.2271, 25.3458], [55.2271, 25.3456], [55.227, 25.3453], [55.2269, 25.3451], [55.2269, 25.3448], [55.2268, 25.3445], [55.2268, 25.3443], [55.2267, 25.344], [55.2267, 25.3438], [55.2267, 25.3435], [55.2266, 25.3433], [55.2266, 25.343], [55.2266, 25.3427], [55.2266, 25.3425], [55.2266, 25.3422], [55.2265, 25.3419], [55.2265, 25.3417], [55.2265, 25.3414], [55.2265, 25.3412], [55.2265, 25.3409], [55.2265, 25.3406], [55.2266, 25.3404], [55.2266, 25.3401], [55.2266, 25.3399], [55.2266, 25.3396], [55.2267, 25.3393], [55.2267, 25.3391], [55.2267, 25.3388], [55.2268, 25.3386], [55.2268, 25.3383], [55.2269, 25.3381], [55.2269, 25.3378], [55.227, 25.3378], [55.2272, 25.3382], [55.2273, 25.3382], [55.2274, 25.3382], [55.2274, 25.3381], [55.2254, 25.3346], [55.2253, 25.3345], [55.2252, 25.3343], [55.2251, 25.3341], [55.2251, 25.334], [55.225, 25.3338], [55.2249, 25.3336], [55.2248, 25.3335], [55.2248, 25.3333], [55.2247, 25.3331], [55.2247, 25.3329], [55.2246, 25.3328], [55.2246, 25.3326], [55.2245, 25.3324], [55.2245, 25.3322], [55.2244, 25.3321], [55.2244, 25.3319], [55.2244, 25.3317], [55.2244, 25.3315], [55.2243, 25.3313], [55.2243, 25.3312], [55.2243, 25.331], [55.2243, 25.3308], [55.2243, 25.3306], [55.2243, 25.3293], [55.2243, 25.3292], [55.2243, 25.3291], [55.2242, 25.329], [55.2242, 25.3289], [55.2241, 25.3288], [55.2241, 25.3287], [55.224, 25.3287], [55.2239, 25.3286], [55.2238, 25.3285], [55.2237, 25.3285], [55.2236, 25.3284], [55.2235, 25.3284], [55.2234, 25.3284], [55.2233, 25.3284], [55.2232, 25.3284], [55.2231, 25.3284], [55.223, 25.3284], [55.2229, 25.3285], [55.2228, 25.3285], [55.2227, 25.3286], [55.2226, 25.3287], [55.2225, 25.3287], [55.2225, 25.3288], [55.2224, 25.3289], [55.2222, 25.3292], [55.2221, 25.3295], [55.2219, 25.3297], [55.2218, 25.33], [55.2216, 25.3303], [55.2215, 25.3306], [55.2213, 25.3309], [55.2212, 25.3312], [55.221, 25.3315], [55.2209, 25.3318], [55.2208, 25.3321], [55.2206, 25.3324], [55.2205, 25.3327], [55.2204, 25.333], [55.2203, 25.3333], [55.2201, 25.3336], [55.22, 25.3339], [55.2199, 25.3342], [55.2198, 25.3345], [55.2198, 25.3348], [55.2197, 25.3351], [55.2196, 25.3354], [55.2195, 25.3357], [55.2194, 25.336], [55.2193, 25.3363], [55.2193, 25.3366], [55.2192, 25.3369], [55.2191, 25.3372], [55.2191, 25.3375], [55.219, 25.3379], [55.219, 25.3382], [55.2189, 25.3385], [55.2189, 25.3388], [55.2189, 25.3391], [55.2188, 25.3394], [55.2188, 25.3397], [55.2188, 25.34], [55.2187, 25.3403], [55.2187, 25.3407], [55.2187, 25.341], [55.2187, 25.3413], [55.2187, 25.3416], [55.2187, 25.3419], [55.2187, 25.3422], [55.2187, 25.3425], [55.2187, 25.3429], [55.2187, 25.3432], [55.2187, 25.3435], [55.2188, 25.3438], [55.2188, 25.3441], [55.2188, 25.3444], [55.2188, 25.3447], [55.2189, 25.345], [55.2189, 25.3453], [55.219, 25.3457], [55.219, 25.346], [55.2191, 25.3463], [55.2191, 25.3466], [55.2192, 25.3468], [55.2192, 25.3471], [55.2193, 25.3474], [55.2194, 25.3477], [55.2194, 25.348], [55.2195, 25.3483], [55.2196, 25.3486], [55.2197, 25.3489], [55.2198, 25.3492], [55.2199, 25.3495], [55.2198, 25.3496], [55.2208, 25.3527], [55.2216, 25.3549], [55.2223, 25.356], [55.2222, 25.3557], [55.2223, 25.3558], [55.2225, 25.3561], [55.2226, 25.3564], [55.2228, 25.3568], [55.223, 25.3571], [55.2232, 25.3574], [55.2233, 25.3577], [55.2235, 25.3579], [55.2237, 25.3582], [55.2239, 25.3585], [55.2241, 25.3588], [55.2243, 25.3591], [55.2245, 25.3594], [55.2247, 25.3597], [55.2249, 25.36], [55.2251, 25.3603], [55.2253, 25.3605], [55.2255, 25.3608], [55.2257, 25.3611], [55.2259, 25.3613], [55.2262, 25.3616], [55.2264, 25.3619], [55.2266, 25.3621], [55.2268, 25.3624], [55.2271, 25.3627], [55.2273, 25.3629], [55.2276, 25.3632], [55.2278, 25.3635], [55.2281, 25.3637], [55.2283, 25.364], [55.2286, 25.3642], [55.2288, 25.3645], [55.2291, 25.3647], [55.2293, 25.365], [55.2296, 25.3652], [55.2299, 25.3654], [55.2301, 25.3657], [55.2304, 25.3659], [55.2307, 25.3661], [55.231, 25.3664], [55.2312, 25.3666], [55.2315, 25.3668], [55.2318, 25.367], [55.2321, 25.3672], [55.2324, 25.3674], [55.2327, 25.3677], [55.233, 25.3679], [55.2333, 25.3681], [55.2336, 25.3683], [55.2339, 25.3685], [55.234, 25.3686], [55.2343, 25.3688], [55.2346, 25.369], [55.2349, 25.3691], [55.2351, 25.3693], [55.2354, 25.3695], [55.2357, 25.3697], [55.236, 25.3699], [55.2363, 25.37], [55.2366, 25.3702], [55.2369, 25.3704], [55.2372, 25.3705], [55.2375, 25.3707], [55.2378, 25.3709], [55.2381, 25.371], [55.2384, 25.3712], [55.2387, 25.3713], [55.239, 25.3714], [55.2393, 25.3716], [55.2396, 25.3717], [55.2399, 25.3718], [55.2402, 25.372], [55.2406, 25.3721], [55.2409, 25.3722], [55.2412, 25.3723], [55.2415, 25.3725], [55.2418, 25.3726], [55.2421, 25.3727], [55.2425, 25.3728], [55.2428, 25.3729], [55.2431, 25.373], [55.2435, 25.3731], [55.2438, 25.3732], [55.2441, 25.3733], [55.2444, 25.3734], [55.2448, 25.3734], [55.2451, 25.3735], [55.2454, 25.3736], [55.2458, 25.3737], [55.2461, 25.3737], [55.2465, 25.3738], [55.2468, 25.3739], [55.2471, 25.3739], [55.2475, 25.374], [55.2478, 25.374], [55.2482, 25.3741], [55.2485, 25.3741], [55.2488, 25.3742], [55.2492, 25.3742], [55.2495, 25.3742], [55.2499, 25.3743], [55.2502, 25.3743], [55.2505, 25.3743], [55.2509, 25.3743], [55.2512, 25.3743], [55.2516, 25.3743], [55.252, 25.3744], [55.2523, 25.3744], [55.2527, 25.3744], [55.253, 25.3743], [55.2534, 25.3743], [55.2537, 25.3743], [55.2541, 25.3743], [55.2544, 25.3743], [55.2548, 25.3743], [55.2551, 25.3742], [55.2555, 25.3742], [55.2558, 25.3742], [55.2562, 25.3741], [55.2563, 25.3741], [55.2564, 25.3741], [55.2565, 25.3741], [55.2565, 25.374], [55.2566, 25.374], [55.2567, 25.3739], [55.2568, 25.3739], [55.2568, 25.3738], [55.2569, 25.3738], [55.2569, 25.3737], [55.257, 25.3736], [55.257, 25.3735], [55.257, 25.3734], [55.2571, 25.3734], [55.2571, 25.3733], [55.2571, 25.3732], [55.2571, 25.3731], [55.257, 25.373], [55.257, 25.3729], [55.257, 25.3728], [55.2569, 25.3728], [55.2569, 25.3727], [55.2568, 25.3727], [55.2568, 25.3726], [55.2567, 25.3725], [55.2566, 25.3725], [55.2565, 25.3724], [55.2551, 25.3719], [55.2549, 25.3718], [55.2547, 25.3717], [55.2545, 25.3717], [55.2544, 25.3716], [55.2542, 25.3715], [55.254, 25.3714], [55.2538, 25.3713], [55.2537, 25.3712], [55.2535, 25.3711], [55.2533, 25.371], [55.2532, 25.3709], [55.253, 25.3708], [55.2529, 25.3707], [55.2527, 25.3706], [55.2525, 25.3705], [55.2524, 25.3704], [55.2522, 25.3703], [55.2521, 25.3701], [55.252, 25.37], [55.2518, 25.3699], [55.2517, 25.3698], [55.2515, 25.3696], [55.2514, 25.3695], [55.2486, 25.3665], [55.2485, 25.3665], [55.2484, 25.3665], [55.2484, 25.3666], [55.2488, 25.367], [55.2487, 25.367], [55.2484, 25.367], [55.2481, 25.3669], [55.2479, 25.3669], [55.2476, 25.3668], [55.2473, 25.3667], [55.247, 25.3667], [55.2467, 25.3666], [55.2465, 25.3665], [55.2462, 25.3665], [55.2459, 25.3664], [55.2457, 25.3663], [55.2454, 25.3662], [55.2451, 25.3661], [55.2448, 25.366], [55.2446, 25.3659], [55.2443, 25.3658], [55.2441, 25.3657], [55.2438, 25.3656], [55.2435, 25.3655], [55.2433, 25.3654], [55.243, 25.3652], [55.2428, 25.3651]]], [[[55.281, 25.3516], [55.281, 25.3517], [55.281, 25.3518], [55.2812, 25.3518], [55.2813, 25.3519], [55.2813, 25.352], [55.2813, 25.3521], [55.2811, 25.3524], [55.2809, 25.3527], [55.2807, 25.353], [55.2806, 25.3532], [55.2804, 25.3535], [55.2802, 25.3538], [55.28, 25.3541], [55.2798, 25.3544], [55.2796, 25.3547], [55.2794, 25.3549], [55.2792, 25.3552], [55.279, 25.3555], [55.2788, 25.3558], [55.2785, 25.356], [55.2783, 25.3563], [55.2781, 25.3566], [55.2779, 25.3568], [55.2776, 25.3571], [55.2774, 25.3573], [55.2772, 25.3576], [55.2769, 25.3578], [55.2767, 25.3581], [55.2764, 25.3583], [55.2762, 25.3586], [55.276, 25.3588], [55.2757, 25.3591], [55.2754, 25.3593], [55.2752, 25.3595], [55.2749, 25.3598], [55.2747, 25.36], [55.2744, 25.3602], [55.2741, 25.3605], [55.2738, 25.3607], [55.2736, 25.3609], [55.2733, 25.3611], [55.273, 25.3613], [55.2727, 25.3616], [55.2724, 25.3618], [55.2723, 25.3618], [55.272, 25.3615], [55.2719, 25.3615], [55.2719, 25.3616], [55.2728, 25.3626], [55.2729, 25.3626], [55.2729, 25.3627], [55.273, 25.3627], [55.2731, 25.3627], [55.2771, 25.3642], [55.2772, 25.3643], [55.2773, 25.3643], [55.2774, 25.3643], [55.2775, 25.3643], [55.2776, 25.3644], [55.2777, 25.3644], [55.2778, 25.3644], [55.2779, 25.3644], [55.278, 25.3644], [55.2781, 25.3644], [55.2782, 25.3644], [55.2783, 25.3644], [55.2784, 25.3644], [55.2785, 25.3643], [55.2786, 25.3643], [55.2787, 25.3643], [55.2788, 25.3643], [55.2788, 25.3642], [55.2789, 25.3642], [55.279, 25.3642], [55.2791, 25.3641], [55.2792, 25.3641], [55.2793, 25.364], [55.2794, 25.3639], [55.2795, 25.3639], [55.2795, 25.3638], [55.2796, 25.3637], [55.2797, 25.3637], [55.2799, 25.3634], [55.2802, 25.3631], [55.2805, 25.3629], [55.2807, 25.3626], [55.281, 25.3623], [55.2812, 25.3621], [55.2815, 25.3618], [55.2817, 25.3615], [55.2819, 25.3612], [55.2822, 25.3609], [55.2824, 25.3606], [55.2826, 25.3604], [55.2829, 25.3601], [55.2831, 25.3598], [55.2833, 25.3595], [55.2835, 25.3592], [55.2837, 25.3589], [55.2839, 25.3586], [55.2841, 25.3583], [55.2843, 25.358], [55.2845, 25.3577], [55.2847, 25.3574], [55.2849, 25.3571], [55.2851, 25.3567], [55.2853, 25.3564], [55.2855, 25.3561], [55.2857, 25.3558], [55.2858, 25.3555], [55.286, 25.3552], [55.2862, 25.3548], [55.2863, 25.3545], [55.2865, 25.3542], [55.2865, 25.3541], [55.2865, 25.354], [55.2865, 25.3539], [55.2865, 25.3538], [55.2864, 25.3537], [55.2863, 25.3537], [55.2863, 25.3536], [55.2862, 25.3536], [55.2811, 25.3516], [55.281, 25.3516]]], [[[55.2693, 25.3638], [55.2689, 25.364], [55.2686, 25.3642], [55.2682, 25.3644], [55.2679, 25.3645], [55.2675, 25.3647], [55.2672, 25.3649], [55.2669, 25.365], [55.2665, 25.3652], [55.2662, 25.3654], [55.2658, 25.3655], [55.2654, 25.3657], [55.2651, 25.3658], [55.2647, 25.366], [55.2644, 25.3661], [55.264, 25.3663], [55.2636, 25.3664], [55.2633, 25.3665], [55.2629, 25.3667], [55.2625, 25.3668], [55.2622, 25.3669], [55.2619, 25.3669], [55.2616, 25.367], [55.2613, 25.3671], [55.261, 25.3671], [55.2607, 25.3672], [55.2603, 25.3673], [55.26, 25.3673], [55.2597, 25.3674], [55.2594, 25.3674], [55.2591, 25.3675], [55.2588, 25.3675], [55.2585, 25.3675], [55.2582, 25.3676], [55.2579, 25.3676], [55.2575, 25.3676], [55.2572, 25.3676], [55.2569, 25.3676], [55.2566, 25.3677], [55.2563, 25.3677], [55.256, 25.3677], [55.2557, 25.3677], [55.2553, 25.3677], [55.255, 25.3677], [55.2547, 25.3677], [55.2544, 25.3677], [55.2543, 25.3676], [55.2542, 25.3676], [55.2542, 25.3675], [55.2542, 25.3674], [55.2542, 25.3673], [55.2541, 25.3673], [55.254, 25.3674], [55.2541, 25.3681], [55.2541, 25.3682], [55.2542, 25.3682], [55.2542, 25.3683], [55.2542, 25.3684], [55.2544, 25.3685], [55.2545, 25.3686], [55.2546, 25.3687], [55.2547, 25.3688], [55.2549, 25.3689], [55.255, 25.369], [55.2551, 25.3691], [55.2553, 25.3692], [55.2554, 25.3693], [55.2556, 25.3694], [55.2557, 25.3695], [55.2558, 25.3696], [55.256, 25.3697], [55.2561, 25.3698], [55.2563, 25.3699], [55.2565, 25.3699], [55.2566, 25.37], [55.2567, 25.3701], [55.2569, 25.3702], [55.2571, 25.3702], [55.2573, 25.3703], [55.2574, 25.3704], [55.2576, 25.3705], [55.2577, 25.3706], [55.2579, 25.3707], [55.2581, 25.3708], [55.2582, 25.3709], [55.2584, 25.371], [55.2585, 25.3712], [55.2587, 25.3713], [55.2588, 25.3714], [55.259, 25.3715], [55.2591, 25.3716], [55.2592, 25.3718], [55.2594, 25.3719], [55.2595, 25.372], [55.2596, 25.3722], [55.2598, 25.3723], [55.2599, 25.3724], [55.26, 25.3726], [55.2601, 25.3727], [55.2602, 25.3728], [55.2603, 25.3729], [55.2604, 25.373], [55.2605, 25.373], [55.2606, 25.373], [55.2606, 25.3731], [55.2607, 25.3731], [55.2608, 25.3731], [55.2609, 25.3732], [55.261, 25.3732], [55.2611, 25.3732], [55.2612, 25.3732], [55.2613, 25.3733], [55.2614, 25.3733], [55.2615, 25.3733], [55.2616, 25.3733], [55.2617, 25.3732], [55.2618, 25.3732], [55.262, 25.3732], [55.2624, 25.3731], [55.2628, 25.373], [55.2632, 25.3729], [55.2636, 25.3728], [55.264, 25.3727], [55.2644, 25.3726], [55.2647, 25.3725], [55.2651, 25.3724], [55.2655, 25.3722], [55.2659, 25.3721], [55.2662, 25.372], [55.2666, 25.3719], [55.267, 25.3717], [55.2673, 25.3716], [55.2677, 25.3715], [55.268, 25.3713], [55.2684, 25.3712], [55.2687, 25.371], [55.2691, 25.3709], [55.2694, 25.3707], [55.2697, 25.3706], [55.2701, 25.3704], [55.2704, 25.3703], [55.2707, 25.3701], [55.2711, 25.3699], [55.2712, 25.3699], [55.2714, 25.3697], [55.2718, 25.3696], [55.2721, 25.3694], [55.2724, 25.3692], [55.2727, 25.369], [55.273, 25.3688], [55.2734, 25.3686], [55.2737, 25.3685], [55.274, 25.3683], [55.2743, 25.3681], [55.2746, 25.3679], [55.2749, 25.3677], [55.2752, 25.3674], [55.2755, 25.3672], [55.2758, 25.367], [55.2759, 25.3669], [55.276, 25.3668], [55.276, 25.3667], [55.2761, 25.3666], [55.2761, 25.3665], [55.2761, 25.3664], [55.276, 25.3663], [55.276, 25.3662], [55.2759, 25.3661], [55.2759, 25.366], [55.2758, 25.366], [55.2757, 25.3659], [55.2756, 25.3659], [55.2691, 25.3634], [55.269, 25.3635], [55.269, 25.3636], [55.2691, 25.3636], [55.2692, 25.3636], [55.2693, 25.3637], [55.2693, 25.3638]]], [[[55.5141, 25.4988], [55.5134, 25.4993], [55.5128, 25.4997], [55.5124, 25.5002], [55.5121, 25.5008], [55.5118, 25.5007], [55.5118, 25.5009], [55.5118, 25.501], [55.5119, 25.501], [55.512, 25.501], [55.5124, 25.5012], [55.5138, 25.5013], [55.5149, 25.5011], [55.5159, 25.5003], [55.5162, 25.4997], [55.5164, 25.4992], [55.5165, 25.4984], [55.5162, 25.4984], [55.5152, 25.4984], [55.5141, 25.4988]]], [[[55.587, 25.541], [55.5868, 25.5404], [55.5867, 25.5401], [55.5867, 25.5396], [55.5867, 25.5392], [55.5864, 25.5389], [55.586, 25.5387], [55.5857, 25.5383], [55.5847, 25.537], [55.5844, 25.5365], [55.584, 25.5355], [55.5838, 25.5352], [55.5828, 25.5358], [55.5824, 25.5361], [55.5821, 25.5362], [55.5819, 25.5361], [55.5814, 25.5364], [55.5793, 25.5385], [55.5789, 25.539], [55.5778, 25.5398], [55.5773, 25.5403], [55.577, 25.5408], [55.5764, 25.5412], [55.5761, 25.5417], [55.5759, 25.5425], [55.5757, 25.5431], [55.5755, 25.5442], [55.5753, 25.5455], [55.5754, 25.5462], [55.5757, 25.5469], [55.5762, 25.5477], [55.5769, 25.5486], [55.5775, 25.5497], [55.578, 25.5506], [55.579, 25.5516], [55.5796, 25.5521], [55.5801, 25.5525], [55.5806, 25.5527], [55.5811, 25.5527], [55.5811, 25.5526], [55.5807, 25.5524], [55.5805, 25.5521], [55.5805, 25.5516], [55.5805, 25.5513], [55.5808, 25.5512], [55.5811, 25.5511], [55.5816, 25.5512], [55.5825, 25.5517], [55.5832, 25.5525], [55.5834, 25.5528], [55.5835, 25.5537], [55.5836, 25.5541], [55.5833, 25.5546], [55.5833, 25.5547], [55.5834, 25.5548], [55.5837, 25.5549], [55.5838, 25.5551], [55.5839, 25.5554], [55.5842, 25.5556], [55.5844, 25.5556], [55.5845, 25.5553], [55.5849, 25.5551], [55.5852, 25.555], [55.5853, 25.5548], [55.5855, 25.5546], [55.5857, 25.5544], [55.5858, 25.5542], [55.5858, 25.554], [55.5856, 25.5537], [55.5857, 25.5534], [55.5859, 25.5531], [55.5861, 25.5529], [55.5898, 25.5511], [55.5913, 25.5503], [55.5915, 25.5501], [55.5916, 25.5499], [55.5916, 25.5493], [55.5915, 25.5491], [55.5914, 25.5489], [55.5908, 25.5485], [55.5904, 25.548], [55.5898, 25.5468], [55.5897, 25.5465], [55.5899, 25.5462], [55.5902, 25.5459], [55.5905, 25.5456], [55.5905, 25.5454], [55.5903, 25.5451], [55.5895, 25.5444], [55.5894, 25.5441], [55.5893, 25.5439], [55.5896, 25.5437], [55.59, 25.5436], [55.5901, 25.5436], [55.5904, 25.5439], [55.5905, 25.5438], [55.5901, 25.5433], [55.5896, 25.5429], [55.5885, 25.5425], [55.5879, 25.5421], [55.587, 25.541]]], [[[55.5705, 25.5501], [55.5703, 25.5497], [55.5699, 25.5492], [55.5699, 25.5483], [55.5699, 25.5478], [55.5697, 25.5472], [55.5697, 25.5461], [55.5699, 25.5457], [55.5705, 25.5447], [55.5707, 25.5443], [55.5707, 25.544], [55.571, 25.5434], [55.5713, 25.543], [55.5714, 25.5426], [55.5708, 25.5424], [55.5701, 25.5425], [55.5696, 25.5426], [55.5691, 25.5426], [55.5688, 25.5428], [55.5686, 25.5434], [55.5685, 25.5445], [55.5684, 25.5451], [55.5682, 25.5458], [55.5681, 25.5462], [55.5684, 25.5467], [55.5686, 25.5473], [55.5692, 25.5483], [55.5693, 25.5486], [55.5691, 25.5497], [55.5692, 25.5501], [55.5695, 25.5503], [55.5704, 25.5507], [55.5705, 25.5509], [55.5709, 25.5513], [55.5713, 25.5514], [55.5716, 25.5512], [55.5718, 25.5511], [55.5718, 25.5509], [55.5714, 25.5506], [55.5709, 25.5504], [55.5705, 25.5501]]], [[[55.5967, 25.5555], [55.5967, 25.5544], [55.597, 25.5536], [55.5974, 25.5529], [55.5987, 25.5515], [55.5986, 25.551], [55.5981, 25.5508], [55.5999, 25.5496], [55.6007, 25.5493], [55.6018, 25.5491], [55.6032, 25.5486], [55.6048, 25.548], [55.6056, 25.5479], [55.6063, 25.5478], [55.6078, 25.5472], [55.6087, 25.5469], [55.6093, 25.5464], [55.6092, 25.5459], [55.6088, 25.5457], [55.6082, 25.5455], [55.6074, 25.5449], [55.6067, 25.5444], [55.6057, 25.5435], [55.6046, 25.5424], [55.6039, 25.5418], [55.6029, 25.5416], [55.6017, 25.5416], [55.6006, 25.5419], [55.5987, 25.5425], [55.5979, 25.5425], [55.5968, 25.543], [55.5964, 25.5433], [55.5964, 25.5435], [55.5966, 25.5438], [55.5969, 25.5438], [55.5971, 25.544], [55.5972, 25.5444], [55.5971, 25.545], [55.5964, 25.5458], [55.5953, 25.5467], [55.5949, 25.5472], [55.595, 25.5476], [55.5954, 25.5481], [55.5956, 25.5485], [55.5958, 25.5491], [55.5958, 25.5504], [55.5956, 25.5516], [55.5955, 25.5528], [55.5957, 25.554], [55.5964, 25.556], [55.5964, 25.5562], [55.5966, 25.5562], [55.5967, 25.556], [55.5967, 25.5555]]], [[[55.6034, 25.5549], [55.6027, 25.5554], [55.6021, 25.5557], [55.6016, 25.556], [55.6008, 25.5572], [55.6003, 25.5582], [55.5998, 25.5601], [55.5996, 25.5618], [55.5998, 25.562], [55.6002, 25.562], [55.6003, 25.5618], [55.6002, 25.5615], [55.6002, 25.5614], [55.6003, 25.5613], [55.6006, 25.5612], [55.601, 25.5612], [55.6017, 25.5612], [55.6024, 25.5613], [55.6039, 25.5621], [55.605, 25.5625], [55.6058, 25.5625], [55.6093, 25.5608], [55.6101, 25.5605], [55.6108, 25.5606], [55.6132, 25.5603], [55.6144, 25.5603], [55.615, 25.5604], [55.6155, 25.5608], [55.6159, 25.561], [55.6168, 25.5609], [55.6175, 25.5612], [55.6189, 25.5615], [55.6195, 25.5617], [55.62, 25.5622], [55.6205, 25.5623], [55.6223, 25.5626], [55.6227, 25.5627], [55.623, 25.5626], [55.623, 25.5625], [55.6228, 25.562], [55.6221, 25.5614], [55.6217, 25.561], [55.6213, 25.5604], [55.6209, 25.5599], [55.6203, 25.5595], [55.62, 25.5591], [55.6203, 25.5589], [55.6202, 25.5586], [55.6197, 25.5588], [55.6186, 25.5578], [55.6178, 25.557], [55.6169, 25.5562], [55.6162, 25.5558], [55.6156, 25.5557], [55.6148, 25.5558], [55.6146, 25.5557], [55.6141, 25.5545], [55.613, 25.5525], [55.6123, 25.5516], [55.6114, 25.551], [55.6107, 25.5508], [55.6099, 25.5507], [55.6089, 25.5509], [55.6084, 25.5508], [55.6073, 25.551], [55.6065, 25.5512], [55.6054, 25.5518], [55.6048, 25.5522], [55.6045, 25.5528], [55.6043, 25.5535], [55.6039, 25.5543], [55.6034, 25.5549]]], [[[55.5895, 25.561], [55.5896, 25.5616], [55.5897, 25.5622], [55.5899, 25.5627], [55.5904, 25.563], [55.5911, 25.5632], [55.5917, 25.5633], [55.5924, 25.5631], [55.5929, 25.5629], [55.5936, 25.5626], [55.5941, 25.5626], [55.5943, 25.5627], [55.5942, 25.5629], [55.5941, 25.5631], [55.5942, 25.5632], [55.5946, 25.563], [55.5948, 25.5625], [55.5947, 25.5615], [55.5946, 25.5609], [55.5945, 25.5607], [55.5944, 25.5607], [55.5944, 25.5611], [55.5939, 25.5606], [55.5933, 25.5601], [55.5929, 25.5594], [55.5921, 25.5579], [55.5919, 25.5578], [55.5918, 25.5578], [55.5915, 25.5579], [55.5913, 25.558], [55.591, 25.5583], [55.5905, 25.5589], [55.5898, 25.5598], [55.5896, 25.5604], [55.5895, 25.561]]], [[[55.5815, 25.5665], [55.5813, 25.5668], [55.5812, 25.5671], [55.5809, 25.5674], [55.5803, 25.5676], [55.5801, 25.567], [55.5799, 25.5669], [55.5795, 25.5667], [55.5789, 25.5667], [55.5782, 25.5664], [55.5779, 25.566], [55.5777, 25.5653], [55.5778, 25.5645], [55.578, 25.5634], [55.5784, 25.5627], [55.5792, 25.5622], [55.5803, 25.5618], [55.5808, 25.5616], [55.5812, 25.561], [55.5812, 25.5599], [55.5814, 25.5592], [55.5813, 25.5583], [55.5812, 25.5577], [55.5809, 25.5575], [55.58, 25.5571], [55.579, 25.5568], [55.5779, 25.5566], [55.5774, 25.5568], [55.5774, 25.5567], [55.5776, 25.5564], [55.5778, 25.5558], [55.5778, 25.5555], [55.5779, 25.5554], [55.5782, 25.5554], [55.5785, 25.5554], [55.5794, 25.5556], [55.5803, 25.5557], [55.5814, 25.5557], [55.5816, 25.5554], [55.5815, 25.5549], [55.5811, 25.5545], [55.5804, 25.5543], [55.5801, 25.5541], [55.5795, 25.5541], [55.5788, 25.5542], [55.5782, 25.5543], [55.5775, 25.5548], [55.5766, 25.5556], [55.5759, 25.5565], [55.574, 25.5588], [55.5738, 25.5592], [55.5739, 25.5596], [55.5741, 25.56], [55.575, 25.5609], [55.5749, 25.5616], [55.575, 25.5622], [55.5749, 25.5628], [55.5746, 25.5633], [55.5743, 25.5642], [55.5741, 25.565], [55.574, 25.5658], [55.574, 25.5682], [55.574, 25.5686], [55.574, 25.5687], [55.5738, 25.5689], [55.5736, 25.5692], [55.5735, 25.5694], [55.5735, 25.5696], [55.5737, 25.5697], [55.5741, 25.5696], [55.5749, 25.5699], [55.5754, 25.5705], [55.5757, 25.5707], [55.5763, 25.5711], [55.5763, 25.5721], [55.5762, 25.5728], [55.5763, 25.5737], [55.5764, 25.5748], [55.576, 25.5767], [55.5759, 25.5774], [55.5758, 25.5781], [55.5758, 25.5786], [55.5759, 25.5788], [55.576, 25.579], [55.5763, 25.5792], [55.5765, 25.5793], [55.5769, 25.5793], [55.5777, 25.5794], [55.5784, 25.5795], [55.5786, 25.5795], [55.5787, 25.5791], [55.5788, 25.579], [55.5789, 25.5788], [55.5789, 25.5785], [55.5793, 25.5777], [55.5795, 25.5774], [55.5797, 25.5773], [55.5797, 25.5771], [55.5792, 25.5772], [55.5794, 25.5755], [55.5797, 25.5743], [55.5798, 25.5735], [55.58, 25.573], [55.5803, 25.5726], [55.5804, 25.5724], [55.5802, 25.5721], [55.5803, 25.5718], [55.5806, 25.5712], [55.5805, 25.571], [55.5805, 25.5708], [55.5806, 25.5708], [55.5808, 25.5707], [55.5809, 25.5705], [55.5811, 25.5698], [55.5811, 25.5691], [55.5811, 25.5688], [55.5811, 25.5686], [55.5812, 25.5686], [55.5815, 25.5688], [55.5816, 25.5688], [55.5818, 25.5686], [55.582, 25.5683], [55.5823, 25.5675], [55.5822, 25.5671], [55.5815, 25.5665]]], [[[55.5932, 25.5742], [55.593, 25.5742], [55.5928, 25.5742], [55.5926, 25.5741], [55.5923, 25.5741], [55.5914, 25.5745], [55.5904, 25.5747], [55.5896, 25.575], [55.5881, 25.5756], [55.5877, 25.576], [55.5875, 25.5763], [55.5875, 25.5765], [55.5878, 25.5766], [55.5882, 25.5766], [55.5904, 25.5761], [55.5912, 25.5757], [55.5915, 25.5755], [55.5919, 25.5749], [55.5922, 25.5746], [55.5927, 25.5745], [55.5932, 25.5744], [55.5935, 25.5741], [55.5934, 25.574], [55.5933, 25.574], [55.5932, 25.5742]]], [[[55.7061, 25.6517], [55.7053, 25.6515], [55.7048, 25.6512], [55.7046, 25.651], [55.7044, 25.6506], [55.7044, 25.6504], [55.7042, 25.6501], [55.7033, 25.6492], [55.7027, 25.6486], [55.702, 25.6481], [55.7015, 25.6478], [55.7011, 25.6477], [55.7003, 25.6473], [55.6996, 25.647], [55.6978, 25.6467], [55.697, 25.6465], [55.6963, 25.6463], [55.6959, 25.646], [55.6956, 25.6458], [55.6952, 25.6454], [55.6949, 25.6449], [55.6945, 25.6444], [55.6942, 25.6441], [55.6934, 25.6433], [55.6928, 25.6429], [55.6911, 25.642], [55.6906, 25.6417], [55.69, 25.6412], [55.6894, 25.6407], [55.6885, 25.6397], [55.6876, 25.6384], [55.687, 25.6373], [55.6862, 25.6365], [55.6858, 25.6361], [55.6851, 25.6358], [55.6843, 25.6357], [55.6836, 25.6355], [55.6832, 25.6351], [55.6828, 25.6343], [55.6824, 25.634], [55.6813, 25.6333], [55.6799, 25.6328], [55.6796, 25.6325], [55.6793, 25.6319], [55.6791, 25.6314], [55.6785, 25.6308], [55.6781, 25.6303], [55.6779, 25.6299], [55.6769, 25.6283], [55.6765, 25.6278], [55.6763, 25.6274], [55.6763, 25.6272], [55.6761, 25.6269], [55.6754, 25.6261], [55.675, 25.6256], [55.6749, 25.6252], [55.6747, 25.6246], [55.6732, 25.6236], [55.6728, 25.6232], [55.6717, 25.6221], [55.6706, 25.6208], [55.6702, 25.62], [55.6697, 25.6188], [55.6697, 25.6183], [55.6694, 25.6172], [55.669, 25.6162], [55.6681, 25.615], [55.6667, 25.6137], [55.6662, 25.6132], [55.6656, 25.6123], [55.6653, 25.6115], [55.6653, 25.6109], [55.6652, 25.6102], [55.6647, 25.6097], [55.6644, 25.6095], [55.664, 25.6096], [55.6631, 25.6103], [55.6622, 25.6108], [55.661, 25.6113], [55.6602, 25.6116], [55.6592, 25.6117], [55.6582, 25.6117], [55.6572, 25.6116], [55.6561, 25.6113], [55.6548, 25.6108], [55.6538, 25.6102], [55.6526, 25.6097], [55.6513, 25.6091], [55.6504, 25.6083], [55.6497, 25.6076], [55.6491, 25.6068], [55.6488, 25.6061], [55.6483, 25.6053], [55.6479, 25.6041], [55.6469, 25.6028], [55.6466, 25.6021], [55.6448, 25.6002], [55.6432, 25.5987], [55.6423, 25.598], [55.6419, 25.5977], [55.641, 25.5968], [55.6408, 25.5962], [55.6403, 25.5956], [55.6396, 25.5935], [55.6394, 25.5927], [55.6388, 25.591], [55.6384, 25.5904], [55.6377, 25.5895], [55.6374, 25.5887], [55.6362, 25.5864], [55.6358, 25.5855], [55.6354, 25.584], [55.6352, 25.5831], [55.6349, 25.5827], [55.6342, 25.5821], [55.6331, 25.5814], [55.632, 25.5811], [55.6304, 25.5805], [55.6295, 25.5801], [55.6287, 25.5796], [55.6281, 25.579], [55.6274, 25.5782], [55.6258, 25.5769], [55.625, 25.5764], [55.624, 25.5753], [55.6225, 25.5732], [55.6214, 25.5719], [55.6205, 25.5711], [55.6201, 25.5702], [55.6201, 25.5696], [55.6201, 25.5694], [55.6193, 25.5678], [55.6184, 25.5669], [55.6178, 25.5666], [55.6167, 25.5665], [55.6156, 25.5666], [55.6146, 25.5668], [55.6106, 25.5675], [55.6096, 25.5677], [55.6082, 25.5683], [55.6068, 25.5693], [55.6057, 25.5703], [55.6046, 25.572], [55.6034, 25.5737], [55.603, 25.5749], [55.6029, 25.576], [55.6035, 25.5769], [55.6045, 25.5781], [55.6059, 25.579], [55.6073, 25.5803], [55.6103, 25.5847], [55.6113, 25.5859], [55.6118, 25.5867], [55.6118, 25.5874], [55.6108, 25.5887], [55.6093, 25.5895], [55.6085, 25.5907], [55.608, 25.5923], [55.6084, 25.5931], [55.6092, 25.5939], [55.61, 25.5939], [55.6127, 25.5925], [55.6147, 25.5919], [55.6155, 25.5919], [55.6165, 25.5921], [55.6172, 25.5926], [55.6184, 25.5936], [55.6192, 25.595], [55.6199, 25.5967], [55.6194, 25.6], [55.6196, 25.6007], [55.6204, 25.6015], [55.6228, 25.6026], [55.6251, 25.6039], [55.6263, 25.6045], [55.6277, 25.6053], [55.6291, 25.6062], [55.6299, 25.6071], [55.6311, 25.6089], [55.6313, 25.6093], [55.631, 25.6099], [55.6293, 25.61], [55.6279, 25.6099], [55.627, 25.61], [55.6251, 25.6106], [55.6245, 25.6106], [55.6235, 25.6103], [55.6226, 25.6098], [55.6215, 25.6095], [55.6212, 25.6093], [55.6213, 25.6086], [55.6216, 25.6074], [55.6219, 25.6068], [55.6221, 25.6065], [55.6222, 25.606], [55.6225, 25.6056], [55.6224, 25.6051], [55.6222, 25.6048], [55.6219, 25.6047], [55.6211, 25.6051], [55.6204, 25.6059], [55.6197, 25.6068], [55.6192, 25.6074], [55.6189, 25.6073], [55.6183, 25.6068], [55.6187, 25.606], [55.619, 25.6055], [55.6192, 25.6051], [55.6186, 25.6047], [55.6182, 25.6046], [55.6178, 25.6042], [55.6177, 25.6034], [55.618, 25.6027], [55.6181, 25.6023], [55.6168, 25.6027], [55.6155, 25.6033], [55.6143, 25.6037], [55.6132, 25.6042], [55.6122, 25.6043], [55.6107, 25.6033], [55.6098, 25.6025], [55.6096, 25.6016], [55.6097, 25.6012], [55.6091, 25.6008], [55.6067, 25.6001], [55.6064, 25.5995], [55.6061, 25.5988], [55.6058, 25.5981], [55.6051, 25.5975], [55.6046, 25.5968], [55.6045, 25.596], [55.6043, 25.5953], [55.6039, 25.5946], [55.6031, 25.594], [55.6024, 25.5939], [55.6019, 25.5933], [55.6009, 25.5927], [55.6002, 25.5921], [55.5994, 25.5912], [55.5985, 25.5906], [55.5977, 25.5899], [55.5971, 25.5898], [55.5961, 25.5893], [55.5956, 25.5892], [55.5943, 25.5892], [55.5931, 25.5891], [55.5924, 25.589], [55.5916, 25.5888], [55.5911, 25.5886], [55.5909, 25.5884], [55.5908, 25.5881], [55.5907, 25.5878], [55.5901, 25.5873], [55.59, 25.5869], [55.5899, 25.5867], [55.5895, 25.5866], [55.5889, 25.5865], [55.5883, 25.5864], [55.5882, 25.5863], [55.5878, 25.5862], [55.5876, 25.5864], [55.5874, 25.5867], [55.5874, 25.587], [55.5872, 25.5873], [55.5867, 25.5877], [55.5865, 25.5879], [55.5864, 25.5882], [55.5865, 25.5886], [55.5874, 25.589], [55.5879, 25.5894], [55.589, 25.5913], [55.5899, 25.5924], [55.5901, 25.593], [55.5912, 25.5945], [55.5914, 25.5952], [55.592, 25.5959], [55.5926, 25.5967], [55.5939, 25.5978], [55.5948, 25.5988], [55.5955, 25.5992], [55.5967, 25.6002], [55.5976, 25.6011], [55.5983, 25.6017], [55.5985, 25.6019], [55.5986, 25.6022], [55.5985, 25.6024], [55.5987, 25.6026], [55.5992, 25.6031], [55.6, 25.6036], [55.6007, 25.6042], [55.6009, 25.6046], [55.6012, 25.605], [55.6014, 25.6055], [55.6014, 25.6057], [55.6013, 25.6057], [55.6013, 25.6059], [55.6017, 25.6063], [55.602, 25.6065], [55.6028, 25.6073], [55.6035, 25.6083], [55.6041, 25.6088], [55.6073, 25.6112], [55.6106, 25.6138], [55.6122, 25.6152], [55.6153, 25.6174], [55.6165, 25.6182], [55.6187, 25.6195], [55.6193, 25.6198], [55.6202, 25.6199], [55.622, 25.6202], [55.6235, 25.6203], [55.6283, 25.6204], [55.6289, 25.6205], [55.6297, 25.6208], [55.6306, 25.6208], [55.6329, 25.6215], [55.6344, 25.6221], [55.6357, 25.6229], [55.6369, 25.6234], [55.6383, 25.6235], [55.6401, 25.6234], [55.6409, 25.6231], [55.642, 25.6222], [55.6424, 25.622], [55.6436, 25.6217], [55.6458, 25.6218], [55.6469, 25.6218], [55.6482, 25.6219], [55.6494, 25.6221], [55.6506, 25.6223], [55.6514, 25.6224], [55.652, 25.6223], [55.6528, 25.6227], [55.6543, 25.6235], [55.6561, 25.6244], [55.6576, 25.6253], [55.6593, 25.6262], [55.6615, 25.627], [55.6629, 25.6277], [55.6645, 25.6282], [55.6668, 25.6285], [55.6685, 25.6286], [55.6696, 25.6287], [55.6704, 25.6288], [55.6725, 25.6297], [55.6735, 25.6302], [55.6745, 25.6308], [55.6753, 25.6311], [55.6763, 25.6317], [55.6771, 25.6321], [55.68, 25.6338], [55.6814, 25.635], [55.6822, 25.6358], [55.6828, 25.6361], [55.6832, 25.6363], [55.6838, 25.6367], [55.6844, 25.6372], [55.6849, 25.6378], [55.6854, 25.6382], [55.6862, 25.639], [55.6886, 25.6412], [55.6898, 25.6425], [55.6905, 25.643], [55.6921, 25.6444], [55.6939, 25.6459], [55.6949, 25.6466], [55.6963, 25.6479], [55.6971, 25.6484], [55.6996, 25.65], [55.7002, 25.6505], [55.7004, 25.6508], [55.7007, 25.6511], [55.7015, 25.6514], [55.7028, 25.6523], [55.7039, 25.6528], [55.7048, 25.6532], [55.7061, 25.6536], [55.7076, 25.6542], [55.7094, 25.655], [55.7106, 25.6557], [55.7118, 25.6562], [55.7128, 25.6563], [55.7154, 25.656], [55.7177, 25.6554], [55.7189, 25.6549], [55.7194, 25.6545], [55.7201, 25.6542], [55.7208, 25.6538], [55.7214, 25.6533], [55.722, 25.6522], [55.7219, 25.6516], [55.7218, 25.6514], [55.7216, 25.6512], [55.7213, 25.6512], [55.7203, 25.6517], [55.7194, 25.6523], [55.7181, 25.6529], [55.7165, 25.6535], [55.7152, 25.6538], [55.7143, 25.6539], [55.7137, 25.6537], [55.7133, 25.6535], [55.7126, 25.6533], [55.7117, 25.6533], [55.7109, 25.6532], [55.7105, 25.6529], [55.7103, 25.6526], [55.7099, 25.6524], [55.7092, 25.6521], [55.7086, 25.6519], [55.7079, 25.6518], [55.707, 25.6518], [55.7061, 25.6517]]], [[[55.6872, 25.6223], [55.6873, 25.622], [55.6872, 25.6217], [55.6871, 25.6215], [55.687, 25.6214], [55.687, 25.621], [55.687, 25.6206], [55.687, 25.6202], [55.6874, 25.6197], [55.6873, 25.6195], [55.6871, 25.6193], [55.6861, 25.6187], [55.6855, 25.6183], [55.6848, 25.6177], [55.6844, 25.6174], [55.684, 25.6172], [55.6837, 25.6171], [55.6829, 25.6167], [55.6824, 25.6164], [55.6816, 25.6155], [55.6811, 25.6153], [55.6808, 25.6149], [55.6805, 25.6149], [55.6802, 25.6149], [55.6797, 25.6153], [55.6794, 25.6156], [55.6795, 25.6157], [55.6797, 25.6156], [55.6801, 25.6154], [55.6804, 25.6153], [55.6804, 25.6154], [55.6804, 25.6155], [55.6802, 25.6158], [55.6802, 25.616], [55.6803, 25.6166], [55.6801, 25.6172], [55.6804, 25.6176], [55.6814, 25.6187], [55.6837, 25.6209], [55.684, 25.6211], [55.6848, 25.6214], [55.6855, 25.6221], [55.6857, 25.6222], [55.6868, 25.623], [55.687, 25.6232], [55.6872, 25.6232], [55.6873, 25.623], [55.6873, 25.6228], [55.6872, 25.6225], [55.6872, 25.6223]]], [[[55.6854, 25.6308], [55.6861, 25.6313], [55.6869, 25.632], [55.6872, 25.6322], [55.6875, 25.6323], [55.6879, 25.6323], [55.6882, 25.632], [55.6882, 25.6316], [55.6881, 25.631], [55.6878, 25.6307], [55.6875, 25.6305], [55.6872, 25.6303], [55.6866, 25.6304], [55.6864, 25.6303], [55.6861, 25.63], [55.6864, 25.6298], [55.6863, 25.6297], [55.686, 25.6298], [55.6859, 25.6298], [55.6856, 25.6296], [55.6852, 25.6292], [55.6847, 25.6284], [55.6844, 25.6281], [55.6841, 25.6279], [55.6839, 25.6278], [55.6836, 25.6276], [55.6832, 25.6275], [55.683, 25.6275], [55.6828, 25.6276], [55.6826, 25.6278], [55.6826, 25.6281], [55.6828, 25.6284], [55.6833, 25.6289], [55.6838, 25.6293], [55.684, 25.6297], [55.6843, 25.63], [55.6846, 25.6301], [55.6849, 25.6303], [55.6854, 25.6308]]], [[[55.7872, 25.6928], [55.7876, 25.6925], [55.7869, 25.6919], [55.7867, 25.6912], [55.7862, 25.6905], [55.786, 25.6901], [55.7859, 25.6902], [55.7849, 25.6895], [55.7844, 25.6889], [55.7835, 25.6884], [55.7826, 25.6884], [55.7812, 25.6889], [55.7807, 25.6897], [55.7803, 25.691], [55.7809, 25.6914], [55.7816, 25.6925], [55.782, 25.6935], [55.7825, 25.6939], [55.783, 25.6945], [55.7834, 25.6948], [55.7838, 25.695], [55.7846, 25.695], [55.785, 25.6952], [55.7858, 25.6948], [55.7864, 25.6945], [55.7865, 25.6943], [55.7865, 25.6938], [55.7867, 25.6935], [55.7872, 25.6931], [55.7872, 25.6928]]], [[[55.8585, 25.7288], [55.8661, 25.7345], [55.8704, 25.7379], [55.8724, 25.7386], [55.8726, 25.7383], [55.8699, 25.737], [55.8674, 25.7351], [55.865, 25.7333], [55.8627, 25.7317], [55.8603, 25.73], [55.8585, 25.7285], [55.8585, 25.7288]]], [[[55.9632, 25.7833], [55.963, 25.7833], [55.9633, 25.7826], [55.9628, 25.7826], [55.9623, 25.7827], [55.9621, 25.7827], [55.9616, 25.783], [55.9614, 25.7834], [55.9614, 25.7838], [55.9612, 25.7842], [55.9612, 25.7844], [55.9618, 25.7845], [55.9626, 25.7845], [55.9632, 25.784], [55.9632, 25.7833]]], [[[56.0123, 25.8874], [56.0127, 25.8869], [56.0129, 25.8869], [56.0138, 25.8868], [56.0147, 25.8867], [56.0154, 25.8865], [56.0155, 25.8865], [56.0154, 25.8862], [56.0147, 25.886], [56.0142, 25.8855], [56.0135, 25.8849], [56.0129, 25.8844], [56.012, 25.8833], [56.0112, 25.8822], [56.0108, 25.8808], [56.01, 25.8795], [56.0096, 25.8783], [56.0091, 25.8774], [56.0086, 25.8761], [56.008, 25.875], [56.0074, 25.874], [56.0072, 25.8731], [56.0072, 25.8726], [56.0073, 25.8723], [56.0066, 25.8716], [56.0063, 25.871], [56.0058, 25.8701], [56.0054, 25.8691], [56.0046, 25.8678], [56.0039, 25.8662], [56.0033, 25.8648], [56.0027, 25.8637], [56.0021, 25.8627], [56.0015, 25.8613], [56.0009, 25.8604], [56.0014, 25.8599], [56.0014, 25.8598], [56.0014, 25.8596], [56.0013, 25.8596], [56.0011, 25.8593], [56.0012, 25.8593], [56.0011, 25.8592], [56.0011, 25.8588], [56.0011, 25.8587], [56.001, 25.8586], [56.001, 25.8585], [56.001, 25.8584], [56.001, 25.8583], [56.0009, 25.8582], [56.0008, 25.858], [56.0006, 25.8579], [56.0006, 25.8578], [56.0005, 25.8577], [56.0004, 25.8577], [56.0003, 25.8576], [56.0002, 25.8575], [56.0001, 25.8574], [56.0001, 25.8573], [55.9998, 25.8573], [55.9997, 25.8573], [55.9996, 25.8572], [55.9996, 25.8571], [55.9996, 25.857], [55.9993, 25.857], [55.9992, 25.857], [55.9992, 25.8569], [55.9992, 25.8568], [55.9993, 25.8568], [55.9993, 25.8567], [55.9993, 25.8566], [55.9992, 25.8566], [55.9992, 25.8565], [55.9991, 25.8565], [55.999, 25.8565], [55.9989, 25.8561], [55.9989, 25.8559], [55.9986, 25.8558], [55.9986, 25.8557], [55.9985, 25.8557], [55.9985, 25.8556], [55.9984, 25.8556], [55.9982, 25.8556], [55.9981, 25.8555], [55.9981, 25.8554], [55.998, 25.8554], [55.998, 25.8553], [55.9977, 25.8552], [55.9975, 25.8551], [55.9975, 25.855], [55.9974, 25.8549], [55.9973, 25.8548], [55.9972, 25.8548], [55.997, 25.8548], [55.9969, 25.8547], [55.9968, 25.8546], [55.9967, 25.8545], [55.9967, 25.8544], [55.9966, 25.8543], [55.9965, 25.8543], [55.9964, 25.8542], [55.9963, 25.8541], [55.9961, 25.8538], [55.9961, 25.8537], [55.996, 25.8536], [55.9959, 25.8536], [55.9958, 25.8535], [55.9957, 25.8535], [55.9957, 25.8534], [55.9956, 25.8533], [55.9955, 25.8532], [55.9955, 25.8531], [55.9955, 25.8529], [55.9955, 25.8528], [55.9955, 25.8526], [55.9955, 25.8525], [55.9956, 25.8524], [55.9957, 25.8524], [55.9958, 25.8523], [55.9959, 25.8523], [55.9959, 25.8522], [55.996, 25.8522], [55.9961, 25.8522], [55.9962, 25.8521], [55.9962, 25.852], [55.9961, 25.8519], [55.996, 25.8519], [55.9958, 25.8518], [55.9957, 25.8517], [55.9956, 25.8516], [55.9956, 25.8515], [55.9955, 25.8514], [55.9954, 25.8514], [55.9954, 25.8513], [55.9954, 25.8512], [55.9953, 25.8512], [55.9953, 25.8511], [55.9953, 25.8506], [55.9951, 25.8506], [55.995, 25.8506], [55.995, 25.8507], [55.9949, 25.8508], [55.9946, 25.8508], [55.9944, 25.8506], [55.9943, 25.8506], [55.9942, 25.8506], [55.9941, 25.8505], [55.994, 25.8504], [55.9939, 25.8503], [55.9939, 25.8502], [55.994, 25.8502], [55.9941, 25.8502], [55.9942, 25.8502], [55.9943, 25.8503], [55.9944, 25.8503], [55.9947, 25.8504], [55.9947, 25.8503], [55.9947, 25.8502], [55.9947, 25.8501], [55.9947, 25.85], [55.9946, 25.85], [55.9945, 25.85], [55.9944, 25.8499], [55.9942, 25.8497], [55.994, 25.8497], [55.994, 25.8494], [55.994, 25.8492], [55.9939, 25.849], [55.9939, 25.8489], [55.9938, 25.8489], [55.9938, 25.8488], [55.9937, 25.8487], [55.9936, 25.8486], [55.9935, 25.8485], [55.9934, 25.8484], [55.9933, 25.8484], [55.9933, 25.8483], [55.9932, 25.8482], [55.9931, 25.8481], [55.993, 25.848], [55.9929, 25.848], [55.9929, 25.8479], [55.9929, 25.8478], [55.9928, 25.8478], [55.9928, 25.8477], [55.9926, 25.8476], [55.9925, 25.8476], [55.9925, 25.8475], [55.9924, 25.8474], [55.9924, 25.847], [55.9924, 25.8469], [55.9923, 25.8469], [55.9923, 25.8468], [55.9921, 25.8468], [55.9921, 25.8469], [55.9921, 25.847], [55.9921, 25.8471], [55.9921, 25.8472], [55.9921, 25.8473], [55.992, 25.8473], [55.9919, 25.8473], [55.9917, 25.8473], [55.9916, 25.8472], [55.9915, 25.8471], [55.9914, 25.847], [55.9914, 25.8469], [55.9913, 25.8469], [55.9912, 25.8468], [55.991, 25.8467], [55.9909, 25.8467], [55.9908, 25.8466], [55.9907, 25.8465], [55.9905, 25.8464], [55.9905, 25.8463], [55.9903, 25.8461], [55.9902, 25.8459], [55.9901, 25.8459], [55.9896, 25.8454], [55.9895, 25.8453], [55.9894, 25.8451], [55.9893, 25.845], [55.9892, 25.8449], [55.9892, 25.8448], [55.9892, 25.8447], [55.9893, 25.8446], [55.9893, 25.8444], [55.9893, 25.8443], [55.9893, 25.8442], [55.9892, 25.8442], [55.9891, 25.8442], [55.989, 25.8441], [55.9889, 25.844], [55.9888, 25.8439], [55.9887, 25.8438], [55.9886, 25.8436], [55.9886, 25.8435], [55.9885, 25.8433], [55.9884, 25.8433], [55.9884, 25.8432], [55.9883, 25.8432], [55.9882, 25.8431], [55.9878, 25.8431], [55.9876, 25.843], [55.9874, 25.843], [55.9873, 25.843], [55.9872, 25.8429], [55.9871, 25.8428], [55.9871, 25.8427], [55.987, 25.8427], [55.987, 25.8426], [55.987, 25.8425], [55.987, 25.8423], [55.9869, 25.8422], [55.9869, 25.8418], [55.9869, 25.8416], [55.9868, 25.8416], [55.9868, 25.8415], [55.9867, 25.8415], [55.9866, 25.8414], [55.9866, 25.8413], [55.9865, 25.8412], [55.9864, 25.8412], [55.9864, 25.8411], [55.9863, 25.841], [55.9863, 25.8408], [55.9862, 25.8408], [55.9862, 25.8407], [55.9861, 25.8406], [55.9861, 25.8405], [55.9858, 25.8402], [55.9857, 25.84], [55.9857, 25.8399], [55.9856, 25.8398], [55.9856, 25.8397], [55.9856, 25.8396], [55.9854, 25.8396], [55.9853, 25.8395], [55.9853, 25.8393], [55.9852, 25.8391], [55.9853, 25.839], [55.9854, 25.8389], [55.9855, 25.8389], [55.9855, 25.8388], [55.9855, 25.8387], [55.9853, 25.8386], [55.9852, 25.8385], [55.9852, 25.8384], [55.9851, 25.8384], [55.985, 25.8383], [55.985, 25.8382], [55.9849, 25.8379], [55.9848, 25.8379], [55.9847, 25.8379], [55.9847, 25.8378], [55.9846, 25.8376], [55.9845, 25.8374], [55.9845, 25.8373], [55.9844, 25.8371], [55.9843, 25.837], [55.9842, 25.8369], [55.9842, 25.8368], [55.9841, 25.8368], [55.9841, 25.8367], [55.984, 25.8365], [55.9838, 25.8364], [55.9837, 25.8364], [55.9834, 25.8364], [55.9832, 25.8362], [55.983, 25.8361], [55.983, 25.836], [55.9829, 25.836], [55.9828, 25.836], [55.9825, 25.8359], [55.9824, 25.8359], [55.9824, 25.8358], [55.9823, 25.8358], [55.982, 25.8356], [55.9819, 25.8355], [55.9818, 25.8354], [55.9817, 25.8353], [55.9816, 25.8352], [55.9814, 25.8349], [55.9813, 25.8347], [55.9812, 25.8346], [55.981, 25.8344], [55.9808, 25.8343], [55.9808, 25.8341], [55.9808, 25.834], [55.9807, 25.8335], [55.9807, 25.8334], [55.9805, 25.8334], [55.9804, 25.8334], [55.9802, 25.8333], [55.9799, 25.8332], [55.9795, 25.8329], [55.9792, 25.8328], [55.9787, 25.8325], [55.9785, 25.8324], [55.9783, 25.8321], [55.9782, 25.8318], [55.978, 25.8315], [55.9778, 25.8314], [55.9777, 25.8311], [55.9777, 25.831], [55.9777, 25.8309], [55.9777, 25.8308], [55.9776, 25.8307], [55.9775, 25.8307], [55.9774, 25.8307], [55.9772, 25.8303], [55.9772, 25.8305], [55.9773, 25.8305], [55.9773, 25.8307], [55.9772, 25.8307], [55.9772, 25.8308], [55.9771, 25.831], [55.977, 25.831], [55.9769, 25.8311], [55.9767, 25.8311], [55.9764, 25.8312], [55.9761, 25.8311], [55.9762, 25.8312], [55.9764, 25.8313], [55.9766, 25.8313], [55.9768, 25.8312], [55.9772, 25.831], [55.9773, 25.8313], [55.9774, 25.8314], [55.9775, 25.8314], [55.9776, 25.8315], [55.9776, 25.8316], [55.9777, 25.8317], [55.9778, 25.8317], [55.9778, 25.8318], [55.9779, 25.8319], [55.9779, 25.832], [55.978, 25.8321], [55.978, 25.8322], [55.978, 25.8323], [55.9781, 25.8326], [55.9782, 25.8325], [55.9784, 25.8327], [55.9786, 25.8327], [55.9787, 25.8328], [55.9788, 25.8329], [55.9789, 25.833], [55.979, 25.8331], [55.9791, 25.8333], [55.9792, 25.8335], [55.9792, 25.8336], [55.9793, 25.8337], [55.9793, 25.8338], [55.9792, 25.8339], [55.979, 25.834], [55.979, 25.8341], [55.9789, 25.8341], [55.9789, 25.8342], [55.9793, 25.834], [55.9795, 25.8342], [55.9796, 25.8342], [55.9797, 25.8342], [55.9797, 25.8343], [55.9799, 25.8343], [55.9799, 25.8344], [55.9801, 25.8346], [55.9801, 25.8347], [55.9802, 25.8347], [55.9802, 25.8348], [55.9803, 25.8349], [55.9804, 25.835], [55.9804, 25.8351], [55.9804, 25.8353], [55.9804, 25.8354], [55.9803, 25.8354], [55.9802, 25.8355], [55.9801, 25.8355], [55.9801, 25.8356], [55.98, 25.8356], [55.9799, 25.8357], [55.9798, 25.8357], [55.9798, 25.8358], [55.9798, 25.8359], [55.9804, 25.8355], [55.9806, 25.8358], [55.9808, 25.8358], [55.981, 25.8359], [55.981, 25.836], [55.9811, 25.8361], [55.9812, 25.8361], [55.9812, 25.8362], [55.9814, 25.8365], [55.9813, 25.8369], [55.9813, 25.837], [55.9813, 25.8372], [55.9812, 25.8372], [55.9811, 25.8373], [55.981, 25.8373], [55.9809, 25.8374], [55.9809, 25.8375], [55.9809, 25.8376], [55.9812, 25.8376], [55.9813, 25.8374], [55.9815, 25.8374], [55.9817, 25.8374], [55.9818, 25.8374], [55.9818, 25.8375], [55.9819, 25.8376], [55.982, 25.8377], [55.9822, 25.8379], [55.9823, 25.8379], [55.9823, 25.838], [55.9824, 25.8382], [55.9824, 25.8385], [55.9824, 25.8386], [55.9823, 25.8386], [55.9822, 25.8387], [55.982, 25.8389], [55.982, 25.839], [55.9823, 25.839], [55.9823, 25.8389], [55.9824, 25.8389], [55.9825, 25.8388], [55.9825, 25.8387], [55.9826, 25.8387], [55.9827, 25.8386], [55.9828, 25.8386], [55.983, 25.8388], [55.9831, 25.839], [55.9833, 25.8391], [55.9834, 25.8393], [55.9835, 25.8393], [55.9835, 25.8394], [55.9836, 25.8396], [55.9836, 25.8397], [55.9835, 25.8398], [55.9835, 25.8399], [55.9835, 25.84], [55.9834, 25.84], [55.9833, 25.8401], [55.9832, 25.8402], [55.9831, 25.8403], [55.9831, 25.8404], [55.9832, 25.8404], [55.9835, 25.8404], [55.9837, 25.8403], [55.9837, 25.8402], [55.9838, 25.8402], [55.9838, 25.8403], [55.9841, 25.8404], [55.9842, 25.8405], [55.9842, 25.8406], [55.9843, 25.8407], [55.9844, 25.8408], [55.9846, 25.841], [55.9846, 25.8411], [55.9846, 25.8413], [55.9846, 25.8415], [55.9844, 25.8416], [55.9842, 25.8417], [55.9842, 25.8418], [55.9841, 25.8419], [55.984, 25.842], [55.9845, 25.842], [55.9846, 25.842], [55.9847, 25.8419], [55.9849, 25.8419], [55.985, 25.8419], [55.9851, 25.8419], [55.9852, 25.8419], [55.9852, 25.842], [55.9853, 25.8421], [55.9854, 25.8422], [55.9854, 25.8423], [55.9855, 25.8423], [55.9858, 25.8428], [55.9859, 25.8428], [55.9859, 25.8429], [55.9858, 25.843], [55.9857, 25.8431], [55.9856, 25.8431], [55.9855, 25.8431], [55.9853, 25.8433], [55.9853, 25.8435], [55.9854, 25.8436], [55.9856, 25.8435], [55.9857, 25.8435], [55.9858, 25.8434], [55.9859, 25.8434], [55.9861, 25.8434], [55.9862, 25.8435], [55.9863, 25.8435], [55.9864, 25.8436], [55.9865, 25.8439], [55.9865, 25.844], [55.9867, 25.8443], [55.9867, 25.8444], [55.9867, 25.8445], [55.9867, 25.8446], [55.9866, 25.8446], [55.9866, 25.8447], [55.9865, 25.8447], [55.9864, 25.8449], [55.9863, 25.845], [55.9863, 25.8451], [55.9864, 25.8451], [55.9865, 25.8451], [55.9866, 25.8451], [55.9869, 25.845], [55.9871, 25.845], [55.9872, 25.8451], [55.9873, 25.8451], [55.9874, 25.8453], [55.9875, 25.8454], [55.9876, 25.8455], [55.9878, 25.8457], [55.9879, 25.8458], [55.9879, 25.8459], [55.9879, 25.846], [55.9879, 25.8461], [55.9878, 25.8461], [55.9877, 25.8462], [55.9876, 25.8462], [55.9874, 25.8463], [55.9873, 25.8463], [55.9873, 25.8464], [55.9873, 25.8465], [55.9873, 25.8466], [55.9874, 25.8466], [55.9875, 25.8466], [55.9877, 25.8466], [55.9878, 25.8466], [55.9879, 25.8464], [55.988, 25.8464], [55.9882, 25.8464], [55.9883, 25.8464], [55.9884, 25.8465], [55.9886, 25.8467], [55.9887, 25.8469], [55.9888, 25.8469], [55.9888, 25.847], [55.9888, 25.8471], [55.9889, 25.8472], [55.989, 25.8473], [55.989, 25.8477], [55.9889, 25.8477], [55.9888, 25.8478], [55.9887, 25.8479], [55.9887, 25.8481], [55.989, 25.8481], [55.9892, 25.8479], [55.9893, 25.8479], [55.9894, 25.8479], [55.9895, 25.8479], [55.9897, 25.8481], [55.9899, 25.8482], [55.9899, 25.8483], [55.99, 25.8483], [55.99, 25.8484], [55.9901, 25.8484], [55.9901, 25.8485], [55.9902, 25.8485], [55.9902, 25.8486], [55.9903, 25.8487], [55.9903, 25.849], [55.9902, 25.849], [55.9901, 25.8491], [55.99, 25.8493], [55.9903, 25.8493], [55.9905, 25.8493], [55.9905, 25.8492], [55.9907, 25.8492], [55.9909, 25.8492], [55.991, 25.8492], [55.9911, 25.8494], [55.9912, 25.8494], [55.9913, 25.8495], [55.9913, 25.8496], [55.9914, 25.8498], [55.9915, 25.8499], [55.9916, 25.85], [55.9916, 25.8501], [55.9916, 25.8502], [55.9916, 25.8503], [55.9915, 25.8504], [55.9914, 25.8504], [55.9913, 25.8505], [55.9912, 25.8506], [55.9911, 25.8508], [55.9911, 25.8509], [55.9912, 25.8509], [55.9913, 25.8509], [55.9914, 25.8508], [55.9916, 25.8507], [55.9918, 25.8505], [55.9919, 25.8505], [55.992, 25.8504], [55.9921, 25.8505], [55.9921, 25.8506], [55.9923, 25.8508], [55.9925, 25.8511], [55.9926, 25.8513], [55.9927, 25.8514], [55.9927, 25.8515], [55.9927, 25.8516], [55.9927, 25.8517], [55.9927, 25.8519], [55.9926, 25.8519], [55.9925, 25.8519], [55.9924, 25.8519], [55.9924, 25.852], [55.9923, 25.8521], [55.9923, 25.8522], [55.9924, 25.8522], [55.9926, 25.8522], [55.9928, 25.8521], [55.993, 25.852], [55.9931, 25.852], [55.9932, 25.8521], [55.9934, 25.8523], [55.9935, 25.8523], [55.9935, 25.8524], [55.9936, 25.8525], [55.9937, 25.8527], [55.9939, 25.8529], [55.994, 25.853], [55.994, 25.8532], [55.9939, 25.8532], [55.9938, 25.8533], [55.9937, 25.8534], [55.9936, 25.8535], [55.9936, 25.8537], [55.9938, 25.8537], [55.994, 25.8536], [55.9942, 25.8535], [55.9942, 25.8534], [55.9944, 25.8534], [55.9945, 25.8535], [55.9945, 25.8536], [55.9946, 25.8538], [55.9948, 25.854], [55.9949, 25.854], [55.9949, 25.8541], [55.995, 25.8542], [55.9951, 25.8543], [55.9952, 25.8545], [55.9952, 25.8546], [55.9951, 25.8547], [55.995, 25.8547], [55.9949, 25.8548], [55.9948, 25.8548], [55.9948, 25.8549], [55.9948, 25.855], [55.995, 25.855], [55.9951, 25.855], [55.9953, 25.855], [55.9955, 25.855], [55.9955, 25.8551], [55.9957, 25.8551], [55.9959, 25.8551], [55.9959, 25.8552], [55.996, 25.8552], [55.9961, 25.8553], [55.9961, 25.8554], [55.9962, 25.8554], [55.9963, 25.8555], [55.9963, 25.8556], [55.9964, 25.8556], [55.9964, 25.8557], [55.9964, 25.8558], [55.9965, 25.8558], [55.9965, 25.856], [55.9964, 25.856], [55.9963, 25.856], [55.9962, 25.8561], [55.996, 25.8561], [55.996, 25.8562], [55.9959, 25.8562], [55.9959, 25.8564], [55.9964, 25.8564], [55.9965, 25.8564], [55.9967, 25.8564], [55.9968, 25.8564], [55.9969, 25.8565], [55.9971, 25.8567], [55.9971, 25.8569], [55.9971, 25.857], [55.9972, 25.857], [55.9972, 25.8571], [55.9973, 25.8573], [55.9973, 25.8574], [55.9972, 25.8574], [55.9971, 25.8575], [55.997, 25.8576], [55.9969, 25.8577], [55.9969, 25.8578], [55.997, 25.8578], [55.9974, 25.8578], [55.9976, 25.8579], [55.9977, 25.8581], [55.9978, 25.8581], [55.9979, 25.8582], [55.9979, 25.8583], [55.998, 25.8584], [55.998, 25.8585], [55.9981, 25.8587], [55.9981, 25.8588], [55.9982, 25.859], [55.9983, 25.8591], [55.9981, 25.8592], [55.998, 25.8592], [55.9979, 25.8593], [55.9979, 25.8594], [55.9979, 25.8595], [55.9983, 25.8595], [55.9989, 25.8605], [55.999, 25.8607], [55.9989, 25.8607], [55.9988, 25.8608], [55.9988, 25.8609], [55.9988, 25.861], [55.9989, 25.861], [55.999, 25.861], [55.9992, 25.861], [55.9996, 25.8617], [56.0, 25.8623], [55.9999, 25.8623], [55.9998, 25.8623], [55.9998, 25.8624], [55.9998, 25.8625], [55.9998, 25.8626], [56.0001, 25.8627], [56.0002, 25.8627], [56.0003, 25.8627], [56.0006, 25.8631], [56.001, 25.8639], [56.0008, 25.8639], [56.0007, 25.8639], [56.0005, 25.8639], [56.0005, 25.864], [56.0004, 25.864], [56.0004, 25.8641], [56.0005, 25.8641], [56.0006, 25.8641], [56.0009, 25.8641], [56.0011, 25.8641], [56.0014, 25.8648], [56.0018, 25.8655], [56.0017, 25.8655], [56.0016, 25.8655], [56.0015, 25.8656], [56.0014, 25.8656], [56.0014, 25.8657], [56.0014, 25.8658], [56.0015, 25.8658], [56.0017, 25.8658], [56.0018, 25.8658], [56.0019, 25.8658], [56.0024, 25.8667], [56.0026, 25.867], [56.0023, 25.867], [56.0023, 25.8671], [56.0022, 25.8672], [56.0023, 25.8673], [56.0024, 25.8674], [56.0025, 25.8674], [56.0026, 25.8673], [56.0027, 25.8673], [56.0033, 25.8682], [56.0043, 25.8709], [56.0052, 25.8733], [56.0061, 25.8761], [56.0076, 25.8806], [56.0082, 25.8831], [56.0074, 25.8833], [56.0065, 25.8838], [56.0059, 25.8848], [56.0054, 25.8855], [56.0052, 25.8863], [56.005, 25.8876], [56.0049, 25.8881], [56.0051, 25.8881], [56.0052, 25.8879], [56.0053, 25.8869], [56.0056, 25.8857], [56.0061, 25.8848], [56.0089, 25.8846], [56.0092, 25.8869], [56.0091, 25.887], [56.009, 25.8871], [56.0088, 25.8872], [56.0088, 25.8873], [56.0087, 25.8873], [56.0086, 25.8874], [56.0085, 25.8875], [56.0084, 25.8876], [56.0082, 25.8877], [56.0081, 25.8877], [56.008, 25.8878], [56.0079, 25.8879], [56.0078, 25.888], [56.0077, 25.888], [56.0075, 25.8881], [56.0074, 25.8881], [56.0074, 25.8882], [56.0072, 25.8883], [56.0072, 25.8884], [56.0071, 25.8884], [56.0071, 25.8885], [56.0063, 25.8891], [56.0064, 25.8892], [56.0072, 25.8886], [56.0073, 25.8887], [56.0074, 25.8886], [56.0074, 25.8885], [56.0075, 25.8885], [56.0077, 25.8883], [56.0078, 25.8882], [56.0079, 25.8882], [56.0081, 25.888], [56.0082, 25.888], [56.0082, 25.8879], [56.0083, 25.8879], [56.0084, 25.8878], [56.0086, 25.8878], [56.0087, 25.8877], [56.0088, 25.8876], [56.0089, 25.8876], [56.0098, 25.8876], [56.0108, 25.8874], [56.0123, 25.8874]]]]}, "properties": {"name": "Provider UAE analysis boundary", "source": "Carbon Mapper GADM0-142", "normalization": "Shapely unary_union; invalid zero-area components removed; area unchanged to 1e-10 degree squared.", "meaning": "Land/islands analysis polygon, not certified offshore or legal boundary."}}]}